나이,성별,연소득_만원,직업위험등급,결혼여부,자녀수,흡연여부,만성질환,가족력,우선보장목표,추가보장목표,월예산_만원,목업_적합상품
20,남성,3000,1,기혼,1,비흡연,없음,없음,가족 생활비,유병자 보장,6,예산·보장 재검토
20,남성,3000,1,미혼,0,비흡연,없음,심혈관,암·건강,없음,15,수호천사 암/건강보험
20,남성,3000,1,미혼,0,비흡연,없음,암,노후 자금,유병자 보장,10,수호천사 간편심사(유병자)보험
20,남성,3000,1,미혼,0,비흡연,없음,암,가족 생활비,유병자 보장,8,예산·보장 재검토
20,남성,3000,1,미혼,0,비흡연,없음,암,암·건강,없음,15,수호천사 암/건강보험
20,남성,3000,1,미혼,0,비흡연,없음,없음,노후 자금,없음,10,예산·보장 재검토
20,남성,3000,1,미혼,0,흡연,없음,심혈관,가족 생활비,없음,15,수호천사 우리가족 종신보험
20,남성,3000,1,미혼,0,흡연,없음,없음,노후 자금,없음,12,수호천사 행복 연금보험
20,남성,3000,2,미혼,0,비흡연,없음,없음,암·건강,가족 생활비,8,수호천사 암/건강보험
20,남성,3000,2,미혼,0,흡연,없음,심혈관,암·건강,없음,20,수호천사 암/건강보험
20,남성,3000,3,미혼,0,흡연,없음,심혈관,암·건강,노후 자금,10,수호천사 암/건강보험
20,남성,4000,1,기혼,1,비흡연,없음,없음,노후 자금,가족 생활비,10,예산·보장 재검토
20,남성,4000,1,미혼,0,비흡연,없음,암,유병자 보장,노후 자금,8,예산·보장 재검토
20,남성,4000,1,미혼,0,비흡연,없음,암,가족 생활비,없음,6,예산·보장 재검토
20,남성,4000,1,미혼,0,비흡연,없음,없음,유병자 보장,없음,12,수호천사 간편심사(유병자)보험
20,남성,4000,1,미혼,0,비흡연,없음,없음,암·건강,없음,8,수호천사 암/건강보험
20,남성,4000,1,미혼,0,비흡연,없음,없음,가족 생활비,없음,20,수호천사 우리가족 종신보험
20,남성,4000,1,미혼,0,비흡연,없음,없음,암·건강,없음,20,수호천사 암/건강보험
20,남성,4000,1,미혼,0,비흡연,없음,없음,노후 자금,없음,12,수호천사 행복 연금보험
20,남성,4000,2,미혼,0,비흡연,없음,심혈관,유병자 보장,없음,8,예산·보장 재검토
20,남성,4000,2,미혼,0,비흡연,없음,심혈관,가족 생활비,없음,12,예산·보장 재검토
20,남성,4000,2,미혼,0,비흡연,없음,없음,유병자 보장,없음,6,예산·보장 재검토
20,남성,4000,2,미혼,0,흡연,없음,심혈관,노후 자금,없음,15,수호천사 행복 연금보험
20,남성,5000,1,기혼,0,비흡연,없음,없음,노후 자금,유병자 보장,10,수호천사 간편심사(유병자)보험
20,남성,5000,1,미혼,0,비흡연,없음,심혈관,가족 생활비,없음,20,수호천사 우리가족 종신보험
20,남성,5000,1,미혼,0,흡연,고혈압,없음,유병자 보장,암·건강,8,수호천사 암/건강보험
20,남성,5000,1,미혼,0,흡연,없음,없음,유병자 보장,없음,8,예산·보장 재검토
20,남성,5000,2,미혼,0,비흡연,없음,심혈관,암·건강,유병자 보장,20,수호천사 암/건강보험
20,남성,5000,2,미혼,0,비흡연,없음,없음,암·건강,없음,10,수호천사 암/건강보험
20,남성,5000,2,미혼,0,비흡연,없음,없음,가족 생활비,없음,15,수호천사 우리가족 종신보험
20,남성,6000,1,기혼,0,비흡연,없음,심혈관,가족 생활비,유병자 보장,20,수호천사 우리가족 종신보험
20,남성,6000,1,기혼,0,비흡연,없음,암,노후 자금,가족 생활비,10,예산·보장 재검토
20,남성,6000,1,미혼,0,비흡연,없음,심혈관,암·건강,없음,10,수호천사 암/건강보험
20,남성,6000,1,미혼,0,비흡연,없음,심혈관,암·건강,없음,12,수호천사 암/건강보험
20,남성,6000,1,미혼,0,비흡연,없음,암,암·건강,유병자 보장,15,수호천사 암/건강보험
20,남성,6000,1,미혼,0,비흡연,없음,암,암·건강,유병자 보장,20,수호천사 암/건강보험
20,남성,6000,1,미혼,0,비흡연,없음,암,암·건강,가족 생활비,8,수호천사 암/건강보험
20,남성,6000,1,미혼,0,비흡연,없음,없음,유병자 보장,없음,15,수호천사 간편심사(유병자)보험
20,남성,6000,1,미혼,0,비흡연,없음,없음,암·건강,유병자 보장,8,수호천사 암/건강보험
20,남성,6000,1,미혼,0,비흡연,없음,없음,가족 생활비,없음,12,예산·보장 재검토
20,남성,6000,1,미혼,0,비흡연,없음,없음,유병자 보장,가족 생활비,15,수호천사 간편심사(유병자)보험
20,남성,6000,1,미혼,0,흡연,없음,없음,노후 자금,가족 생활비,15,수호천사 행복 연금보험
20,남성,6000,1,미혼,0,흡연,없음,없음,가족 생활비,없음,10,예산·보장 재검토
20,남성,6000,1,미혼,0,흡연,없음,없음,유병자 보장,없음,10,수호천사 간편심사(유병자)보험
20,남성,6000,2,미혼,0,비흡연,없음,암,가족 생활비,유병자 보장,8,예산·보장 재검토
20,남성,6000,2,미혼,0,흡연,고혈압,없음,가족 생활비,노후 자금,6,예산·보장 재검토
20,남성,6000,3,미혼,0,비흡연,없음,암,암·건강,없음,10,수호천사 암/건강보험
20,남성,7500,1,기혼,0,비흡연,없음,없음,유병자 보장,없음,20,수호천사 간편심사(유병자)보험
20,남성,7500,1,미혼,0,비흡연,당뇨,없음,유병자 보장,없음,10,수호천사 간편심사(유병자)보험
20,남성,7500,1,미혼,0,비흡연,없음,없음,암·건강,가족 생활비,8,수호천사 암/건강보험
20,남성,7500,1,미혼,0,비흡연,없음,없음,암·건강,유병자 보장,15,수호천사 암/건강보험
20,남성,7500,1,미혼,0,비흡연,없음,없음,암·건강,가족 생활비,8,수호천사 암/건강보험
20,남성,7500,1,미혼,0,비흡연,없음,없음,노후 자금,없음,8,예산·보장 재검토
20,남성,7500,1,미혼,0,흡연,고혈압,심혈관,유병자 보장,없음,20,수호천사 간편심사(유병자)보험
20,남성,7500,2,미혼,0,비흡연,없음,없음,가족 생활비,없음,6,예산·보장 재검토
20,남성,9000,1,기혼,0,비흡연,없음,없음,노후 자금,암·건강,10,수호천사 암/건강보험
20,남성,9000,1,미혼,0,비흡연,고혈압,심혈관,유병자 보장,암·건강,12,수호천사 간편심사(유병자)보험
20,남성,9000,1,미혼,0,비흡연,없음,없음,가족 생활비,유병자 보장,8,예산·보장 재검토
20,남성,9000,2,미혼,0,흡연,없음,없음,암·건강,유병자 보장,8,수호천사 암/건강보험
20,남성,12000,1,기혼,1,흡연,없음,암,암·건강,없음,8,수호천사 암/건강보험
20,남성,12000,1,미혼,0,비흡연,없음,없음,가족 생활비,없음,10,예산·보장 재검토
20,남성,12000,1,미혼,0,비흡연,없음,없음,유병자 보장,가족 생활비,20,수호천사 간편심사(유병자)보험
20,남성,12000,2,미혼,0,비흡연,없음,없음,가족 생활비,없음,10,예산·보장 재검토
20,여성,3000,1,미혼,0,비흡연,없음,심혈관,가족 생활비,암·건강,8,수호천사 암/건강보험
20,여성,3000,2,미혼,0,비흡연,고혈압,심혈관,유병자 보장,없음,8,예산·보장 재검토
20,여성,3000,3,미혼,0,비흡연,없음,없음,가족 생활비,유병자 보장,20,수호천사 우리가족 종신보험
20,여성,3000,3,미혼,0,흡연,없음,없음,가족 생활비,없음,6,예산·보장 재검토
20,여성,4000,1,기혼,0,비흡연,없음,암,암·건강,없음,15,수호천사 암/건강보험
20,여성,4000,1,미혼,0,비흡연,당뇨,심혈관,암·건강,노후 자금,8,수호천사 암/건강보험
20,여성,4000,1,미혼,0,비흡연,없음,심혈관,암·건강,없음,20,수호천사 암/건강보험
20,여성,4000,1,미혼,0,비흡연,없음,심혈관,암·건강,없음,8,수호천사 암/건강보험
20,여성,4000,1,미혼,0,비흡연,없음,암,암·건강,없음,6,예산·보장 재검토
20,여성,4000,1,미혼,0,비흡연,없음,없음,노후 자금,없음,10,예산·보장 재검토
20,여성,4000,1,미혼,0,비흡연,없음,없음,암·건강,노후 자금,8,수호천사 암/건강보험
20,여성,4000,1,미혼,0,비흡연,없음,없음,암·건강,없음,12,수호천사 암/건강보험
20,여성,4000,1,미혼,0,흡연,고혈압,없음,유병자 보장,없음,10,수호천사 간편심사(유병자)보험
20,여성,4000,1,미혼,0,흡연,없음,없음,유병자 보장,가족 생활비,12,수호천사 간편심사(유병자)보험
20,여성,4000,2,기혼,0,비흡연,없음,암,유병자 보장,없음,6,예산·보장 재검토
20,여성,4000,2,미혼,0,비흡연,없음,없음,가족 생활비,없음,12,예산·보장 재검토
20,여성,5000,1,미혼,0,비흡연,없음,암,가족 생활비,없음,8,예산·보장 재검토
20,여성,5000,1,미혼,0,비흡연,없음,암,유병자 보장,없음,20,수호천사 간편심사(유병자)보험
20,여성,5000,1,미혼,0,비흡연,없음,없음,유병자 보장,없음,12,수호천사 간편심사(유병자)보험
20,여성,5000,1,미혼,0,비흡연,없음,없음,노후 자금,없음,10,예산·보장 재검토
20,여성,5000,1,미혼,0,비흡연,없음,없음,암·건강,없음,15,수호천사 암/건강보험
20,여성,5000,1,미혼,0,흡연,당뇨,심혈관,암·건강,가족 생활비,10,수호천사 암/건강보험
20,여성,5000,1,미혼,0,흡연,없음,없음,암·건강,노후 자금,10,수호천사 암/건강보험
20,여성,5000,2,기혼,0,비흡연,없음,없음,가족 생활비,없음,8,예산·보장 재검토
20,여성,5000,2,미혼,0,비흡연,없음,없음,유병자 보장,없음,12,수호천사 간편심사(유병자)보험
20,여성,5000,2,미혼,0,비흡연,없음,없음,암·건강,가족 생활비,8,수호천사 암/건강보험
20,여성,5000,3,미혼,0,비흡연,당뇨,암,유병자 보장,가족 생활비,6,예산·보장 재검토
20,여성,5000,3,미혼,0,비흡연,없음,없음,암·건강,없음,15,수호천사 암/건강보험
20,여성,5000,3,미혼,0,흡연,없음,없음,가족 생활비,유병자 보장,6,예산·보장 재검토
20,여성,6000,1,미혼,0,비흡연,고혈압,암,유병자 보장,없음,12,수호천사 간편심사(유병자)보험
20,여성,6000,1,미혼,0,비흡연,없음,없음,유병자 보장,없음,6,예산·보장 재검토
20,여성,6000,1,미혼,0,비흡연,없음,없음,유병자 보장,없음,10,수호천사 간편심사(유병자)보험
20,여성,6000,2,미혼,0,비흡연,당뇨,없음,유병자 보장,암·건강,15,수호천사 간편심사(유병자)보험
20,여성,6000,3,미혼,0,비흡연,없음,암,암·건강,없음,6,예산·보장 재검토
20,여성,7500,1,미혼,0,비흡연,없음,없음,암·건강,없음,15,수호천사 암/건강보험
20,여성,7500,1,미혼,0,흡연,없음,없음,암·건강,노후 자금,12,수호천사 암/건강보험
20,여성,7500,2,기혼,0,비흡연,없음,없음,노후 자금,없음,20,수호천사 행복 연금보험
20,여성,9000,1,미혼,0,흡연,없음,암,노후 자금,없음,8,수호천사 암/건강보험
20,여성,9000,1,미혼,0,흡연,없음,없음,가족 생활비,암·건강,15,수호천사 우리가족 종신보험
20,여성,9000,1,미혼,0,흡연,없음,없음,유병자 보장,없음,10,수호천사 간편심사(유병자)보험
20,여성,12000,1,기혼,1,흡연,없음,암,노후 자금,없음,10,수호천사 암/건강보험
20,여성,12000,3,미혼,0,비흡연,없음,없음,노후 자금,유병자 보장,10,수호천사 간편심사(유병자)보험
20,여성,12000,3,미혼,0,흡연,없음,없음,가족 생활비,없음,10,예산·보장 재검토
21,남성,3000,1,기혼,0,비흡연,없음,없음,유병자 보장,노후 자금,10,수호천사 간편심사(유병자)보험
21,남성,3000,1,미혼,0,비흡연,없음,심혈관,암·건강,없음,6,예산·보장 재검토
21,남성,3000,1,미혼,0,비흡연,없음,없음,암·건강,노후 자금,8,수호천사 암/건강보험
21,남성,3000,1,미혼,0,흡연,없음,심혈관,노후 자금,유병자 보장,10,수호천사 암/건강보험
21,남성,3000,1,미혼,0,흡연,없음,없음,유병자 보장,없음,10,수호천사 간편심사(유병자)보험
21,남성,4000,1,기혼,0,비흡연,없음,암,암·건강,없음,6,예산·보장 재검토
21,남성,4000,1,기혼,0,비흡연,없음,없음,유병자 보장,없음,8,예산·보장 재검토
21,남성,4000,1,기혼,0,흡연,없음,없음,가족 생활비,암·건강,8,수호천사 암/건강보험
21,남성,4000,1,기혼,0,흡연,없음,없음,암·건강,노후 자금,12,수호천사 암/건강보험
21,남성,4000,1,미혼,0,비흡연,없음,심혈관,노후 자금,없음,20,수호천사 행복 연금보험
21,남성,4000,1,미혼,0,비흡연,없음,암,가족 생활비,없음,10,예산·보장 재검토
21,남성,4000,1,미혼,0,비흡연,없음,없음,가족 생활비,없음,12,예산·보장 재검토
21,남성,4000,1,미혼,0,비흡연,없음,없음,유병자 보장,암·건강,6,예산·보장 재검토
21,남성,4000,1,미혼,0,비흡연,없음,없음,가족 생활비,없음,20,수호천사 우리가족 종신보험
21,남성,4000,1,미혼,0,비흡연,없음,없음,가족 생활비,암·건강,8,수호천사 암/건강보험
21,남성,4000,1,미혼,0,비흡연,없음,없음,가족 생활비,없음,8,예산·보장 재검토
21,남성,4000,1,미혼,0,흡연,고혈압,없음,암·건강,없음,8,수호천사 암/건강보험
21,남성,4000,1,미혼,0,흡연,없음,심혈관,암·건강,없음,6,예산·보장 재검토
21,남성,4000,1,미혼,0,흡연,없음,암,암·건강,노후 자금,15,수호천사 암/건강보험
21,남성,4000,1,미혼,0,흡연,없음,없음,유병자 보장,없음,8,예산·보장 재검토
21,남성,4000,2,미혼,0,비흡연,없음,없음,유병자 보장,노후 자금,8,예산·보장 재검토
21,남성,4000,2,미혼,0,흡연,없음,없음,암·건강,가족 생활비,6,예산·보장 재검토
21,남성,4000,3,미혼,0,비흡연,고혈압,심혈관,암·건강,가족 생활비,20,수호천사 암/건강보험
21,남성,4000,3,미혼,0,흡연,없음,없음,가족 생활비,암·건강,15,수호천사 우리가족 종신보험
21,남성,4000,3,미혼,0,흡연,없음,없음,암·건강,없음,20,수호천사 암/건강보험
21,남성,5000,1,미혼,0,비흡연,없음,심혈관,노후 자금,없음,15,수호천사 행복 연금보험
21,남성,5000,1,미혼,0,비흡연,없음,심혈관,유병자 보장,노후 자금,20,수호천사 간편심사(유병자)보험
21,남성,5000,1,미혼,0,비흡연,없음,없음,유병자 보장,없음,10,수호천사 간편심사(유병자)보험
21,남성,5000,1,미혼,0,비흡연,없음,없음,가족 생활비,노후 자금,6,예산·보장 재검토
21,남성,5000,1,미혼,0,비흡연,없음,없음,암·건강,없음,8,수호천사 암/건강보험
21,남성,5000,1,미혼,0,흡연,없음,암,노후 자금,없음,8,수호천사 암/건강보험
21,남성,5000,1,미혼,0,흡연,없음,없음,유병자 보장,없음,12,수호천사 간편심사(유병자)보험
21,남성,5000,1,미혼,0,흡연,없음,없음,노후 자금,암·건강,6,예산·보장 재검토
21,남성,5000,2,미혼,0,비흡연,없음,암,암·건강,노후 자금,6,예산·보장 재검토
21,남성,5000,2,미혼,0,비흡연,없음,없음,유병자 보장,가족 생활비,12,수호천사 간편심사(유병자)보험
21,남성,5000,2,미혼,0,비흡연,없음,없음,유병자 보장,없음,6,예산·보장 재검토
21,남성,5000,2,미혼,0,흡연,없음,없음,노후 자금,없음,6,예산·보장 재검토
21,남성,5000,3,미혼,0,흡연,없음,암,유병자 보장,노후 자금,6,예산·보장 재검토
21,남성,6000,1,미혼,0,비흡연,당뇨,없음,유병자 보장,노후 자금,12,수호천사 간편심사(유병자)보험
21,남성,6000,1,미혼,0,비흡연,없음,심혈관,암·건강,유병자 보장,6,예산·보장 재검토
21,남성,6000,1,미혼,0,비흡연,없음,암,암·건강,유병자 보장,6,예산·보장 재검토
21,남성,6000,1,미혼,0,비흡연,없음,없음,가족 생활비,없음,8,예산·보장 재검토
21,남성,6000,1,미혼,0,비흡연,없음,없음,유병자 보장,없음,15,수호천사 간편심사(유병자)보험
21,남성,6000,1,미혼,0,흡연,없음,없음,암·건강,가족 생활비,8,수호천사 암/건강보험
21,남성,6000,2,미혼,0,비흡연,없음,암,가족 생활비,암·건강,6,예산·보장 재검토
21,남성,6000,2,미혼,0,비흡연,없음,암,노후 자금,가족 생활비,15,수호천사 행복 연금보험
21,남성,6000,2,미혼,0,흡연,없음,없음,암·건강,없음,15,수호천사 암/건강보험
21,남성,6000,3,미혼,0,비흡연,없음,없음,가족 생활비,노후 자금,8,예산·보장 재검토
21,남성,7500,1,기혼,0,비흡연,없음,없음,암·건강,없음,8,수호천사 암/건강보험
21,남성,7500,1,기혼,0,비흡연,없음,없음,가족 생활비,없음,8,예산·보장 재검토
21,남성,7500,1,미혼,0,비흡연,없음,암,암·건강,없음,15,수호천사 암/건강보험
21,남성,7500,1,미혼,0,비흡연,없음,없음,가족 생활비,없음,8,예산·보장 재검토
21,남성,7500,1,미혼,0,흡연,없음,없음,가족 생활비,유병자 보장,20,수호천사 우리가족 종신보험
21,남성,7500,2,미혼,0,비흡연,고혈압,없음,가족 생활비,없음,15,수호천사 우리가족 종신보험
21,남성,7500,3,기혼,0,비흡연,없음,암,암·건강,없음,12,수호천사 암/건강보험
21,남성,7500,3,미혼,0,흡연,고혈압,없음,노후 자금,없음,6,예산·보장 재검토
21,남성,7500,3,미혼,0,흡연,없음,암,암·건강,없음,20,수호천사 암/건강보험
21,남성,9000,1,기혼,0,비흡연,없음,심혈관,암·건강,노후 자금,15,수호천사 암/건강보험
21,남성,9000,1,미혼,0,비흡연,고혈압,암,유병자 보장,없음,15,수호천사 간편심사(유병자)보험
21,남성,9000,1,미혼,0,비흡연,없음,없음,유병자 보장,노후 자금,6,예산·보장 재검토
21,남성,9000,1,미혼,0,흡연,없음,없음,노후 자금,가족 생활비,15,수호천사 행복 연금보험
21,남성,12000,1,미혼,0,비흡연,고혈압,없음,가족 생활비,없음,15,수호천사 우리가족 종신보험
21,여성,3000,1,미혼,0,비흡연,없음,없음,유병자 보장,암·건강,20,수호천사 간편심사(유병자)보험
21,여성,3000,1,미혼,0,비흡연,없음,없음,노후 자금,가족 생활비,10,예산·보장 재검토
21,여성,3000,1,미혼,0,비흡연,없음,없음,유병자 보장,없음,10,수호천사 간편심사(유병자)보험
21,여성,3000,1,미혼,0,비흡연,없음,없음,가족 생활비,암·건강,8,수호천사 암/건강보험
21,여성,3000,1,미혼,0,비흡연,없음,없음,유병자 보장,노후 자금,12,수호천사 간편심사(유병자)보험
21,여성,3000,1,미혼,0,흡연,없음,없음,노후 자금,유병자 보장,20,수호천사 행복 연금보험
21,여성,3000,2,미혼,0,비흡연,없음,암,암·건강,없음,10,수호천사 암/건강보험
21,여성,3000,2,미혼,0,비흡연,없음,암,암·건강,없음,8,수호천사 암/건강보험
21,여성,3000,3,미혼,0,비흡연,없음,없음,유병자 보장,없음,6,예산·보장 재검토
21,여성,3000,3,미혼,0,흡연,없음,없음,노후 자금,없음,10,예산·보장 재검토
21,여성,4000,1,기혼,0,비흡연,없음,없음,노후 자금,유병자 보장,15,수호천사 행복 연금보험
21,여성,4000,1,미혼,0,비흡연,없음,암,가족 생활비,암·건강,6,예산·보장 재검토
21,여성,4000,1,미혼,0,비흡연,없음,없음,노후 자금,유병자 보장,8,예산·보장 재검토
21,여성,4000,1,미혼,0,비흡연,없음,없음,노후 자금,없음,20,수호천사 행복 연금보험
21,여성,4000,1,미혼,0,비흡연,없음,없음,가족 생활비,암·건강,10,수호천사 암/건강보험
21,여성,4000,1,미혼,0,비흡연,없음,없음,유병자 보장,가족 생활비,6,예산·보장 재검토
21,여성,4000,1,미혼,0,흡연,없음,없음,노후 자금,없음,8,예산·보장 재검토
21,여성,4000,2,미혼,0,비흡연,없음,없음,가족 생활비,유병자 보장,8,예산·보장 재검토
21,여성,5000,1,기혼,0,비흡연,없음,암,암·건강,가족 생활비,6,예산·보장 재검토
21,여성,5000,1,기혼,1,비흡연,없음,암,암·건강,유병자 보장,12,수호천사 암/건강보험
21,여성,5000,1,미혼,0,비흡연,없음,심혈관,가족 생활비,없음,10,예산·보장 재검토
21,여성,5000,1,미혼,0,비흡연,없음,암,암·건강,없음,12,수호천사 암/건강보험
21,여성,5000,1,미혼,0,비흡연,없음,암,노후 자금,없음,12,수호천사 행복 연금보험
21,여성,5000,1,미혼,0,비흡연,없음,암,암·건강,없음,6,예산·보장 재검토
21,여성,5000,1,미혼,0,비흡연,없음,없음,암·건강,없음,6,예산·보장 재검토
21,여성,5000,1,미혼,0,비흡연,없음,없음,노후 자금,없음,6,예산·보장 재검토
21,여성,5000,1,미혼,0,비흡연,없음,없음,암·건강,가족 생활비,6,예산·보장 재검토
21,여성,5000,1,미혼,0,흡연,없음,암,암·건강,없음,12,수호천사 암/건강보험
21,여성,5000,1,미혼,0,흡연,없음,암,유병자 보장,없음,6,예산·보장 재검토
21,여성,5000,1,미혼,0,흡연,없음,없음,노후 자금,암·건강,12,수호천사 행복 연금보험
21,여성,5000,1,미혼,0,흡연,없음,없음,암·건강,유병자 보장,6,예산·보장 재검토
21,여성,6000,1,미혼,0,비흡연,없음,심혈관,암·건강,유병자 보장,6,예산·보장 재검토
21,여성,6000,1,미혼,0,비흡연,없음,암,가족 생활비,없음,6,예산·보장 재검토
21,여성,6000,1,미혼,0,비흡연,없음,없음,노후 자금,없음,10,예산·보장 재검토
21,여성,6000,1,미혼,0,흡연,없음,암,유병자 보장,없음,12,수호천사 간편심사(유병자)보험
21,여성,6000,2,미혼,0,비흡연,없음,없음,암·건강,가족 생활비,15,수호천사 암/건강보험
21,여성,7500,1,기혼,0,비흡연,없음,없음,암·건강,없음,6,예산·보장 재검토
21,여성,7500,1,기혼,0,비흡연,없음,없음,암·건강,없음,12,수호천사 암/건강보험
21,여성,7500,1,미혼,0,비흡연,없음,암,암·건강,유병자 보장,15,수호천사 암/건강보험
21,여성,7500,1,미혼,0,비흡연,없음,암,가족 생활비,암·건강,8,수호천사 암/건강보험
21,여성,9000,1,미혼,0,비흡연,없음,없음,암·건강,없음,6,예산·보장 재검토
21,여성,9000,1,미혼,0,흡연,없음,없음,가족 생활비,없음,6,예산·보장 재검토
21,여성,9000,2,미혼,0,비흡연,없음,암,가족 생활비,없음,6,예산·보장 재검토
21,여성,9000,2,미혼,0,비흡연,없음,없음,가족 생활비,없음,20,수호천사 우리가족 종신보험
21,여성,9000,2,미혼,0,흡연,없음,없음,암·건강,없음,10,수호천사 암/건강보험
21,여성,12000,1,기혼,1,흡연,고혈압,암,가족 생활비,노후 자금,12,수호천사 암/건강보험
21,여성,12000,3,미혼,0,흡연,없음,암,가족 생활비,없음,15,수호천사 우리가족 종신보험
22,남성,3000,1,미혼,0,비흡연,당뇨,없음,가족 생활비,없음,8,예산·보장 재검토
22,남성,3000,1,미혼,0,비흡연,없음,심혈관,암·건강,노후 자금,10,수호천사 암/건강보험
22,남성,3000,1,미혼,0,비흡연,없음,암,암·건강,노후 자금,6,예산·보장 재검토
22,남성,3000,1,미혼,0,비흡연,없음,암,노후 자금,가족 생활비,10,예산·보장 재검토
22,남성,3000,1,미혼,0,흡연,없음,심혈관,암·건강,없음,6,예산·보장 재검토
22,남성,3000,1,미혼,0,흡연,없음,암,암·건강,없음,8,수호천사 암/건강보험
22,남성,3000,1,미혼,0,흡연,없음,없음,유병자 보장,없음,8,예산·보장 재검토
22,남성,3000,2,미혼,0,비흡연,당뇨,없음,유병자 보장,없음,12,수호천사 간편심사(유병자)보험
22,남성,3000,2,미혼,0,비흡연,없음,암,노후 자금,없음,12,수호천사 행복 연금보험
22,남성,3000,2,미혼,0,흡연,없음,없음,유병자 보장,없음,12,수호천사 간편심사(유병자)보험
22,남성,3000,3,미혼,0,비흡연,없음,없음,노후 자금,없음,6,예산·보장 재검토
22,남성,4000,1,기혼,0,비흡연,고혈압,없음,암·건강,유병자 보장,20,수호천사 암/건강보험
22,남성,4000,1,기혼,0,비흡연,없음,심혈관,유병자 보장,없음,6,예산·보장 재검토
22,남성,4000,1,기혼,0,비흡연,없음,심혈관,유병자 보장,없음,15,수호천사 간편심사(유병자)보험
22,남성,4000,1,기혼,0,비흡연,없음,암,암·건강,없음,12,수호천사 암/건강보험
22,남성,4000,1,기혼,0,비흡연,없음,없음,암·건강,가족 생활비,10,수호천사 암/건강보험
22,남성,4000,1,기혼,0,비흡연,없음,없음,유병자 보장,없음,8,예산·보장 재검토
22,남성,4000,1,기혼,0,비흡연,없음,없음,노후 자금,가족 생활비,12,수호천사 행복 연금보험
22,남성,4000,1,미혼,0,비흡연,고혈압,없음,유병자 보장,없음,12,수호천사 간편심사(유병자)보험
22,남성,4000,1,미혼,0,비흡연,없음,심혈관,노후 자금,가족 생활비,6,예산·보장 재검토
22,남성,4000,1,미혼,0,비흡연,없음,심혈관,가족 생활비,암·건강,15,수호천사 우리가족 종신보험
22,남성,4000,1,미혼,0,비흡연,없음,심혈관,암·건강,없음,6,예산·보장 재검토
22,남성,4000,1,미혼,0,비흡연,없음,심혈관,가족 생활비,없음,10,예산·보장 재검토
22,남성,4000,1,미혼,0,비흡연,없음,암,암·건강,가족 생활비,10,수호천사 암/건강보험
22,남성,4000,1,미혼,0,비흡연,없음,없음,암·건강,가족 생활비,15,수호천사 암/건강보험
22,남성,4000,1,미혼,0,비흡연,없음,없음,노후 자금,없음,10,예산·보장 재검토
22,남성,4000,1,미혼,0,흡연,없음,심혈관,가족 생활비,없음,8,수호천사 암/건강보험
22,남성,4000,1,미혼,0,흡연,없음,심혈관,암·건강,없음,10,수호천사 암/건강보험
22,남성,4000,1,미혼,0,흡연,없음,암,유병자 보장,없음,8,수호천사 암/건강보험
22,남성,4000,2,기혼,0,흡연,없음,암,유병자 보장,없음,10,수호천사 간편심사(유병자)보험
22,남성,4000,2,미혼,0,비흡연,없음,암,노후 자금,없음,10,예산·보장 재검토
22,남성,4000,2,미혼,0,비흡연,없음,없음,가족 생활비,암·건강,15,수호천사 우리가족 종신보험
22,남성,4000,3,미혼,0,비흡연,없음,없음,유병자 보장,암·건강,8,수호천사 암/건강보험
22,남성,4000,3,미혼,0,흡연,없음,없음,유병자 보장,없음,6,예산·보장 재검토
22,남성,5000,1,기혼,0,흡연,없음,없음,유병자 보장,없음,10,수호천사 간편심사(유병자)보험
22,남성,5000,1,기혼,0,흡연,없음,없음,가족 생활비,없음,6,예산·보장 재검토
22,남성,5000,1,기혼,1,비흡연,없음,암,가족 생활비,암·건강,8,수호천사 암/건강보험
22,남성,5000,1,미혼,0,비흡연,없음,심혈관,암·건강,없음,8,수호천사 암/건강보험
22,남성,5000,1,미혼,0,비흡연,없음,암,암·건강,없음,10,수호천사 암/건강보험
22,남성,5000,1,미혼,0,비흡연,없음,암,암·건강,유병자 보장,8,수호천사 암/건강보험
22,남성,5000,1,미혼,0,비흡연,없음,없음,가족 생활비,노후 자금,10,예산·보장 재검토
22,남성,5000,1,미혼,0,비흡연,없음,없음,노후 자금,없음,15,수호천사 행복 연금보험
22,남성,5000,1,미혼,0,비흡연,없음,없음,암·건강,유병자 보장,10,수호천사 암/건강보험
22,남성,5000,1,미혼,0,비흡연,없음,없음,암·건강,유병자 보장,8,수호천사 암/건강보험
22,남성,5000,2,미혼,0,비흡연,고혈압,심혈관,유병자 보장,가족 생활비,6,예산·보장 재검토
22,남성,5000,2,미혼,0,비흡연,없음,심혈관,암·건강,가족 생활비,6,예산·보장 재검토
22,남성,5000,2,미혼,0,비흡연,없음,없음,노후 자금,없음,10,예산·보장 재검토
22,남성,6000,1,기혼,0,비흡연,없음,암,암·건강,없음,12,수호천사 암/건강보험
22,남성,6000,1,미혼,0,비흡연,없음,없음,암·건강,유병자 보장,6,예산·보장 재검토
22,남성,6000,1,미혼,0,흡연,없음,없음,노후 자금,가족 생활비,8,예산·보장 재검토
22,남성,6000,2,미혼,0,비흡연,없음,없음,암·건강,없음,8,수호천사 암/건강보험
22,남성,7500,1,기혼,0,비흡연,없음,암,암·건강,가족 생활비,8,수호천사 암/건강보험
22,남성,7500,1,미혼,0,비흡연,없음,암,암·건강,가족 생활비,20,수호천사 암/건강보험
22,남성,7500,1,미혼,0,비흡연,없음,없음,암·건강,없음,8,수호천사 암/건강보험
22,남성,7500,1,미혼,0,흡연,없음,암,암·건강,없음,6,예산·보장 재검토
22,남성,7500,2,미혼,0,비흡연,고혈압,암,암·건강,없음,10,수호천사 암/건강보험
22,남성,7500,3,기혼,0,비흡연,없음,심혈관,암·건강,유병자 보장,6,예산·보장 재검토
22,남성,9000,1,미혼,0,비흡연,없음,암,암·건강,없음,6,예산·보장 재검토
22,남성,9000,1,미혼,0,비흡연,없음,없음,가족 생활비,없음,10,예산·보장 재검토
22,남성,9000,1,미혼,0,비흡연,없음,없음,가족 생활비,유병자 보장,8,예산·보장 재검토
22,남성,9000,1,미혼,0,비흡연,없음,없음,유병자 보장,암·건강,6,예산·보장 재검토
22,남성,12000,1,미혼,0,비흡연,없음,없음,유병자 보장,없음,12,수호천사 간편심사(유병자)보험
22,여성,3000,1,기혼,1,비흡연,없음,없음,가족 생활비,없음,10,예산·보장 재검토
22,여성,3000,1,미혼,0,비흡연,없음,없음,노후 자금,없음,6,예산·보장 재검토
22,여성,3000,1,미혼,0,비흡연,없음,없음,노후 자금,없음,15,수호천사 행복 연금보험
22,여성,3000,1,미혼,0,비흡연,없음,없음,암·건강,노후 자금,8,수호천사 암/건강보험
22,여성,3000,1,미혼,0,비흡연,없음,없음,암·건강,가족 생활비,20,수호천사 암/건강보험
22,여성,3000,1,미혼,0,비흡연,없음,없음,암·건강,없음,20,수호천사 암/건강보험
22,여성,3000,1,미혼,0,흡연,없음,없음,암·건강,없음,8,수호천사 암/건강보험
22,여성,3000,1,미혼,0,흡연,없음,없음,가족 생활비,유병자 보장,8,예산·보장 재검토
22,여성,3000,2,기혼,0,비흡연,없음,심혈관,암·건강,없음,15,수호천사 암/건강보험
22,여성,3000,2,기혼,1,흡연,고혈압,암,암·건강,없음,8,수호천사 암/건강보험
22,여성,3000,2,미혼,0,비흡연,고혈압,심혈관,유병자 보장,없음,6,예산·보장 재검토
22,여성,3000,2,미혼,0,흡연,없음,없음,가족 생활비,암·건강,10,수호천사 암/건강보험
22,여성,3000,3,미혼,0,비흡연,없음,없음,암·건강,없음,10,수호천사 암/건강보험
22,여성,4000,1,기혼,1,비흡연,없음,없음,가족 생활비,없음,15,수호천사 우리가족 종신보험
22,여성,4000,1,미혼,0,비흡연,없음,심혈관,암·건강,없음,12,수호천사 암/건강보험
22,여성,4000,1,미혼,0,비흡연,없음,암,노후 자금,없음,15,수호천사 행복 연금보험
22,여성,4000,1,미혼,0,비흡연,없음,없음,암·건강,없음,12,수호천사 암/건강보험
22,여성,4000,1,미혼,0,비흡연,없음,없음,노후 자금,없음,10,예산·보장 재검토
22,여성,4000,1,미혼,0,흡연,당뇨,없음,노후 자금,없음,10,수호천사 간편심사(유병자)보험
22,여성,4000,2,기혼,1,비흡연,없음,없음,노후 자금,없음,20,수호천사 행복 연금보험
22,여성,4000,2,미혼,0,비흡연,없음,없음,노후 자금,암·건강,20,수호천사 행복 연금보험
22,여성,4000,2,미혼,0,흡연,없음,없음,노후 자금,없음,15,수호천사 행복 연금보험
22,여성,4000,3,미혼,0,비흡연,없음,암,유병자 보장,노후 자금,12,수호천사 간편심사(유병자)보험
22,여성,5000,1,기혼,0,비흡연,없음,암,가족 생활비,노후 자금,10,예산·보장 재검토
22,여성,5000,1,미혼,0,비흡연,없음,암,암·건강,없음,8,수호천사 암/건강보험
22,여성,5000,1,미혼,0,비흡연,없음,없음,가족 생활비,없음,15,수호천사 우리가족 종신보험
22,여성,5000,1,미혼,0,흡연,없음,심혈관,유병자 보장,없음,6,예산·보장 재검토
22,여성,5000,1,미혼,0,흡연,없음,없음,노후 자금,없음,8,예산·보장 재검토
22,여성,5000,2,기혼,0,비흡연,없음,없음,유병자 보장,없음,10,수호천사 간편심사(유병자)보험
22,여성,5000,2,미혼,0,비흡연,없음,없음,유병자 보장,노후 자금,10,수호천사 간편심사(유병자)보험
22,여성,6000,1,미혼,0,비흡연,없음,암,유병자 보장,가족 생활비,12,수호천사 간편심사(유병자)보험
22,여성,6000,1,미혼,0,비흡연,없음,암,암·건강,노후 자금,6,예산·보장 재검토
22,여성,6000,2,미혼,0,비흡연,없음,암,암·건강,없음,6,예산·보장 재검토
22,여성,6000,2,미혼,0,흡연,없음,암,암·건강,없음,8,수호천사 암/건강보험
22,여성,6000,3,미혼,0,비흡연,없음,심혈관,암·건강,없음,8,수호천사 암/건강보험
22,여성,7500,1,미혼,0,비흡연,없음,암,암·건강,노후 자금,6,예산·보장 재검토
22,여성,7500,1,미혼,0,비흡연,없음,없음,유병자 보장,노후 자금,15,수호천사 간편심사(유병자)보험
22,여성,7500,1,미혼,0,흡연,없음,암,암·건강,없음,8,수호천사 암/건강보험
22,여성,7500,2,미혼,0,비흡연,없음,암,암·건강,노후 자금,10,수호천사 암/건강보험
22,여성,7500,2,미혼,0,비흡연,없음,없음,유병자 보장,없음,10,수호천사 간편심사(유병자)보험
22,여성,7500,2,미혼,0,흡연,없음,없음,가족 생활비,노후 자금,12,수호천사 행복 연금보험
22,여성,9000,1,미혼,0,비흡연,없음,없음,유병자 보장,암·건강,20,수호천사 간편심사(유병자)보험
22,여성,9000,1,미혼,0,흡연,없음,없음,노후 자금,가족 생활비,6,예산·보장 재검토
22,여성,9000,2,기혼,0,비흡연,없음,암,노후 자금,유병자 보장,10,수호천사 간편심사(유병자)보험
22,여성,9000,3,미혼,0,비흡연,없음,심혈관,암·건강,없음,15,수호천사 암/건강보험
22,여성,9000,3,미혼,0,비흡연,없음,없음,유병자 보장,없음,6,예산·보장 재검토
22,여성,12000,1,미혼,0,비흡연,없음,없음,가족 생활비,유병자 보장,15,수호천사 우리가족 종신보험
22,여성,12000,2,미혼,0,비흡연,없음,없음,노후 자금,없음,20,수호천사 행복 연금보험
22,여성,12000,2,미혼,0,비흡연,없음,없음,가족 생활비,없음,12,예산·보장 재검토
22,여성,12000,3,미혼,0,흡연,없음,없음,노후 자금,없음,20,수호천사 행복 연금보험
23,남성,3000,1,미혼,0,비흡연,고혈압,없음,유병자 보장,없음,8,예산·보장 재검토
23,남성,3000,1,미혼,0,비흡연,없음,암,유병자 보장,암·건강,8,수호천사 암/건강보험
23,남성,3000,1,미혼,0,비흡연,없음,없음,유병자 보장,없음,6,예산·보장 재검토
23,남성,3000,1,미혼,0,비흡연,없음,없음,가족 생활비,암·건강,6,예산·보장 재검토
23,남성,3000,1,미혼,0,흡연,없음,없음,암·건강,없음,8,수호천사 암/건강보험
23,남성,3000,1,미혼,0,흡연,없음,없음,가족 생활비,유병자 보장,10,수호천사 간편심사(유병자)보험
23,남성,3000,1,미혼,0,흡연,없음,없음,노후 자금,유병자 보장,10,수호천사 간편심사(유병자)보험
23,남성,3000,2,미혼,0,비흡연,없음,없음,암·건강,없음,6,예산·보장 재검토
23,남성,3000,2,미혼,0,비흡연,없음,없음,가족 생활비,없음,10,예산·보장 재검토
23,남성,3000,3,기혼,0,비흡연,없음,심혈관,암·건강,유병자 보장,6,예산·보장 재검토
23,남성,3000,3,미혼,0,비흡연,없음,없음,가족 생활비,암·건강,8,수호천사 암/건강보험
23,남성,3000,3,미혼,0,비흡연,없음,없음,암·건강,없음,6,예산·보장 재검토
23,남성,4000,1,기혼,0,흡연,없음,없음,노후 자금,암·건강,12,수호천사 행복 연금보험
23,남성,4000,1,기혼,1,흡연,고혈압,심혈관,암·건강,노후 자금,10,수호천사 암/건강보험
23,남성,4000,1,미혼,0,비흡연,없음,심혈관,노후 자금,가족 생활비,12,수호천사 행복 연금보험
23,남성,4000,1,미혼,0,비흡연,없음,암,가족 생활비,없음,6,예산·보장 재검토
23,남성,4000,1,미혼,0,비흡연,없음,없음,가족 생활비,노후 자금,8,예산·보장 재검토
23,남성,4000,1,미혼,0,비흡연,없음,없음,노후 자금,없음,20,수호천사 행복 연금보험
23,남성,4000,1,미혼,0,비흡연,없음,없음,노후 자금,암·건강,6,예산·보장 재검토
23,남성,4000,1,미혼,0,비흡연,없음,없음,노후 자금,유병자 보장,8,예산·보장 재검토
23,남성,4000,1,미혼,0,흡연,없음,없음,유병자 보장,없음,6,예산·보장 재검토
23,남성,4000,1,미혼,0,흡연,없음,없음,가족 생활비,없음,6,예산·보장 재검토
23,남성,4000,1,미혼,0,흡연,없음,없음,암·건강,노후 자금,10,수호천사 암/건강보험
23,남성,4000,1,미혼,0,흡연,없음,없음,가족 생활비,없음,6,예산·보장 재검토
23,남성,4000,2,기혼,1,비흡연,없음,없음,유병자 보장,없음,10,수호천사 간편심사(유병자)보험
23,남성,4000,2,미혼,0,비흡연,없음,암,유병자 보장,없음,20,수호천사 간편심사(유병자)보험
23,남성,4000,2,미혼,0,비흡연,없음,없음,가족 생활비,없음,6,예산·보장 재검토
23,남성,4000,2,미혼,0,흡연,없음,심혈관,암·건강,없음,6,예산·보장 재검토
23,남성,4000,3,미혼,0,비흡연,고혈압,없음,유병자 보장,노후 자금,15,수호천사 간편심사(유병자)보험
23,남성,4000,3,미혼,0,비흡연,없음,없음,노후 자금,없음,10,예산·보장 재검토
23,남성,4000,3,미혼,0,흡연,없음,심혈관,가족 생활비,없음,15,수호천사 우리가족 종신보험
23,남성,5000,1,기혼,0,비흡연,없음,없음,유병자 보장,없음,8,예산·보장 재검토
23,남성,5000,1,미혼,0,비흡연,없음,심혈관,유병자 보장,없음,12,수호천사 간편심사(유병자)보험
23,남성,5000,1,미혼,0,비흡연,없음,암,노후 자금,유병자 보장,20,수호천사 행복 연금보험
23,남성,5000,1,미혼,0,비흡연,없음,없음,암·건강,노후 자금,6,예산·보장 재검토
23,남성,5000,1,미혼,0,비흡연,없음,없음,암·건강,없음,15,수호천사 암/건강보험
23,남성,5000,1,미혼,0,비흡연,없음,없음,암·건강,유병자 보장,12,수호천사 암/건강보험
23,남성,5000,1,미혼,0,흡연,없음,암,유병자 보장,없음,15,수호천사 간편심사(유병자)보험
23,남성,5000,2,기혼,0,비흡연,없음,없음,유병자 보장,없음,6,예산·보장 재검토
23,남성,5000,3,미혼,0,흡연,없음,없음,노후 자금,없음,10,예산·보장 재검토
23,남성,6000,1,미혼,0,비흡연,당뇨,없음,유병자 보장,없음,6,예산·보장 재검토
23,남성,6000,1,미혼,0,비흡연,없음,없음,유병자 보장,암·건강,20,수호천사 간편심사(유병자)보험
23,남성,6000,1,미혼,0,비흡연,없음,없음,노후 자금,없음,6,예산·보장 재검토
23,남성,6000,1,미혼,0,비흡연,없음,없음,노후 자금,가족 생활비,6,예산·보장 재검토
23,남성,6000,2,기혼,0,흡연,없음,심혈관,암·건강,없음,15,수호천사 암/건강보험
23,남성,6000,2,미혼,0,비흡연,없음,없음,유병자 보장,가족 생활비,8,예산·보장 재검토
23,남성,6000,2,미혼,0,비흡연,없음,없음,유병자 보장,없음,12,수호천사 간편심사(유병자)보험
23,남성,6000,2,미혼,0,흡연,없음,암,암·건강,없음,8,수호천사 암/건강보험
23,남성,7500,1,기혼,1,비흡연,없음,없음,유병자 보장,노후 자금,12,수호천사 간편심사(유병자)보험
23,남성,7500,1,미혼,0,비흡연,없음,심혈관,노후 자금,없음,8,예산·보장 재검토
23,남성,9000,1,기혼,0,비흡연,없음,없음,유병자 보장,노후 자금,10,수호천사 간편심사(유병자)보험
23,남성,9000,1,미혼,0,흡연,없음,암,암·건강,없음,12,수호천사 암/건강보험
23,남성,9000,2,미혼,0,비흡연,없음,없음,가족 생활비,암·건강,10,수호천사 암/건강보험
23,남성,9000,3,미혼,0,비흡연,없음,없음,가족 생활비,없음,8,예산·보장 재검토
23,남성,9000,3,미혼,0,비흡연,없음,없음,노후 자금,암·건강,6,예산·보장 재검토
23,남성,12000,1,기혼,0,비흡연,없음,심혈관,가족 생활비,노후 자금,15,수호천사 우리가족 종신보험
23,남성,12000,1,미혼,0,비흡연,없음,없음,유병자 보장,노후 자금,8,예산·보장 재검토
23,여성,3000,1,미혼,0,비흡연,고혈압,암,유병자 보장,없음,8,예산·보장 재검토
23,여성,3000,1,미혼,0,비흡연,없음,심혈관,노후 자금,없음,8,예산·보장 재검토
23,여성,3000,1,미혼,0,비흡연,없음,암,가족 생활비,노후 자금,10,예산·보장 재검토
23,여성,3000,1,미혼,0,비흡연,없음,암,노후 자금,유병자 보장,12,수호천사 행복 연금보험
23,여성,3000,1,미혼,0,비흡연,없음,없음,암·건강,없음,8,수호천사 암/건강보험
23,여성,3000,1,미혼,0,비흡연,없음,없음,노후 자금,유병자 보장,15,수호천사 행복 연금보험
23,여성,3000,1,미혼,0,비흡연,없음,없음,가족 생활비,노후 자금,12,수호천사 행복 연금보험
23,여성,3000,1,미혼,0,비흡연,없음,없음,암·건강,없음,15,수호천사 암/건강보험
23,여성,3000,1,미혼,0,흡연,고혈압,암,유병자 보장,노후 자금,12,수호천사 간편심사(유병자)보험
23,여성,3000,1,미혼,0,흡연,없음,암,가족 생활비,없음,6,예산·보장 재검토
23,여성,3000,1,미혼,0,흡연,없음,없음,암·건강,없음,20,수호천사 암/건강보험
23,여성,3000,1,미혼,0,흡연,없음,없음,유병자 보장,없음,15,수호천사 간편심사(유병자)보험
23,여성,3000,2,미혼,0,비흡연,없음,없음,노후 자금,암·건강,10,수호천사 암/건강보험
23,여성,3000,2,미혼,0,흡연,고혈압,심혈관,암·건강,가족 생활비,6,예산·보장 재검토
23,여성,3000,2,미혼,0,흡연,없음,암,암·건강,가족 생활비,6,예산·보장 재검토
23,여성,3000,3,미혼,0,비흡연,없음,없음,유병자 보장,없음,10,수호천사 간편심사(유병자)보험
23,여성,4000,1,미혼,0,비흡연,고혈압,암,암·건강,없음,8,수호천사 암/건강보험
23,여성,4000,1,미혼,0,비흡연,없음,심혈관,노후 자금,없음,12,수호천사 행복 연금보험
23,여성,4000,1,미혼,0,비흡연,없음,암,가족 생활비,유병자 보장,8,예산·보장 재검토
23,여성,4000,1,미혼,0,비흡연,없음,없음,암·건강,없음,10,수호천사 암/건강보험
23,여성,4000,1,미혼,0,흡연,없음,심혈관,노후 자금,유병자 보장,6,예산·보장 재검토
23,여성,4000,1,미혼,0,흡연,없음,암,노후 자금,없음,6,예산·보장 재검토
23,여성,4000,2,미혼,0,비흡연,없음,심혈관,암·건강,노후 자금,6,예산·보장 재검토
23,여성,4000,2,미혼,0,비흡연,없음,없음,노후 자금,없음,15,수호천사 행복 연금보험
23,여성,4000,2,미혼,0,흡연,없음,암,암·건강,유병자 보장,10,수호천사 암/건강보험
23,여성,4000,3,미혼,0,비흡연,없음,암,노후 자금,없음,20,수호천사 행복 연금보험
23,여성,5000,1,기혼,0,비흡연,없음,없음,가족 생활비,암·건강,12,수호천사 암/건강보험
23,여성,5000,1,미혼,0,비흡연,없음,심혈관,유병자 보장,암·건강,12,수호천사 간편심사(유병자)보험
23,여성,5000,1,미혼,0,비흡연,없음,암,암·건강,가족 생활비,10,수호천사 암/건강보험
23,여성,5000,1,미혼,0,비흡연,없음,암,노후 자금,유병자 보장,15,수호천사 행복 연금보험
23,여성,5000,1,미혼,0,비흡연,없음,암,암·건강,없음,20,수호천사 암/건강보험
23,여성,5000,1,미혼,0,비흡연,없음,암,암·건강,없음,12,수호천사 암/건강보험
23,여성,5000,1,미혼,0,비흡연,없음,없음,암·건강,유병자 보장,6,예산·보장 재검토
23,여성,5000,1,미혼,0,흡연,고혈압,없음,가족 생활비,없음,12,수호천사 간편심사(유병자)보험
23,여성,5000,2,미혼,0,비흡연,없음,심혈관,암·건강,없음,6,예산·보장 재검토
23,여성,5000,2,미혼,0,흡연,없음,없음,노후 자금,없음,6,예산·보장 재검토
23,여성,6000,1,미혼,0,비흡연,없음,심혈관,유병자 보장,암·건강,12,수호천사 간편심사(유병자)보험
23,여성,6000,1,미혼,0,비흡연,없음,없음,암·건강,없음,15,수호천사 암/건강보험
23,여성,6000,1,미혼,0,비흡연,없음,없음,암·건강,없음,6,예산·보장 재검토
23,여성,6000,3,미혼,0,흡연,없음,암,암·건강,가족 생활비,6,예산·보장 재검토
23,여성,7500,1,기혼,0,비흡연,없음,없음,가족 생활비,없음,20,수호천사 우리가족 종신보험
23,여성,7500,1,미혼,0,비흡연,고혈압,없음,가족 생활비,암·건강,6,예산·보장 재검토
23,여성,7500,1,미혼,0,비흡연,없음,없음,암·건강,가족 생활비,6,예산·보장 재검토
23,여성,7500,1,미혼,0,비흡연,없음,없음,노후 자금,없음,15,수호천사 행복 연금보험
23,여성,7500,1,미혼,0,비흡연,없음,없음,암·건강,없음,20,수호천사 암/건강보험
23,여성,7500,1,미혼,0,흡연,없음,없음,노후 자금,암·건강,12,수호천사 행복 연금보험
23,여성,7500,2,미혼,0,비흡연,없음,없음,노후 자금,없음,12,수호천사 행복 연금보험
23,여성,9000,1,기혼,0,비흡연,없음,없음,노후 자금,없음,10,예산·보장 재검토
23,여성,9000,1,미혼,0,비흡연,고혈압,없음,유병자 보장,노후 자금,8,예산·보장 재검토
23,여성,9000,1,미혼,0,비흡연,없음,없음,노후 자금,가족 생활비,15,수호천사 행복 연금보험
23,여성,9000,1,미혼,0,흡연,당뇨,없음,암·건강,유병자 보장,20,수호천사 암/건강보험
23,여성,9000,1,미혼,0,흡연,없음,심혈관,암·건강,없음,8,수호천사 암/건강보험
23,여성,9000,3,기혼,0,비흡연,없음,심혈관,암·건강,노후 자금,8,수호천사 암/건강보험
23,여성,12000,1,기혼,1,흡연,없음,없음,가족 생활비,없음,8,예산·보장 재검토
23,여성,12000,1,미혼,0,흡연,없음,없음,가족 생활비,없음,6,예산·보장 재검토
23,여성,12000,2,기혼,0,비흡연,없음,심혈관,유병자 보장,가족 생활비,8,예산·보장 재검토
24,남성,3000,1,기혼,1,비흡연,없음,없음,가족 생활비,없음,6,예산·보장 재검토
24,남성,3000,1,미혼,0,비흡연,없음,심혈관,암·건강,노후 자금,15,수호천사 암/건강보험
24,남성,3000,1,미혼,0,비흡연,없음,암,가족 생활비,없음,8,예산·보장 재검토
24,남성,3000,1,미혼,0,비흡연,없음,암,암·건강,노후 자금,12,수호천사 암/건강보험
24,남성,3000,1,미혼,0,비흡연,없음,없음,유병자 보장,없음,10,수호천사 간편심사(유병자)보험
24,남성,3000,1,미혼,0,비흡연,없음,없음,가족 생활비,없음,15,수호천사 우리가족 종신보험
24,남성,3000,1,미혼,0,흡연,없음,없음,노후 자금,없음,20,수호천사 행복 연금보험
24,남성,3000,1,미혼,0,흡연,없음,없음,가족 생활비,없음,8,예산·보장 재검토
24,남성,3000,2,미혼,0,비흡연,없음,없음,암·건강,없음,6,예산·보장 재검토
24,남성,3000,2,미혼,0,비흡연,없음,없음,가족 생활비,암·건강,12,수호천사 암/건강보험
24,남성,3000,3,미혼,0,비흡연,고혈압,없음,암·건강,없음,6,예산·보장 재검토
24,남성,3000,3,미혼,0,비흡연,없음,암,노후 자금,없음,8,예산·보장 재검토
24,남성,3000,3,미혼,0,흡연,없음,없음,가족 생활비,없음,6,예산·보장 재검토
24,남성,4000,1,미혼,0,비흡연,고혈압,암,암·건강,없음,20,수호천사 암/건강보험
24,남성,4000,1,미혼,0,비흡연,고혈압,없음,암·건강,노후 자금,6,예산·보장 재검토
24,남성,4000,1,미혼,0,비흡연,고혈압,없음,유병자 보장,암·건강,10,수호천사 간편심사(유병자)보험
24,남성,4000,1,미혼,0,비흡연,없음,없음,노후 자금,암·건강,8,수호천사 암/건강보험
24,남성,4000,1,미혼,0,비흡연,없음,없음,유병자 보장,없음,10,수호천사 간편심사(유병자)보험
24,남성,4000,1,미혼,0,비흡연,없음,없음,노후 자금,유병자 보장,8,예산·보장 재검토
24,남성,4000,1,미혼,0,비흡연,없음,없음,가족 생활비,유병자 보장,15,수호천사 우리가족 종신보험
24,남성,4000,1,미혼,0,비흡연,없음,없음,가족 생활비,노후 자금,12,수호천사 행복 연금보험
24,남성,4000,1,미혼,0,흡연,없음,심혈관,암·건강,없음,8,수호천사 암/건강보험
24,남성,4000,1,미혼,0,흡연,없음,없음,노후 자금,유병자 보장,8,예산·보장 재검토
24,남성,4000,1,미혼,0,흡연,없음,없음,유병자 보장,암·건강,15,수호천사 간편심사(유병자)보험
24,남성,4000,2,기혼,0,비흡연,없음,암,유병자 보장,없음,12,수호천사 간편심사(유병자)보험
24,남성,4000,2,기혼,0,비흡연,없음,없음,가족 생활비,유병자 보장,8,예산·보장 재검토
24,남성,4000,3,미혼,0,비흡연,없음,없음,가족 생활비,유병자 보장,8,예산·보장 재검토
24,남성,4000,3,미혼,0,비흡연,없음,없음,노후 자금,유병자 보장,6,예산·보장 재검토
24,남성,4000,3,미혼,0,흡연,없음,암,암·건강,노후 자금,6,예산·보장 재검토
24,남성,5000,1,기혼,0,흡연,없음,암,유병자 보장,노후 자금,6,예산·보장 재검토
24,남성,5000,1,미혼,0,비흡연,고혈압,암,유병자 보장,없음,6,예산·보장 재검토
24,남성,5000,1,미혼,0,비흡연,없음,없음,유병자 보장,가족 생활비,6,예산·보장 재검토
24,남성,5000,1,미혼,0,비흡연,없음,없음,암·건강,유병자 보장,15,수호천사 암/건강보험
24,남성,5000,1,미혼,0,비흡연,없음,없음,암·건강,없음,12,수호천사 암/건강보험
24,남성,5000,1,미혼,0,비흡연,없음,없음,유병자 보장,없음,15,수호천사 간편심사(유병자)보험
24,남성,5000,1,미혼,0,비흡연,없음,없음,유병자 보장,없음,12,수호천사 간편심사(유병자)보험
24,남성,5000,1,미혼,0,흡연,없음,암,암·건강,없음,12,수호천사 암/건강보험
24,남성,5000,2,기혼,0,흡연,없음,없음,가족 생활비,노후 자금,6,예산·보장 재검토
24,남성,5000,2,미혼,0,비흡연,없음,암,유병자 보장,노후 자금,12,수호천사 간편심사(유병자)보험
24,남성,5000,3,미혼,0,비흡연,없음,없음,유병자 보장,없음,8,예산·보장 재검토
24,남성,6000,1,기혼,0,비흡연,없음,암,암·건강,없음,10,수호천사 암/건강보험
24,남성,6000,1,미혼,0,비흡연,없음,암,암·건강,없음,20,수호천사 암/건강보험
24,남성,6000,1,미혼,0,비흡연,없음,암,유병자 보장,노후 자금,15,수호천사 간편심사(유병자)보험
24,남성,6000,1,미혼,0,비흡연,없음,없음,유병자 보장,없음,8,예산·보장 재검토
24,남성,6000,1,미혼,0,비흡연,없음,없음,암·건강,없음,15,수호천사 암/건강보험
24,남성,6000,1,미혼,0,흡연,없음,심혈관,암·건강,없음,6,예산·보장 재검토
24,남성,6000,3,미혼,0,비흡연,없음,없음,유병자 보장,없음,6,예산·보장 재검토
24,남성,6000,3,미혼,0,흡연,고혈압,없음,유병자 보장,없음,6,예산·보장 재검토
24,남성,7500,1,미혼,0,비흡연,고혈압,심혈관,유병자 보장,노후 자금,8,예산·보장 재검토
24,남성,7500,1,미혼,0,비흡연,고혈압,없음,유병자 보장,없음,15,수호천사 간편심사(유병자)보험
24,남성,7500,1,미혼,0,비흡연,없음,심혈관,가족 생활비,없음,10,예산·보장 재검토
24,남성,7500,1,미혼,0,비흡연,없음,암,유병자 보장,없음,6,예산·보장 재검토
24,남성,7500,1,미혼,0,비흡연,없음,암,유병자 보장,없음,20,수호천사 간편심사(유병자)보험
24,남성,7500,1,미혼,0,흡연,없음,없음,유병자 보장,없음,12,수호천사 간편심사(유병자)보험
24,남성,9000,1,기혼,0,비흡연,없음,없음,노후 자금,없음,10,예산·보장 재검토
24,남성,9000,1,미혼,0,비흡연,고혈압,없음,유병자 보장,가족 생활비,12,수호천사 간편심사(유병자)보험
24,남성,9000,1,미혼,0,비흡연,없음,없음,유병자 보장,없음,12,수호천사 간편심사(유병자)보험
24,남성,9000,2,미혼,0,비흡연,없음,심혈관,유병자 보장,없음,10,수호천사 간편심사(유병자)보험
24,남성,12000,1,미혼,0,비흡연,없음,없음,유병자 보장,없음,12,수호천사 간편심사(유병자)보험
24,남성,12000,1,미혼,0,흡연,없음,없음,가족 생활비,없음,20,수호천사 우리가족 종신보험
24,남성,12000,1,미혼,0,흡연,없음,없음,가족 생활비,유병자 보장,8,예산·보장 재검토
24,여성,3000,1,기혼,0,비흡연,없음,없음,노후 자금,없음,10,예산·보장 재검토
24,여성,3000,1,미혼,0,비흡연,고혈압,없음,노후 자금,없음,6,예산·보장 재검토
24,여성,3000,1,미혼,0,비흡연,없음,암,유병자 보장,가족 생활비,15,수호천사 간편심사(유병자)보험
24,여성,3000,1,미혼,0,비흡연,없음,없음,가족 생활비,없음,8,예산·보장 재검토
24,여성,3000,1,미혼,0,비흡연,없음,없음,노후 자금,가족 생활비,8,예산·보장 재검토
24,여성,3000,1,미혼,0,흡연,없음,심혈관,암·건강,없음,20,수호천사 암/건강보험
24,여성,3000,1,미혼,0,흡연,없음,없음,노후 자금,유병자 보장,10,수호천사 간편심사(유병자)보험
24,여성,3000,2,미혼,0,비흡연,당뇨,암,유병자 보장,없음,6,예산·보장 재검토
24,여성,3000,2,미혼,0,비흡연,없음,심혈관,암·건강,없음,8,수호천사 암/건강보험
24,여성,3000,2,미혼,0,비흡연,없음,없음,암·건강,없음,8,수호천사 암/건강보험
24,여성,3000,2,미혼,0,비흡연,없음,없음,노후 자금,유병자 보장,20,수호천사 행복 연금보험
24,여성,3000,3,미혼,0,비흡연,없음,암,암·건강,가족 생활비,8,수호천사 암/건강보험
24,여성,4000,1,미혼,0,비흡연,없음,없음,유병자 보장,없음,8,예산·보장 재검토
24,여성,4000,1,미혼,0,비흡연,없음,없음,유병자 보장,없음,10,수호천사 간편심사(유병자)보험
24,여성,4000,1,미혼,0,흡연,고혈압,암,암·건강,노후 자금,8,수호천사 암/건강보험
24,여성,4000,1,미혼,0,흡연,고혈압,없음,유병자 보장,없음,6,예산·보장 재검토
24,여성,4000,1,미혼,0,흡연,없음,심혈관,가족 생활비,없음,15,수호천사 우리가족 종신보험
24,여성,4000,1,미혼,0,흡연,없음,없음,암·건강,가족 생활비,6,예산·보장 재검토
24,여성,4000,2,미혼,0,비흡연,없음,암,가족 생활비,암·건강,20,수호천사 우리가족 종신보험
24,여성,4000,2,미혼,0,비흡연,없음,없음,노후 자금,유병자 보장,15,수호천사 행복 연금보험
24,여성,4000,2,미혼,0,비흡연,없음,없음,유병자 보장,없음,6,예산·보장 재검토
24,여성,4000,3,미혼,0,흡연,없음,없음,암·건강,노후 자금,12,수호천사 암/건강보험
24,여성,5000,1,기혼,0,흡연,없음,없음,가족 생활비,없음,12,예산·보장 재검토
24,여성,5000,1,미혼,0,비흡연,없음,암,암·건강,유병자 보장,12,수호천사 암/건강보험
24,여성,5000,1,미혼,0,비흡연,없음,없음,유병자 보장,없음,10,수호천사 간편심사(유병자)보험
24,여성,5000,1,미혼,0,비흡연,없음,없음,노후 자금,암·건강,6,예산·보장 재검토
24,여성,5000,1,미혼,0,비흡연,없음,없음,노후 자금,유병자 보장,6,예산·보장 재검토
24,여성,5000,1,미혼,0,흡연,없음,없음,노후 자금,없음,12,수호천사 행복 연금보험
24,여성,5000,2,기혼,0,비흡연,없음,암,암·건강,없음,6,예산·보장 재검토
24,여성,5000,2,미혼,0,비흡연,없음,암,가족 생활비,암·건강,8,수호천사 암/건강보험
24,여성,5000,3,미혼,0,비흡연,없음,없음,가족 생활비,유병자 보장,10,수호천사 간편심사(유병자)보험
24,여성,6000,1,기혼,0,흡연,고혈압,없음,유병자 보장,없음,6,예산·보장 재검토
24,여성,6000,1,미혼,0,비흡연,없음,심혈관,유병자 보장,노후 자금,15,수호천사 간편심사(유병자)보험
24,여성,6000,1,미혼,0,비흡연,없음,암,암·건강,가족 생활비,15,수호천사 암/건강보험
24,여성,6000,1,미혼,0,비흡연,없음,암,암·건강,없음,15,수호천사 암/건강보험
24,여성,6000,1,미혼,0,비흡연,없음,없음,가족 생활비,없음,6,예산·보장 재검토
24,여성,6000,1,미혼,0,비흡연,없음,없음,암·건강,없음,10,수호천사 암/건강보험
24,여성,6000,1,미혼,0,흡연,없음,없음,암·건강,가족 생활비,15,수호천사 암/건강보험
24,여성,7500,1,미혼,0,비흡연,없음,암,노후 자금,암·건강,10,수호천사 암/건강보험
24,여성,7500,1,미혼,0,흡연,없음,암,노후 자금,없음,15,수호천사 행복 연금보험
24,여성,7500,2,미혼,0,비흡연,없음,없음,가족 생활비,없음,12,예산·보장 재검토
24,여성,9000,1,기혼,1,비흡연,없음,없음,가족 생활비,노후 자금,10,예산·보장 재검토
24,여성,9000,1,미혼,0,비흡연,없음,없음,노후 자금,없음,8,예산·보장 재검토
24,여성,9000,2,미혼,0,비흡연,없음,암,암·건강,노후 자금,12,수호천사 암/건강보험
24,여성,12000,2,미혼,0,비흡연,없음,없음,유병자 보장,없음,6,예산·보장 재검토
25,남성,3000,1,기혼,0,흡연,없음,암,암·건강,유병자 보장,15,수호천사 암/건강보험
25,남성,3000,1,미혼,0,비흡연,없음,암,암·건강,없음,10,수호천사 암/건강보험
25,남성,3000,1,미혼,0,비흡연,없음,암,가족 생활비,암·건강,6,예산·보장 재검토
25,남성,3000,1,미혼,0,비흡연,없음,없음,유병자 보장,없음,12,수호천사 간편심사(유병자)보험
25,남성,3000,1,미혼,0,흡연,고혈압,없음,유병자 보장,없음,8,예산·보장 재검토
25,남성,3000,1,미혼,0,흡연,없음,암,암·건강,없음,6,예산·보장 재검토
25,남성,3000,1,미혼,0,흡연,없음,없음,암·건강,없음,20,수호천사 암/건강보험
25,남성,3000,1,미혼,0,흡연,없음,없음,노후 자금,없음,12,수호천사 행복 연금보험
25,남성,3000,1,미혼,0,흡연,없음,없음,암·건강,가족 생활비,10,수호천사 암/건강보험
25,남성,3000,2,미혼,0,비흡연,고혈압,암,암·건강,없음,15,수호천사 암/건강보험
25,남성,3000,2,미혼,0,비흡연,고혈압,없음,유병자 보장,없음,10,수호천사 간편심사(유병자)보험
25,남성,3000,3,미혼,0,비흡연,없음,없음,유병자 보장,가족 생활비,8,예산·보장 재검토
25,남성,4000,1,미혼,0,비흡연,고혈압,없음,유병자 보장,없음,6,예산·보장 재검토
25,남성,4000,1,미혼,0,비흡연,없음,암,암·건강,없음,6,예산·보장 재검토
25,남성,4000,1,미혼,0,비흡연,없음,암,암·건강,노후 자금,8,수호천사 암/건강보험
25,남성,4000,1,미혼,0,비흡연,없음,암,암·건강,노후 자금,10,수호천사 암/건강보험
25,남성,4000,1,미혼,0,비흡연,없음,암,노후 자금,가족 생활비,12,수호천사 행복 연금보험
25,남성,4000,1,미혼,0,흡연,고혈압,없음,유병자 보장,없음,8,예산·보장 재검토
25,남성,4000,1,미혼,0,흡연,없음,없음,가족 생활비,유병자 보장,10,수호천사 간편심사(유병자)보험
25,남성,4000,1,미혼,0,흡연,없음,없음,가족 생활비,유병자 보장,15,수호천사 우리가족 종신보험
25,남성,4000,1,미혼,0,흡연,없음,없음,노후 자금,없음,20,수호천사 행복 연금보험
25,남성,4000,3,미혼,0,흡연,없음,심혈관,암·건강,없음,8,수호천사 암/건강보험
25,남성,4000,3,미혼,0,흡연,없음,없음,유병자 보장,없음,20,수호천사 간편심사(유병자)보험
25,남성,5000,1,기혼,0,비흡연,없음,없음,가족 생활비,암·건강,15,수호천사 우리가족 종신보험
25,남성,5000,1,기혼,0,비흡연,없음,없음,유병자 보장,없음,6,예산·보장 재검토
25,남성,5000,1,미혼,0,비흡연,없음,암,노후 자금,없음,8,예산·보장 재검토
25,남성,5000,1,미혼,0,흡연,없음,없음,유병자 보장,없음,8,예산·보장 재검토
25,남성,5000,2,기혼,0,비흡연,없음,없음,노후 자금,암·건강,12,수호천사 행복 연금보험
25,남성,5000,2,미혼,0,비흡연,없음,없음,노후 자금,없음,10,예산·보장 재검토
25,남성,6000,1,기혼,0,비흡연,없음,심혈관,유병자 보장,없음,10,수호천사 간편심사(유병자)보험
25,남성,6000,1,미혼,0,비흡연,없음,심혈관,노후 자금,암·건강,15,수호천사 행복 연금보험
25,남성,6000,1,미혼,0,비흡연,없음,심혈관,유병자 보장,없음,8,예산·보장 재검토
25,남성,6000,1,미혼,0,비흡연,없음,없음,노후 자금,가족 생활비,10,예산·보장 재검토
25,남성,6000,2,미혼,0,비흡연,없음,심혈관,암·건강,없음,15,수호천사 암/건강보험
25,남성,6000,2,미혼,0,비흡연,없음,없음,유병자 보장,없음,20,수호천사 간편심사(유병자)보험
25,남성,6000,2,미혼,0,흡연,없음,없음,가족 생활비,없음,15,수호천사 우리가족 종신보험
25,남성,7500,1,미혼,0,비흡연,고혈압,없음,암·건강,없음,8,수호천사 암/건강보험
25,남성,7500,1,미혼,0,비흡연,없음,암,암·건강,없음,6,예산·보장 재검토
25,남성,7500,1,미혼,0,비흡연,없음,없음,노후 자금,암·건강,8,수호천사 암/건강보험
25,남성,7500,1,미혼,0,비흡연,없음,없음,가족 생활비,없음,10,예산·보장 재검토
25,남성,7500,1,미혼,0,비흡연,없음,없음,암·건강,없음,8,수호천사 암/건강보험
25,남성,7500,1,미혼,0,흡연,당뇨,없음,유병자 보장,없음,20,수호천사 간편심사(유병자)보험
25,남성,7500,1,미혼,0,흡연,없음,없음,암·건강,없음,15,수호천사 암/건강보험
25,남성,7500,2,기혼,1,비흡연,없음,없음,암·건강,없음,10,수호천사 암/건강보험
25,남성,7500,2,미혼,0,비흡연,없음,없음,노후 자금,유병자 보장,8,예산·보장 재검토
25,남성,9000,1,기혼,0,비흡연,없음,없음,유병자 보장,없음,10,수호천사 간편심사(유병자)보험
25,남성,9000,1,미혼,0,비흡연,없음,심혈관,암·건강,없음,10,수호천사 암/건강보험
25,남성,9000,1,미혼,0,비흡연,없음,없음,가족 생활비,암·건강,15,수호천사 우리가족 종신보험
25,남성,12000,1,미혼,0,비흡연,고혈압,암,암·건강,노후 자금,6,예산·보장 재검토
25,남성,12000,3,기혼,0,비흡연,없음,없음,유병자 보장,노후 자금,20,수호천사 간편심사(유병자)보험
25,여성,3000,1,기혼,0,비흡연,없음,심혈관,가족 생활비,노후 자금,6,예산·보장 재검토
25,여성,3000,1,기혼,1,비흡연,없음,암,가족 생활비,없음,8,예산·보장 재검토
25,여성,3000,1,미혼,0,비흡연,없음,심혈관,노후 자금,없음,20,수호천사 행복 연금보험
25,여성,3000,1,미혼,0,비흡연,없음,암,유병자 보장,없음,6,예산·보장 재검토
25,여성,3000,1,미혼,0,흡연,없음,암,암·건강,노후 자금,6,예산·보장 재검토
25,여성,3000,1,미혼,0,흡연,없음,없음,노후 자금,없음,10,예산·보장 재검토
25,여성,3000,2,기혼,1,비흡연,없음,심혈관,노후 자금,암·건강,8,수호천사 암/건강보험
25,여성,3000,2,미혼,0,비흡연,당뇨,암,유병자 보장,없음,6,예산·보장 재검토
25,여성,3000,2,미혼,0,비흡연,없음,심혈관,노후 자금,없음,6,예산·보장 재검토
25,여성,4000,1,기혼,0,비흡연,없음,암,가족 생활비,없음,6,예산·보장 재검토
25,여성,4000,1,기혼,0,비흡연,없음,암,노후 자금,암·건강,10,수호천사 암/건강보험
25,여성,4000,1,미혼,0,비흡연,없음,심혈관,암·건강,없음,8,수호천사 암/건강보험
25,여성,4000,1,미혼,0,비흡연,없음,심혈관,가족 생활비,없음,12,예산·보장 재검토
25,여성,4000,1,미혼,0,비흡연,없음,암,암·건강,없음,15,수호천사 암/건강보험
25,여성,4000,1,미혼,0,비흡연,없음,암,유병자 보장,없음,6,예산·보장 재검토
25,여성,4000,1,미혼,0,비흡연,없음,암,유병자 보장,암·건강,8,수호천사 암/건강보험
25,여성,4000,1,미혼,0,비흡연,없음,없음,노후 자금,없음,6,예산·보장 재검토
25,여성,4000,1,미혼,0,흡연,없음,심혈관,노후 자금,없음,8,수호천사 암/건강보험
25,여성,4000,1,미혼,0,흡연,없음,암,암·건강,없음,8,수호천사 암/건강보험
25,여성,4000,1,미혼,0,흡연,없음,암,가족 생활비,없음,15,수호천사 우리가족 종신보험
25,여성,4000,2,기혼,0,비흡연,없음,없음,가족 생활비,노후 자금,8,예산·보장 재검토
25,여성,4000,2,미혼,0,비흡연,없음,없음,유병자 보장,노후 자금,10,수호천사 간편심사(유병자)보험
25,여성,4000,2,미혼,0,비흡연,없음,없음,암·건강,없음,12,수호천사 암/건강보험
25,여성,4000,2,미혼,0,흡연,없음,심혈관,암·건강,없음,15,수호천사 암/건강보험
25,여성,4000,3,미혼,0,흡연,없음,없음,노후 자금,가족 생활비,8,예산·보장 재검토
25,여성,5000,1,미혼,0,비흡연,당뇨,암,유병자 보장,암·건강,8,수호천사 암/건강보험
25,여성,5000,1,미혼,0,비흡연,없음,없음,노후 자금,없음,20,수호천사 행복 연금보험
25,여성,5000,1,미혼,0,비흡연,없음,없음,유병자 보장,노후 자금,8,예산·보장 재검토
25,여성,5000,1,미혼,0,비흡연,없음,없음,노후 자금,없음,12,수호천사 행복 연금보험
25,여성,5000,1,미혼,0,비흡연,없음,없음,유병자 보장,노후 자금,12,수호천사 간편심사(유병자)보험
25,여성,5000,1,미혼,0,비흡연,없음,없음,노후 자금,유병자 보장,10,수호천사 간편심사(유병자)보험
25,여성,5000,1,미혼,0,비흡연,없음,없음,암·건강,노후 자금,8,수호천사 암/건강보험
25,여성,5000,1,미혼,0,비흡연,없음,없음,가족 생활비,없음,6,예산·보장 재검토
25,여성,5000,2,기혼,0,흡연,없음,없음,노후 자금,없음,10,예산·보장 재검토
25,여성,5000,2,미혼,0,비흡연,없음,없음,노후 자금,없음,10,예산·보장 재검토
25,여성,5000,3,기혼,1,흡연,없음,없음,가족 생활비,없음,12,예산·보장 재검토
25,여성,5000,3,미혼,0,비흡연,없음,없음,암·건강,없음,12,수호천사 암/건강보험
25,여성,5000,3,미혼,0,흡연,없음,없음,유병자 보장,암·건강,20,수호천사 간편심사(유병자)보험
25,여성,6000,1,미혼,0,비흡연,고혈압,없음,암·건강,없음,20,수호천사 암/건강보험
25,여성,6000,1,미혼,0,흡연,없음,없음,암·건강,노후 자금,15,수호천사 암/건강보험
25,여성,6000,1,미혼,0,흡연,없음,없음,가족 생활비,없음,6,예산·보장 재검토
25,여성,6000,2,기혼,0,비흡연,없음,없음,가족 생활비,없음,10,예산·보장 재검토
25,여성,6000,2,미혼,0,비흡연,없음,없음,노후 자금,가족 생활비,12,수호천사 행복 연금보험
25,여성,7500,1,기혼,0,비흡연,없음,없음,노후 자금,없음,12,수호천사 행복 연금보험
25,여성,7500,1,미혼,0,비흡연,고혈압,암,유병자 보장,가족 생활비,8,예산·보장 재검토
25,여성,7500,1,미혼,0,비흡연,없음,없음,노후 자금,없음,12,수호천사 행복 연금보험
25,여성,7500,1,미혼,0,비흡연,없음,없음,암·건강,없음,10,수호천사 암/건강보험
25,여성,7500,1,미혼,0,흡연,없음,없음,암·건강,없음,10,수호천사 암/건강보험
25,여성,7500,2,미혼,0,비흡연,없음,없음,가족 생활비,암·건강,20,수호천사 우리가족 종신보험
25,여성,9000,1,미혼,0,비흡연,없음,심혈관,노후 자금,없음,10,예산·보장 재검토
25,여성,9000,1,미혼,0,비흡연,없음,없음,암·건강,없음,12,수호천사 암/건강보험
25,여성,9000,1,미혼,0,비흡연,없음,없음,가족 생활비,없음,12,예산·보장 재검토
25,여성,9000,1,미혼,0,비흡연,없음,없음,가족 생활비,없음,12,예산·보장 재검토
25,여성,9000,1,미혼,0,흡연,없음,없음,암·건강,유병자 보장,8,수호천사 암/건강보험
25,여성,9000,1,미혼,0,흡연,없음,없음,유병자 보장,없음,12,수호천사 간편심사(유병자)보험
25,여성,12000,1,기혼,0,비흡연,없음,없음,노후 자금,없음,10,예산·보장 재검토
26,남성,3000,1,기혼,0,비흡연,없음,암,가족 생활비,없음,10,예산·보장 재검토
26,남성,3000,1,미혼,0,비흡연,없음,심혈관,암·건강,없음,6,예산·보장 재검토
26,남성,3000,1,미혼,0,비흡연,없음,암,노후 자금,없음,20,수호천사 행복 연금보험
26,남성,3000,1,미혼,0,비흡연,없음,암,암·건강,없음,12,수호천사 암/건강보험
26,남성,3000,1,미혼,0,비흡연,없음,없음,노후 자금,가족 생활비,8,예산·보장 재검토
26,남성,3000,1,미혼,0,비흡연,없음,없음,유병자 보장,노후 자금,8,예산·보장 재검토
26,남성,3000,1,미혼,0,흡연,없음,없음,가족 생활비,없음,8,예산·보장 재검토
26,남성,3000,1,미혼,0,흡연,없음,없음,유병자 보장,없음,12,수호천사 간편심사(유병자)보험
26,남성,3000,2,미혼,0,비흡연,없음,없음,유병자 보장,없음,10,수호천사 간편심사(유병자)보험
26,남성,3000,2,미혼,0,흡연,없음,암,노후 자금,없음,12,수호천사 행복 연금보험
26,남성,4000,1,기혼,0,흡연,없음,암,암·건강,노후 자금,20,수호천사 암/건강보험
26,남성,4000,1,미혼,0,비흡연,없음,암,암·건강,없음,10,수호천사 암/건강보험
26,남성,4000,1,미혼,0,비흡연,없음,암,암·건강,없음,12,수호천사 암/건강보험
26,남성,4000,1,미혼,0,비흡연,없음,없음,가족 생활비,없음,8,예산·보장 재검토
26,남성,4000,1,미혼,0,비흡연,없음,없음,노후 자금,없음,10,예산·보장 재검토
26,남성,4000,1,미혼,0,흡연,없음,암,노후 자금,없음,10,수호천사 암/건강보험
26,남성,4000,1,미혼,0,흡연,없음,암,암·건강,없음,12,수호천사 암/건강보험
26,남성,4000,2,미혼,0,비흡연,없음,암,암·건강,없음,6,예산·보장 재검토
26,남성,4000,2,미혼,0,흡연,고혈압,없음,암·건강,없음,6,예산·보장 재검토
26,남성,4000,3,기혼,0,비흡연,없음,심혈관,유병자 보장,가족 생활비,8,예산·보장 재검토
26,남성,4000,3,미혼,0,비흡연,없음,암,노후 자금,없음,20,수호천사 행복 연금보험
26,남성,5000,1,미혼,0,비흡연,고혈압,없음,유병자 보장,노후 자금,10,수호천사 간편심사(유병자)보험
26,남성,5000,1,미혼,0,비흡연,없음,암,유병자 보장,없음,8,예산·보장 재검토
26,남성,5000,1,미혼,0,비흡연,없음,없음,유병자 보장,없음,10,수호천사 간편심사(유병자)보험
26,남성,5000,1,미혼,0,비흡연,없음,없음,노후 자금,없음,10,예산·보장 재검토
26,남성,5000,1,미혼,0,흡연,없음,심혈관,암·건강,없음,15,수호천사 암/건강보험
26,남성,5000,1,미혼,0,흡연,없음,암,암·건강,가족 생활비,20,수호천사 암/건강보험
26,남성,5000,2,기혼,0,비흡연,없음,심혈관,암·건강,유병자 보장,15,수호천사 암/건강보험
26,남성,5000,3,기혼,0,비흡연,없음,없음,암·건강,없음,15,수호천사 암/건강보험
26,남성,5000,3,미혼,0,비흡연,없음,없음,암·건강,없음,6,예산·보장 재검토
26,남성,6000,1,기혼,0,비흡연,없음,없음,암·건강,없음,8,수호천사 암/건강보험
26,남성,6000,1,미혼,0,비흡연,없음,없음,유병자 보장,없음,12,수호천사 간편심사(유병자)보험
26,남성,6000,2,미혼,0,비흡연,당뇨,심혈관,유병자 보장,가족 생활비,12,수호천사 간편심사(유병자)보험
26,남성,6000,2,미혼,0,비흡연,없음,없음,유병자 보장,가족 생활비,8,예산·보장 재검토
26,남성,7500,1,기혼,0,비흡연,고혈압,암,유병자 보장,없음,15,수호천사 간편심사(유병자)보험
26,남성,7500,1,미혼,0,비흡연,없음,없음,노후 자금,유병자 보장,8,예산·보장 재검토
26,남성,7500,2,기혼,0,흡연,없음,없음,노후 자금,없음,8,예산·보장 재검토
26,남성,7500,2,미혼,0,비흡연,고혈압,없음,유병자 보장,없음,8,예산·보장 재검토
26,남성,7500,3,미혼,0,비흡연,없음,없음,유병자 보장,가족 생활비,20,수호천사 간편심사(유병자)보험
26,남성,7500,3,미혼,0,비흡연,없음,없음,노후 자금,유병자 보장,15,수호천사 행복 연금보험
26,여성,3000,1,기혼,0,비흡연,고혈압,없음,유병자 보장,없음,10,수호천사 간편심사(유병자)보험
26,여성,3000,1,미혼,0,비흡연,고혈압,없음,유병자 보장,가족 생활비,15,수호천사 간편심사(유병자)보험
26,여성,3000,1,미혼,0,비흡연,없음,심혈관,노후 자금,없음,15,수호천사 행복 연금보험
26,여성,3000,1,미혼,0,비흡연,없음,없음,가족 생활비,없음,8,예산·보장 재검토
26,여성,3000,1,미혼,0,흡연,고혈압,심혈관,유병자 보장,없음,15,수호천사 간편심사(유병자)보험
26,여성,3000,1,미혼,0,흡연,없음,없음,가족 생활비,암·건강,6,예산·보장 재검토
26,여성,3000,2,미혼,0,비흡연,없음,없음,가족 생활비,유병자 보장,10,수호천사 간편심사(유병자)보험
26,여성,3000,2,미혼,0,흡연,없음,없음,유병자 보장,가족 생활비,6,예산·보장 재검토
26,여성,3000,3,미혼,0,비흡연,없음,없음,암·건강,없음,8,수호천사 암/건강보험
26,여성,4000,1,기혼,0,비흡연,없음,없음,유병자 보장,없음,10,수호천사 간편심사(유병자)보험
26,여성,4000,1,기혼,0,비흡연,없음,없음,암·건강,없음,6,예산·보장 재검토
26,여성,4000,1,기혼,0,흡연,없음,심혈관,노후 자금,유병자 보장,10,수호천사 암/건강보험
26,여성,4000,1,기혼,0,흡연,없음,없음,유병자 보장,노후 자금,10,수호천사 간편심사(유병자)보험
26,여성,4000,1,미혼,0,비흡연,없음,심혈관,유병자 보장,없음,10,수호천사 간편심사(유병자)보험
26,여성,4000,1,미혼,0,비흡연,없음,없음,노후 자금,없음,6,예산·보장 재검토
26,여성,4000,1,미혼,0,흡연,당뇨,없음,가족 생활비,노후 자금,6,예산·보장 재검토
26,여성,4000,1,미혼,0,흡연,없음,없음,유병자 보장,가족 생활비,8,예산·보장 재검토
26,여성,4000,2,미혼,0,비흡연,고혈압,암,유병자 보장,없음,15,수호천사 간편심사(유병자)보험
26,여성,4000,2,미혼,0,흡연,당뇨,없음,노후 자금,없음,15,수호천사 행복 연금보험
26,여성,4000,3,미혼,0,비흡연,없음,없음,가족 생활비,없음,8,예산·보장 재검토
26,여성,5000,1,기혼,0,비흡연,없음,없음,노후 자금,없음,12,수호천사 행복 연금보험
26,여성,5000,1,기혼,0,비흡연,없음,없음,노후 자금,암·건강,10,수호천사 암/건강보험
26,여성,5000,1,기혼,0,비흡연,없음,없음,노후 자금,없음,20,수호천사 행복 연금보험
26,여성,5000,1,기혼,1,비흡연,없음,심혈관,암·건강,유병자 보장,6,예산·보장 재검토
26,여성,5000,1,미혼,0,비흡연,고혈압,암,유병자 보장,없음,10,수호천사 간편심사(유병자)보험
26,여성,5000,1,미혼,0,비흡연,없음,없음,암·건강,없음,10,수호천사 암/건강보험
26,여성,5000,1,미혼,0,비흡연,없음,없음,가족 생활비,유병자 보장,8,예산·보장 재검토
26,여성,5000,1,미혼,0,흡연,없음,암,노후 자금,없음,6,예산·보장 재검토
26,여성,5000,1,미혼,0,흡연,없음,없음,가족 생활비,없음,6,예산·보장 재검토
26,여성,6000,1,기혼,0,비흡연,없음,암,암·건강,유병자 보장,10,수호천사 암/건강보험
26,여성,6000,1,기혼,0,흡연,고혈압,없음,암·건강,없음,12,수호천사 암/건강보험
26,여성,6000,1,미혼,0,비흡연,없음,없음,노후 자금,암·건강,12,수호천사 행복 연금보험
26,여성,6000,2,기혼,1,비흡연,없음,없음,암·건강,가족 생활비,6,예산·보장 재검토
26,여성,6000,2,미혼,0,비흡연,없음,암,암·건강,유병자 보장,15,수호천사 암/건강보험
26,여성,6000,2,미혼,0,비흡연,없음,암,암·건강,없음,10,수호천사 암/건강보험
26,여성,6000,2,미혼,0,흡연,없음,없음,암·건강,없음,20,수호천사 암/건강보험
26,여성,7500,1,미혼,0,비흡연,없음,암,암·건강,유병자 보장,6,예산·보장 재검토
26,여성,7500,1,미혼,0,비흡연,없음,암,유병자 보장,노후 자금,20,수호천사 간편심사(유병자)보험
26,여성,7500,2,미혼,0,비흡연,없음,없음,유병자 보장,암·건강,20,수호천사 간편심사(유병자)보험
26,여성,9000,1,미혼,0,비흡연,없음,심혈관,암·건강,없음,15,수호천사 암/건강보험
26,여성,9000,1,미혼,0,비흡연,없음,없음,암·건강,없음,15,수호천사 암/건강보험
26,여성,9000,2,미혼,0,흡연,없음,심혈관,암·건강,없음,10,수호천사 암/건강보험
26,여성,12000,1,미혼,0,비흡연,고혈압,없음,암·건강,유병자 보장,15,수호천사 암/건강보험
26,여성,12000,1,미혼,0,흡연,없음,심혈관,가족 생활비,유병자 보장,12,수호천사 암/건강보험
26,여성,12000,3,미혼,0,비흡연,없음,없음,암·건강,없음,10,수호천사 암/건강보험
27,남성,3000,1,기혼,0,비흡연,고혈압,없음,유병자 보장,암·건강,20,수호천사 간편심사(유병자)보험
27,남성,3000,1,기혼,0,비흡연,없음,없음,유병자 보장,없음,8,예산·보장 재검토
27,남성,3000,1,미혼,0,비흡연,고혈압,없음,유병자 보장,없음,8,예산·보장 재검토
27,남성,3000,1,미혼,0,비흡연,없음,암,암·건강,없음,20,수호천사 암/건강보험
27,남성,3000,1,미혼,0,비흡연,없음,없음,암·건강,없음,8,수호천사 암/건강보험
27,남성,3000,1,미혼,0,흡연,없음,없음,노후 자금,가족 생활비,6,예산·보장 재검토
27,남성,3000,2,미혼,0,비흡연,없음,암,암·건강,노후 자금,8,수호천사 암/건강보험
27,남성,3000,2,미혼,0,비흡연,없음,암,유병자 보장,없음,12,수호천사 간편심사(유병자)보험
27,남성,3000,2,미혼,0,비흡연,없음,없음,유병자 보장,없음,15,수호천사 간편심사(유병자)보험
27,남성,3000,2,미혼,0,비흡연,없음,없음,유병자 보장,암·건강,6,예산·보장 재검토
27,남성,3000,2,미혼,0,흡연,없음,없음,유병자 보장,노후 자금,10,수호천사 간편심사(유병자)보험
27,남성,3000,3,기혼,0,비흡연,없음,없음,노후 자금,가족 생활비,10,예산·보장 재검토
27,남성,4000,1,미혼,0,비흡연,없음,암,노후 자금,없음,12,수호천사 행복 연금보험
27,남성,4000,1,미혼,0,비흡연,없음,없음,유병자 보장,없음,12,수호천사 간편심사(유병자)보험
27,남성,4000,1,미혼,0,비흡연,없음,없음,유병자 보장,없음,20,수호천사 간편심사(유병자)보험
27,남성,4000,1,미혼,0,흡연,없음,암,암·건강,없음,8,수호천사 암/건강보험
27,남성,4000,1,미혼,0,흡연,없음,없음,유병자 보장,노후 자금,8,예산·보장 재검토
27,남성,4000,2,미혼,0,비흡연,없음,없음,가족 생활비,노후 자금,10,예산·보장 재검토
27,남성,4000,2,미혼,0,비흡연,없음,없음,암·건강,노후 자금,8,수호천사 암/건강보험
27,남성,4000,3,미혼,0,비흡연,없음,암,암·건강,없음,10,수호천사 암/건강보험
27,남성,4000,3,미혼,0,비흡연,없음,없음,노후 자금,유병자 보장,6,예산·보장 재검토
27,남성,4000,3,미혼,0,흡연,없음,없음,암·건강,없음,6,예산·보장 재검토
27,남성,5000,1,기혼,0,비흡연,없음,없음,유병자 보장,없음,20,수호천사 간편심사(유병자)보험
27,남성,5000,1,기혼,1,흡연,없음,암,가족 생활비,없음,6,예산·보장 재검토
27,남성,5000,1,미혼,0,비흡연,고혈압,없음,유병자 보장,없음,10,수호천사 간편심사(유병자)보험
27,남성,5000,1,미혼,0,비흡연,없음,심혈관,암·건강,유병자 보장,12,수호천사 암/건강보험
27,남성,5000,1,미혼,0,비흡연,없음,암,암·건강,없음,6,예산·보장 재검토
27,남성,5000,1,미혼,0,비흡연,없음,암,노후 자금,암·건강,8,수호천사 암/건강보험
27,남성,5000,1,미혼,0,비흡연,없음,암,암·건강,노후 자금,8,수호천사 암/건강보험
27,남성,5000,1,미혼,0,비흡연,없음,없음,암·건강,없음,10,수호천사 암/건강보험
27,남성,5000,1,미혼,0,비흡연,없음,없음,암·건강,가족 생활비,8,수호천사 암/건강보험
27,남성,5000,2,기혼,0,비흡연,없음,없음,암·건강,없음,12,수호천사 암/건강보험
27,남성,5000,2,미혼,0,비흡연,없음,암,유병자 보장,없음,8,예산·보장 재검토
27,남성,5000,2,미혼,0,흡연,없음,암,암·건강,노후 자금,6,예산·보장 재검토
27,남성,5000,2,미혼,0,흡연,없음,없음,가족 생활비,없음,6,예산·보장 재검토
27,남성,5000,2,미혼,0,흡연,없음,없음,가족 생활비,노후 자금,8,예산·보장 재검토
27,남성,6000,1,미혼,0,비흡연,없음,심혈관,노후 자금,암·건강,8,수호천사 암/건강보험
27,남성,6000,1,미혼,0,비흡연,없음,암,암·건강,유병자 보장,20,수호천사 암/건강보험
27,남성,6000,1,미혼,0,흡연,없음,없음,노후 자금,유병자 보장,6,예산·보장 재검토
27,남성,6000,1,미혼,0,흡연,없음,없음,가족 생활비,유병자 보장,10,수호천사 간편심사(유병자)보험
27,남성,6000,1,미혼,0,흡연,없음,없음,암·건강,없음,12,수호천사 암/건강보험
27,남성,6000,2,미혼,0,비흡연,없음,심혈관,가족 생활비,없음,12,예산·보장 재검토
27,남성,6000,2,미혼,0,비흡연,없음,없음,노후 자금,없음,12,수호천사 행복 연금보험
27,남성,6000,2,미혼,0,흡연,없음,심혈관,암·건강,가족 생활비,6,예산·보장 재검토
27,남성,6000,2,미혼,0,흡연,없음,없음,노후 자금,없음,12,수호천사 행복 연금보험
27,남성,7500,1,기혼,0,비흡연,없음,암,암·건강,가족 생활비,8,수호천사 암/건강보험
27,남성,7500,1,기혼,1,흡연,없음,없음,가족 생활비,암·건강,15,수호천사 우리가족 종신보험
27,남성,7500,1,미혼,0,비흡연,없음,암,노후 자금,없음,8,예산·보장 재검토
27,남성,7500,1,미혼,0,비흡연,없음,암,암·건강,노후 자금,15,수호천사 암/건강보험
27,남성,7500,1,미혼,0,흡연,없음,없음,노후 자금,유병자 보장,12,수호천사 행복 연금보험
27,남성,7500,2,기혼,0,흡연,없음,없음,유병자 보장,없음,12,수호천사 간편심사(유병자)보험
27,남성,7500,2,미혼,0,비흡연,없음,암,가족 생활비,없음,8,예산·보장 재검토
27,남성,9000,1,미혼,0,비흡연,고혈압,없음,유병자 보장,가족 생활비,15,수호천사 간편심사(유병자)보험
27,남성,9000,1,미혼,0,비흡연,없음,암,암·건강,없음,15,수호천사 암/건강보험
27,남성,9000,1,미혼,0,비흡연,없음,없음,유병자 보장,없음,10,수호천사 간편심사(유병자)보험
27,남성,9000,1,미혼,0,비흡연,없음,없음,유병자 보장,가족 생활비,10,수호천사 간편심사(유병자)보험
27,남성,9000,1,미혼,0,비흡연,없음,없음,암·건강,없음,6,예산·보장 재검토
27,남성,9000,1,미혼,0,흡연,없음,암,암·건강,노후 자금,8,수호천사 암/건강보험
27,남성,9000,3,미혼,0,비흡연,없음,암,암·건강,유병자 보장,15,수호천사 암/건강보험
27,남성,12000,1,기혼,0,비흡연,없음,없음,암·건강,없음,10,수호천사 암/건강보험
27,남성,12000,1,미혼,0,비흡연,없음,심혈관,암·건강,노후 자금,15,수호천사 암/건강보험
27,여성,3000,1,기혼,0,흡연,없음,암,가족 생활비,노후 자금,12,수호천사 암/건강보험
27,여성,3000,1,미혼,0,비흡연,고혈압,암,유병자 보장,없음,12,수호천사 간편심사(유병자)보험
27,여성,3000,1,미혼,0,비흡연,당뇨,없음,가족 생활비,유병자 보장,12,수호천사 간편심사(유병자)보험
27,여성,3000,1,미혼,0,비흡연,없음,암,암·건강,없음,10,수호천사 암/건강보험
27,여성,3000,1,미혼,0,비흡연,없음,암,노후 자금,유병자 보장,10,수호천사 간편심사(유병자)보험
27,여성,3000,1,미혼,0,흡연,없음,없음,가족 생활비,노후 자금,6,예산·보장 재검토
27,여성,3000,2,기혼,0,비흡연,없음,없음,암·건강,없음,15,수호천사 암/건강보험
27,여성,3000,2,미혼,0,비흡연,없음,암,암·건강,없음,20,수호천사 암/건강보험
27,여성,3000,2,미혼,0,비흡연,없음,없음,가족 생활비,유병자 보장,10,수호천사 간편심사(유병자)보험
27,여성,3000,2,미혼,0,흡연,당뇨,없음,유병자 보장,없음,20,수호천사 간편심사(유병자)보험
27,여성,3000,3,미혼,0,비흡연,없음,없음,가족 생활비,노후 자금,20,수호천사 우리가족 종신보험
27,여성,4000,1,기혼,0,비흡연,없음,없음,노후 자금,없음,10,예산·보장 재검토
27,여성,4000,1,기혼,0,비흡연,없음,없음,암·건강,없음,12,수호천사 암/건강보험
27,여성,4000,1,기혼,0,흡연,없음,심혈관,암·건강,없음,10,수호천사 암/건강보험
27,여성,4000,1,미혼,0,비흡연,고혈압,심혈관,노후 자금,없음,8,예산·보장 재검토
27,여성,4000,1,미혼,0,비흡연,고혈압,없음,유병자 보장,암·건강,6,예산·보장 재검토
27,여성,4000,1,미혼,0,비흡연,없음,없음,암·건강,없음,10,수호천사 암/건강보험
27,여성,4000,1,미혼,0,비흡연,없음,없음,노후 자금,유병자 보장,15,수호천사 행복 연금보험
27,여성,4000,1,미혼,0,비흡연,없음,없음,노후 자금,암·건강,8,수호천사 암/건강보험
27,여성,4000,1,미혼,0,흡연,없음,암,유병자 보장,없음,15,수호천사 간편심사(유병자)보험
27,여성,4000,1,미혼,0,흡연,없음,암,유병자 보장,없음,10,수호천사 간편심사(유병자)보험
27,여성,4000,1,미혼,0,흡연,없음,없음,유병자 보장,가족 생활비,12,수호천사 간편심사(유병자)보험
27,여성,4000,1,미혼,0,흡연,없음,없음,암·건강,없음,8,수호천사 암/건강보험
27,여성,4000,2,기혼,0,비흡연,없음,없음,가족 생활비,없음,10,예산·보장 재검토
27,여성,4000,2,미혼,0,비흡연,없음,없음,유병자 보장,없음,6,예산·보장 재검토
27,여성,4000,3,미혼,0,비흡연,없음,없음,가족 생활비,노후 자금,8,예산·보장 재검토
27,여성,4000,3,미혼,0,흡연,없음,없음,노후 자금,없음,6,예산·보장 재검토
27,여성,5000,1,미혼,0,비흡연,없음,심혈관,암·건강,없음,6,예산·보장 재검토
27,여성,5000,1,미혼,0,비흡연,없음,심혈관,유병자 보장,없음,8,예산·보장 재검토
27,여성,5000,1,미혼,0,비흡연,없음,심혈관,암·건강,없음,10,수호천사 암/건강보험
27,여성,5000,1,미혼,0,비흡연,없음,암,노후 자금,없음,10,예산·보장 재검토
27,여성,5000,1,미혼,0,비흡연,없음,암,암·건강,가족 생활비,8,수호천사 암/건강보험
27,여성,5000,1,미혼,0,비흡연,없음,없음,가족 생활비,유병자 보장,15,수호천사 우리가족 종신보험
27,여성,5000,1,미혼,0,비흡연,없음,없음,가족 생활비,암·건강,10,수호천사 암/건강보험
27,여성,5000,1,미혼,0,비흡연,없음,없음,유병자 보장,없음,20,수호천사 간편심사(유병자)보험
27,여성,5000,1,미혼,0,비흡연,없음,없음,가족 생활비,없음,12,예산·보장 재검토
27,여성,5000,1,미혼,0,흡연,없음,암,가족 생활비,없음,6,예산·보장 재검토
27,여성,5000,1,미혼,0,흡연,없음,없음,가족 생활비,없음,20,수호천사 우리가족 종신보험
27,여성,5000,1,미혼,0,흡연,없음,없음,노후 자금,없음,15,수호천사 행복 연금보험
27,여성,5000,2,미혼,0,비흡연,고혈압,심혈관,노후 자금,없음,12,수호천사 행복 연금보험
27,여성,5000,2,미혼,0,비흡연,없음,없음,유병자 보장,가족 생활비,10,수호천사 간편심사(유병자)보험
27,여성,5000,3,기혼,0,비흡연,없음,암,유병자 보장,없음,10,수호천사 간편심사(유병자)보험
27,여성,5000,3,미혼,0,비흡연,없음,없음,암·건강,노후 자금,10,수호천사 암/건강보험
27,여성,6000,1,미혼,0,비흡연,없음,암,가족 생활비,암·건강,15,수호천사 우리가족 종신보험
27,여성,6000,1,미혼,0,비흡연,없음,암,유병자 보장,없음,10,수호천사 간편심사(유병자)보험
27,여성,6000,1,미혼,0,비흡연,없음,암,암·건강,없음,6,예산·보장 재검토
27,여성,6000,1,미혼,0,비흡연,없음,없음,암·건강,없음,6,예산·보장 재검토
27,여성,6000,1,미혼,0,비흡연,없음,없음,노후 자금,없음,6,예산·보장 재검토
27,여성,6000,3,미혼,0,비흡연,없음,심혈관,암·건강,없음,8,수호천사 암/건강보험
27,여성,7500,1,기혼,0,비흡연,없음,없음,가족 생활비,유병자 보장,10,수호천사 간편심사(유병자)보험
27,여성,7500,1,미혼,0,비흡연,없음,없음,암·건강,없음,20,수호천사 암/건강보험
27,여성,7500,1,미혼,0,비흡연,없음,없음,노후 자금,없음,8,예산·보장 재검토
27,여성,7500,1,미혼,0,흡연,없음,심혈관,암·건강,노후 자금,8,수호천사 암/건강보험
27,여성,7500,2,미혼,0,흡연,없음,암,암·건강,가족 생활비,8,수호천사 암/건강보험
27,여성,7500,2,미혼,0,흡연,없음,없음,노후 자금,가족 생활비,12,수호천사 행복 연금보험
27,여성,7500,3,미혼,0,비흡연,없음,암,노후 자금,암·건강,12,수호천사 행복 연금보험
27,여성,9000,1,미혼,0,비흡연,없음,없음,암·건강,가족 생활비,12,수호천사 암/건강보험
27,여성,9000,3,미혼,0,비흡연,없음,없음,유병자 보장,노후 자금,20,수호천사 간편심사(유병자)보험
27,여성,12000,1,미혼,0,비흡연,고혈압,없음,가족 생활비,없음,20,수호천사 우리가족 종신보험
28,남성,3000,1,기혼,0,비흡연,없음,심혈관,노후 자금,없음,15,수호천사 행복 연금보험
28,남성,3000,1,미혼,0,비흡연,고혈압,암,유병자 보장,노후 자금,15,수호천사 간편심사(유병자)보험
28,남성,3000,1,미혼,0,비흡연,없음,암,유병자 보장,노후 자금,8,예산·보장 재검토
28,남성,3000,1,미혼,0,비흡연,없음,없음,가족 생활비,없음,10,예산·보장 재검토
28,남성,3000,1,미혼,0,흡연,없음,없음,가족 생활비,유병자 보장,8,예산·보장 재검토
28,남성,3000,2,기혼,0,비흡연,없음,심혈관,가족 생활비,없음,15,수호천사 우리가족 종신보험
28,남성,3000,2,미혼,0,비흡연,없음,없음,가족 생활비,없음,6,예산·보장 재검토
28,남성,3000,2,미혼,0,흡연,없음,없음,암·건강,없음,6,예산·보장 재검토
28,남성,3000,2,미혼,0,흡연,없음,없음,노후 자금,가족 생활비,6,예산·보장 재검토
28,남성,3000,3,미혼,0,비흡연,고혈압,암,가족 생활비,유병자 보장,10,수호천사 간편심사(유병자)보험
28,남성,3000,3,미혼,0,비흡연,없음,없음,노후 자금,유병자 보장,12,수호천사 행복 연금보험
28,남성,3000,3,미혼,0,흡연,없음,심혈관,암·건강,없음,6,예산·보장 재검토
28,남성,3000,3,미혼,0,흡연,없음,없음,암·건강,없음,10,수호천사 암/건강보험
28,남성,4000,1,기혼,0,비흡연,없음,없음,가족 생활비,없음,8,예산·보장 재검토
28,남성,4000,1,미혼,0,비흡연,고혈압,없음,암·건강,가족 생활비,15,수호천사 암/건강보험
28,남성,4000,1,미혼,0,비흡연,없음,없음,노후 자금,유병자 보장,6,예산·보장 재검토
28,남성,4000,1,미혼,0,비흡연,없음,없음,유병자 보장,암·건강,6,예산·보장 재검토
28,남성,4000,1,미혼,0,비흡연,없음,없음,가족 생활비,없음,10,예산·보장 재검토
28,남성,4000,1,미혼,0,비흡연,없음,없음,노후 자금,없음,10,예산·보장 재검토
28,남성,4000,1,미혼,0,흡연,없음,없음,유병자 보장,없음,15,수호천사 간편심사(유병자)보험
28,남성,4000,2,미혼,0,비흡연,없음,없음,유병자 보장,없음,10,수호천사 간편심사(유병자)보험
28,남성,4000,2,미혼,0,흡연,당뇨,심혈관,유병자 보장,없음,20,수호천사 간편심사(유병자)보험
28,남성,4000,3,기혼,1,비흡연,없음,암,가족 생활비,노후 자금,8,예산·보장 재검토
28,남성,5000,1,미혼,0,비흡연,고혈압,없음,유병자 보장,가족 생활비,8,예산·보장 재검토
28,남성,5000,1,미혼,0,비흡연,없음,없음,가족 생활비,없음,20,수호천사 우리가족 종신보험
28,남성,5000,1,미혼,0,비흡연,없음,없음,노후 자금,없음,6,예산·보장 재검토
28,남성,5000,1,미혼,0,비흡연,없음,없음,유병자 보장,암·건강,12,수호천사 간편심사(유병자)보험
28,남성,5000,1,미혼,0,흡연,없음,없음,암·건강,유병자 보장,6,예산·보장 재검토
28,남성,5000,2,미혼,0,비흡연,없음,암,암·건강,없음,10,수호천사 암/건강보험
28,남성,5000,2,미혼,0,비흡연,없음,없음,유병자 보장,가족 생활비,6,예산·보장 재검토
28,남성,6000,1,미혼,0,비흡연,고혈압,없음,암·건강,유병자 보장,12,수호천사 암/건강보험
28,남성,6000,1,미혼,0,비흡연,없음,심혈관,암·건강,없음,15,수호천사 암/건강보험
28,남성,6000,1,미혼,0,비흡연,없음,없음,가족 생활비,없음,6,예산·보장 재검토
28,남성,6000,1,미혼,0,비흡연,없음,없음,유병자 보장,없음,6,예산·보장 재검토
28,남성,6000,1,미혼,0,비흡연,없음,없음,노후 자금,가족 생활비,8,예산·보장 재검토
28,남성,6000,1,미혼,0,비흡연,없음,없음,암·건강,없음,8,수호천사 암/건강보험
28,남성,6000,1,미혼,0,비흡연,없음,없음,암·건강,유병자 보장,10,수호천사 암/건강보험
28,남성,6000,1,미혼,0,비흡연,없음,없음,노후 자금,암·건강,20,수호천사 행복 연금보험
28,남성,6000,1,미혼,0,비흡연,없음,없음,노후 자금,유병자 보장,6,예산·보장 재검토
28,남성,6000,2,기혼,0,비흡연,없음,없음,유병자 보장,노후 자금,10,수호천사 간편심사(유병자)보험
28,남성,6000,3,미혼,0,비흡연,없음,없음,암·건강,없음,10,수호천사 암/건강보험
28,남성,7500,1,미혼,0,비흡연,없음,심혈관,암·건강,노후 자금,8,수호천사 암/건강보험
28,남성,7500,1,미혼,0,비흡연,없음,심혈관,유병자 보장,암·건강,8,수호천사 암/건강보험
28,남성,7500,2,기혼,0,비흡연,없음,암,암·건강,노후 자금,15,수호천사 암/건강보험
28,남성,9000,1,미혼,0,흡연,없음,심혈관,암·건강,유병자 보장,12,수호천사 암/건강보험
28,남성,9000,1,미혼,0,흡연,없음,암,암·건강,없음,15,수호천사 암/건강보험
28,남성,9000,2,미혼,0,흡연,없음,없음,유병자 보장,없음,10,수호천사 간편심사(유병자)보험
28,남성,9000,2,미혼,0,흡연,없음,없음,노후 자금,유병자 보장,12,수호천사 행복 연금보험
28,남성,12000,2,미혼,0,흡연,없음,없음,가족 생활비,암·건강,20,수호천사 우리가족 종신보험
28,남성,12000,3,미혼,0,비흡연,없음,암,암·건강,없음,20,수호천사 암/건강보험
28,여성,3000,1,미혼,0,비흡연,없음,심혈관,암·건강,가족 생활비,20,수호천사 암/건강보험
28,여성,3000,1,미혼,0,비흡연,없음,심혈관,암·건강,없음,8,수호천사 암/건강보험
28,여성,3000,1,미혼,0,비흡연,없음,심혈관,암·건강,가족 생활비,20,수호천사 암/건강보험
28,여성,3000,1,미혼,0,비흡연,없음,심혈관,가족 생활비,없음,15,수호천사 우리가족 종신보험
28,여성,3000,1,미혼,0,비흡연,없음,심혈관,노후 자금,없음,15,수호천사 행복 연금보험
28,여성,3000,1,미혼,0,비흡연,없음,암,노후 자금,없음,12,수호천사 행복 연금보험
28,여성,3000,1,미혼,0,흡연,없음,없음,노후 자금,없음,20,수호천사 행복 연금보험
28,여성,3000,1,미혼,0,흡연,없음,없음,노후 자금,가족 생활비,8,예산·보장 재검토
28,여성,3000,1,미혼,0,흡연,없음,없음,노후 자금,가족 생활비,12,수호천사 행복 연금보험
28,여성,3000,2,기혼,0,비흡연,없음,없음,암·건강,가족 생활비,12,수호천사 암/건강보험
28,여성,3000,2,미혼,0,비흡연,없음,없음,암·건강,가족 생활비,12,수호천사 암/건강보험
28,여성,3000,2,미혼,0,비흡연,없음,없음,유병자 보장,없음,12,수호천사 간편심사(유병자)보험
28,여성,4000,1,미혼,0,비흡연,고혈압,없음,유병자 보장,없음,6,예산·보장 재검토
28,여성,4000,1,미혼,0,비흡연,없음,심혈관,암·건강,없음,8,수호천사 암/건강보험
28,여성,4000,1,미혼,0,비흡연,없음,심혈관,노후 자금,암·건강,8,수호천사 암/건강보험
28,여성,4000,1,미혼,0,비흡연,없음,암,유병자 보장,가족 생활비,12,수호천사 간편심사(유병자)보험
28,여성,4000,1,미혼,0,비흡연,없음,암,유병자 보장,노후 자금,12,수호천사 간편심사(유병자)보험
28,여성,4000,1,미혼,0,비흡연,없음,없음,암·건강,가족 생활비,15,수호천사 암/건강보험
28,여성,4000,1,미혼,0,비흡연,없음,없음,유병자 보장,없음,15,수호천사 간편심사(유병자)보험
28,여성,4000,1,미혼,0,흡연,없음,암,암·건강,가족 생활비,10,수호천사 암/건강보험
28,여성,4000,1,미혼,0,흡연,없음,없음,노후 자금,암·건강,6,예산·보장 재검토
28,여성,4000,2,미혼,0,비흡연,없음,없음,가족 생활비,암·건강,10,수호천사 암/건강보험
28,여성,4000,2,미혼,0,흡연,없음,심혈관,가족 생활비,노후 자금,15,수호천사 우리가족 종신보험
28,여성,4000,3,기혼,0,비흡연,없음,없음,유병자 보장,가족 생활비,10,수호천사 간편심사(유병자)보험
28,여성,4000,3,미혼,0,비흡연,없음,심혈관,암·건강,유병자 보장,20,수호천사 암/건강보험
28,여성,4000,3,미혼,0,흡연,없음,없음,유병자 보장,없음,20,수호천사 간편심사(유병자)보험
28,여성,5000,1,기혼,0,비흡연,없음,암,가족 생활비,유병자 보장,8,예산·보장 재검토
28,여성,5000,1,기혼,0,흡연,없음,암,가족 생활비,노후 자금,12,수호천사 암/건강보험
28,여성,5000,1,미혼,0,비흡연,없음,심혈관,암·건강,없음,10,수호천사 암/건강보험
28,여성,5000,1,미혼,0,비흡연,없음,없음,노후 자금,암·건강,10,수호천사 암/건강보험
28,여성,5000,1,미혼,0,비흡연,없음,없음,암·건강,유병자 보장,8,수호천사 암/건강보험
28,여성,5000,1,미혼,0,비흡연,없음,없음,노후 자금,유병자 보장,8,예산·보장 재검토
28,여성,5000,1,미혼,0,흡연,없음,심혈관,암·건강,노후 자금,6,예산·보장 재검토
28,여성,5000,1,미혼,0,흡연,없음,없음,유병자 보장,없음,12,수호천사 간편심사(유병자)보험
28,여성,5000,1,미혼,0,흡연,없음,없음,노후 자금,없음,6,예산·보장 재검토
28,여성,5000,2,미혼,0,비흡연,없음,없음,암·건강,없음,10,수호천사 암/건강보험
28,여성,5000,2,미혼,0,비흡연,없음,없음,유병자 보장,없음,10,수호천사 간편심사(유병자)보험
28,여성,5000,2,미혼,0,비흡연,없음,없음,유병자 보장,암·건강,10,수호천사 간편심사(유병자)보험
28,여성,6000,1,기혼,1,비흡연,없음,심혈관,암·건강,없음,15,수호천사 암/건강보험
28,여성,6000,1,미혼,0,비흡연,없음,심혈관,가족 생활비,없음,10,예산·보장 재검토
28,여성,6000,1,미혼,0,비흡연,없음,암,노후 자금,없음,6,예산·보장 재검토
28,여성,6000,1,미혼,0,비흡연,없음,없음,노후 자금,없음,20,수호천사 행복 연금보험
28,여성,6000,2,미혼,0,흡연,없음,없음,유병자 보장,노후 자금,15,수호천사 간편심사(유병자)보험
28,여성,7500,1,기혼,0,비흡연,당뇨,암,유병자 보장,없음,12,수호천사 간편심사(유병자)보험
28,여성,7500,1,미혼,0,비흡연,없음,없음,암·건강,유병자 보장,15,수호천사 암/건강보험
28,여성,7500,1,미혼,0,비흡연,없음,없음,암·건강,없음,6,예산·보장 재검토
28,여성,7500,2,미혼,0,비흡연,당뇨,없음,유병자 보장,암·건강,15,수호천사 간편심사(유병자)보험
28,여성,7500,2,미혼,0,비흡연,없음,심혈관,노후 자금,없음,8,예산·보장 재검토
28,여성,7500,2,미혼,0,비흡연,없음,없음,노후 자금,없음,10,예산·보장 재검토
28,여성,7500,2,미혼,0,비흡연,없음,없음,노후 자금,없음,8,예산·보장 재검토
28,여성,9000,1,기혼,0,비흡연,없음,없음,가족 생활비,암·건강,15,수호천사 우리가족 종신보험
28,여성,9000,1,미혼,0,흡연,없음,암,암·건강,없음,8,수호천사 암/건강보험
29,남성,3000,1,기혼,0,비흡연,고혈압,없음,유병자 보장,없음,8,예산·보장 재검토
29,남성,3000,1,기혼,0,비흡연,없음,없음,가족 생활비,없음,6,예산·보장 재검토
29,남성,3000,1,기혼,1,비흡연,없음,암,유병자 보장,없음,12,수호천사 간편심사(유병자)보험
29,남성,3000,1,미혼,0,비흡연,없음,암,암·건강,없음,8,수호천사 암/건강보험
29,남성,3000,1,미혼,0,비흡연,없음,없음,암·건강,유병자 보장,10,수호천사 암/건강보험
29,남성,3000,1,미혼,0,비흡연,없음,없음,노후 자금,없음,8,예산·보장 재검토
29,남성,3000,1,미혼,0,흡연,없음,없음,유병자 보장,없음,12,수호천사 간편심사(유병자)보험
29,남성,3000,2,기혼,0,비흡연,없음,없음,노후 자금,가족 생활비,8,예산·보장 재검토
29,남성,3000,2,기혼,0,흡연,없음,없음,암·건강,없음,20,수호천사 암/건강보험
29,남성,3000,2,미혼,0,비흡연,없음,심혈관,유병자 보장,없음,8,예산·보장 재검토
29,남성,3000,2,미혼,0,흡연,없음,암,암·건강,없음,6,예산·보장 재검토
29,남성,3000,2,미혼,0,흡연,없음,없음,유병자 보장,없음,8,예산·보장 재검토
29,남성,3000,3,기혼,0,비흡연,없음,없음,암·건강,노후 자금,6,예산·보장 재검토
29,남성,4000,1,기혼,0,비흡연,없음,암,암·건강,없음,10,수호천사 암/건강보험
29,남성,4000,1,기혼,0,비흡연,없음,없음,노후 자금,유병자 보장,8,예산·보장 재검토
29,남성,4000,1,미혼,0,비흡연,없음,없음,유병자 보장,없음,15,수호천사 간편심사(유병자)보험
29,남성,4000,1,미혼,0,비흡연,없음,없음,가족 생활비,없음,10,예산·보장 재검토
29,남성,4000,1,미혼,0,비흡연,없음,없음,유병자 보장,없음,8,예산·보장 재검토
29,남성,4000,1,미혼,0,비흡연,없음,없음,유병자 보장,암·건강,10,수호천사 간편심사(유병자)보험
29,남성,4000,1,미혼,0,비흡연,없음,없음,가족 생활비,없음,6,예산·보장 재검토
29,남성,4000,1,미혼,0,비흡연,없음,없음,암·건강,노후 자금,6,예산·보장 재검토
29,남성,4000,1,미혼,0,흡연,없음,없음,노후 자금,없음,8,예산·보장 재검토
29,남성,4000,2,미혼,0,비흡연,없음,암,가족 생활비,없음,6,예산·보장 재검토
29,남성,4000,2,미혼,0,비흡연,없음,없음,가족 생활비,없음,6,예산·보장 재검토
29,남성,4000,3,미혼,0,비흡연,없음,없음,유병자 보장,노후 자금,20,수호천사 간편심사(유병자)보험
29,남성,4000,3,미혼,0,비흡연,없음,없음,암·건강,없음,12,수호천사 암/건강보험
29,남성,5000,1,기혼,0,비흡연,없음,없음,노후 자금,암·건강,20,수호천사 행복 연금보험
29,남성,5000,1,미혼,0,비흡연,고혈압,없음,유병자 보장,없음,8,예산·보장 재검토
29,남성,5000,1,미혼,0,비흡연,없음,심혈관,암·건강,없음,15,수호천사 암/건강보험
29,남성,5000,1,미혼,0,비흡연,없음,암,암·건강,노후 자금,8,수호천사 암/건강보험
29,남성,5000,1,미혼,0,흡연,없음,없음,노후 자금,없음,6,예산·보장 재검토
29,남성,5000,2,미혼,0,비흡연,없음,없음,가족 생활비,없음,15,수호천사 우리가족 종신보험
29,남성,5000,2,미혼,0,비흡연,없음,없음,노후 자금,없음,6,예산·보장 재검토
29,남성,6000,1,기혼,0,비흡연,없음,없음,노후 자금,없음,10,예산·보장 재검토
29,남성,6000,1,기혼,0,흡연,없음,없음,암·건강,가족 생활비,15,수호천사 암/건강보험
29,남성,6000,1,미혼,0,비흡연,없음,없음,노후 자금,가족 생활비,12,수호천사 행복 연금보험
29,남성,6000,1,미혼,0,비흡연,없음,없음,유병자 보장,노후 자금,10,수호천사 간편심사(유병자)보험
29,남성,6000,1,미혼,0,비흡연,없음,없음,가족 생활비,노후 자금,8,예산·보장 재검토
29,남성,6000,2,기혼,0,비흡연,없음,없음,암·건강,없음,6,예산·보장 재검토
29,남성,6000,2,기혼,1,비흡연,없음,심혈관,노후 자금,암·건강,20,수호천사 행복 연금보험
29,남성,6000,2,미혼,0,비흡연,없음,암,암·건강,없음,6,예산·보장 재검토
29,남성,6000,2,미혼,0,비흡연,없음,없음,암·건강,가족 생활비,8,수호천사 암/건강보험
29,남성,7500,1,미혼,0,비흡연,없음,암,암·건강,가족 생활비,8,수호천사 암/건강보험
29,남성,7500,1,미혼,0,비흡연,없음,없음,암·건강,가족 생활비,20,수호천사 암/건강보험
29,남성,7500,1,미혼,0,흡연,고혈압,없음,유병자 보장,없음,15,수호천사 간편심사(유병자)보험
29,남성,9000,1,미혼,0,비흡연,없음,암,유병자 보장,가족 생활비,10,수호천사 간편심사(유병자)보험
29,남성,9000,1,미혼,0,비흡연,없음,없음,유병자 보장,없음,20,수호천사 간편심사(유병자)보험
29,남성,9000,1,미혼,0,비흡연,없음,없음,노후 자금,없음,6,예산·보장 재검토
29,남성,9000,1,미혼,0,비흡연,없음,없음,유병자 보장,암·건강,20,수호천사 간편심사(유병자)보험
29,남성,9000,1,미혼,0,흡연,없음,암,가족 생활비,유병자 보장,6,예산·보장 재검토
29,남성,12000,1,미혼,0,비흡연,없음,없음,유병자 보장,없음,10,수호천사 간편심사(유병자)보험
29,여성,3000,1,기혼,0,비흡연,없음,암,유병자 보장,노후 자금,6,예산·보장 재검토
29,여성,3000,1,기혼,0,비흡연,없음,없음,가족 생활비,유병자 보장,20,수호천사 우리가족 종신보험
29,여성,3000,1,기혼,0,비흡연,없음,없음,유병자 보장,없음,20,수호천사 간편심사(유병자)보험
29,여성,3000,1,미혼,0,비흡연,없음,암,노후 자금,없음,10,예산·보장 재검토
29,여성,3000,1,미혼,0,비흡연,없음,없음,유병자 보장,없음,6,예산·보장 재검토
29,여성,3000,1,미혼,0,비흡연,없음,없음,암·건강,없음,8,수호천사 암/건강보험
29,여성,3000,1,미혼,0,비흡연,없음,없음,가족 생활비,없음,10,예산·보장 재검토
29,여성,3000,1,미혼,0,흡연,고혈압,암,가족 생활비,유병자 보장,8,수호천사 암/건강보험
29,여성,3000,2,미혼,0,비흡연,없음,없음,암·건강,가족 생활비,6,예산·보장 재검토
29,여성,3000,2,미혼,0,비흡연,없음,없음,유병자 보장,없음,10,수호천사 간편심사(유병자)보험
29,여성,3000,2,미혼,0,흡연,없음,없음,노후 자금,없음,10,예산·보장 재검토
29,여성,3000,3,미혼,0,비흡연,없음,없음,가족 생활비,없음,20,수호천사 우리가족 종신보험
29,여성,4000,1,미혼,0,비흡연,고혈압,없음,노후 자금,없음,10,수호천사 간편심사(유병자)보험
29,여성,4000,1,미혼,0,비흡연,없음,심혈관,유병자 보장,없음,8,예산·보장 재검토
29,여성,4000,1,미혼,0,비흡연,없음,심혈관,유병자 보장,가족 생활비,10,수호천사 간편심사(유병자)보험
29,여성,4000,1,미혼,0,비흡연,없음,암,암·건강,없음,6,예산·보장 재검토
29,여성,4000,1,미혼,0,비흡연,없음,암,노후 자금,암·건강,10,수호천사 암/건강보험
29,여성,4000,1,미혼,0,비흡연,없음,없음,유병자 보장,암·건강,12,수호천사 간편심사(유병자)보험
29,여성,4000,1,미혼,0,흡연,없음,없음,가족 생활비,없음,6,예산·보장 재검토
29,여성,4000,2,미혼,0,비흡연,고혈압,심혈관,유병자 보장,없음,8,예산·보장 재검토
29,여성,4000,2,미혼,0,비흡연,없음,없음,가족 생활비,노후 자금,15,수호천사 우리가족 종신보험
29,여성,4000,2,미혼,0,비흡연,없음,없음,가족 생활비,없음,10,예산·보장 재검토
29,여성,4000,2,미혼,0,흡연,없음,없음,가족 생활비,유병자 보장,10,수호천사 간편심사(유병자)보험
29,여성,5000,1,기혼,1,비흡연,없음,암,노후 자금,유병자 보장,12,수호천사 행복 연금보험
29,여성,5000,1,미혼,0,비흡연,없음,심혈관,암·건강,없음,10,수호천사 암/건강보험
29,여성,5000,1,미혼,0,비흡연,없음,암,유병자 보장,없음,6,예산·보장 재검토
29,여성,5000,1,미혼,0,비흡연,없음,암,암·건강,없음,15,수호천사 암/건강보험
29,여성,5000,1,미혼,0,비흡연,없음,암,암·건강,노후 자금,20,수호천사 암/건강보험
29,여성,5000,1,미혼,0,비흡연,없음,없음,유병자 보장,가족 생활비,6,예산·보장 재검토
29,여성,5000,1,미혼,0,비흡연,없음,없음,암·건강,없음,6,예산·보장 재검토
29,여성,5000,1,미혼,0,비흡연,없음,없음,암·건강,가족 생활비,12,수호천사 암/건강보험
29,여성,5000,1,미혼,0,흡연,없음,암,가족 생활비,없음,12,수호천사 암/건강보험
29,여성,5000,1,미혼,0,흡연,없음,없음,가족 생활비,없음,8,예산·보장 재검토
29,여성,5000,3,미혼,0,비흡연,없음,없음,가족 생활비,없음,10,예산·보장 재검토
29,여성,6000,1,기혼,1,비흡연,고혈압,암,암·건강,유병자 보장,12,수호천사 암/건강보험
29,여성,6000,1,미혼,0,비흡연,없음,없음,유병자 보장,없음,10,수호천사 간편심사(유병자)보험
29,여성,6000,1,미혼,0,비흡연,없음,없음,암·건강,유병자 보장,6,예산·보장 재검토
29,여성,6000,1,미혼,0,흡연,없음,암,가족 생활비,없음,6,예산·보장 재검토
29,여성,6000,2,기혼,0,흡연,없음,없음,노후 자금,암·건강,10,수호천사 암/건강보험
29,여성,7500,1,기혼,1,비흡연,없음,암,암·건강,없음,20,수호천사 암/건강보험
29,여성,7500,1,기혼,1,흡연,없음,심혈관,가족 생활비,암·건강,12,수호천사 암/건강보험
29,여성,7500,1,미혼,0,비흡연,없음,없음,암·건강,없음,10,수호천사 암/건강보험
29,여성,7500,1,미혼,0,흡연,없음,심혈관,암·건강,유병자 보장,20,수호천사 암/건강보험
29,여성,7500,1,미혼,0,흡연,없음,암,암·건강,없음,10,수호천사 암/건강보험
29,여성,7500,1,미혼,0,흡연,없음,없음,유병자 보장,없음,12,수호천사 간편심사(유병자)보험
29,여성,7500,3,미혼,0,비흡연,고혈압,심혈관,유병자 보장,가족 생활비,6,예산·보장 재검토
29,여성,9000,1,기혼,0,비흡연,없음,없음,노후 자금,가족 생활비,15,수호천사 행복 연금보험
29,여성,9000,1,미혼,0,비흡연,없음,없음,암·건강,가족 생활비,15,수호천사 암/건강보험
29,여성,9000,1,미혼,0,비흡연,없음,없음,가족 생활비,없음,15,수호천사 우리가족 종신보험
29,여성,9000,2,미혼,0,비흡연,없음,암,가족 생활비,없음,8,예산·보장 재검토
30,남성,3000,1,기혼,0,비흡연,없음,없음,노후 자금,없음,8,예산·보장 재검토
30,남성,3000,1,기혼,0,비흡연,없음,없음,가족 생활비,없음,6,예산·보장 재검토
30,남성,3000,1,기혼,1,비흡연,없음,없음,유병자 보장,암·건강,20,수호천사 간편심사(유병자)보험
30,남성,3000,1,기혼,1,흡연,없음,없음,가족 생활비,없음,6,예산·보장 재검토
30,남성,3000,1,기혼,2,비흡연,없음,없음,가족 생활비,없음,10,예산·보장 재검토
30,남성,3000,1,기혼,2,비흡연,없음,없음,노후 자금,없음,12,수호천사 행복 연금보험
30,남성,3000,1,기혼,2,비흡연,없음,없음,가족 생활비,없음,6,예산·보장 재검토
30,남성,3000,1,기혼,2,흡연,없음,심혈관,가족 생활비,없음,8,수호천사 암/건강보험
30,남성,3000,1,미혼,0,비흡연,없음,암,암·건강,유병자 보장,6,예산·보장 재검토
30,남성,3000,2,기혼,1,흡연,없음,심혈관,유병자 보장,없음,10,수호천사 간편심사(유병자)보험
30,남성,3000,2,기혼,2,흡연,없음,심혈관,가족 생활비,없음,20,수호천사 우리가족 종신보험
30,남성,3000,3,미혼,0,비흡연,없음,없음,가족 생활비,노후 자금,8,예산·보장 재검토
30,남성,4000,1,기혼,1,비흡연,없음,없음,가족 생활비,없음,20,수호천사 우리가족 종신보험
30,남성,4000,1,기혼,1,비흡연,없음,없음,노후 자금,가족 생활비,6,예산·보장 재검토
30,남성,4000,1,기혼,1,비흡연,없음,없음,가족 생활비,없음,8,예산·보장 재검토
30,남성,4000,1,기혼,1,흡연,없음,암,암·건강,가족 생활비,20,수호천사 암/건강보험
30,남성,4000,1,기혼,1,흡연,없음,암,가족 생활비,없음,15,수호천사 우리가족 종신보험
30,남성,4000,1,기혼,2,비흡연,없음,암,가족 생활비,암·건강,8,수호천사 암/건강보험
30,남성,4000,1,기혼,2,비흡연,없음,암,가족 생활비,없음,12,예산·보장 재검토
30,남성,4000,1,기혼,2,비흡연,없음,없음,가족 생활비,노후 자금,15,수호천사 우리가족 종신보험
30,남성,4000,1,미혼,0,비흡연,없음,심혈관,암·건강,없음,12,수호천사 암/건강보험
30,남성,4000,1,미혼,0,비흡연,없음,심혈관,노후 자금,암·건강,10,수호천사 암/건강보험
30,남성,4000,1,미혼,0,비흡연,없음,암,노후 자금,없음,6,예산·보장 재검토
30,남성,4000,1,미혼,0,비흡연,없음,없음,노후 자금,가족 생활비,6,예산·보장 재검토
30,남성,4000,1,미혼,0,비흡연,없음,없음,노후 자금,없음,10,예산·보장 재검토
30,남성,4000,1,미혼,0,비흡연,없음,없음,가족 생활비,없음,10,예산·보장 재검토
30,남성,4000,2,기혼,2,흡연,없음,암,가족 생활비,없음,8,수호천사 암/건강보험
30,남성,4000,3,기혼,2,비흡연,없음,없음,가족 생활비,없음,8,예산·보장 재검토
30,남성,5000,1,기혼,0,비흡연,없음,없음,유병자 보장,없음,8,예산·보장 재검토
30,남성,5000,1,기혼,1,비흡연,없음,암,가족 생활비,없음,10,예산·보장 재검토
30,남성,5000,1,기혼,1,비흡연,없음,암,암·건강,유병자 보장,8,수호천사 암/건강보험
30,남성,5000,1,기혼,1,비흡연,없음,없음,가족 생활비,없음,8,예산·보장 재검토
30,남성,5000,1,기혼,1,비흡연,없음,없음,가족 생활비,유병자 보장,6,예산·보장 재검토
30,남성,5000,1,기혼,1,흡연,고혈압,심혈관,유병자 보장,없음,15,수호천사 간편심사(유병자)보험
30,남성,5000,1,기혼,1,흡연,없음,없음,가족 생활비,노후 자금,12,수호천사 행복 연금보험
30,남성,5000,1,기혼,2,비흡연,고혈압,심혈관,유병자 보장,없음,6,예산·보장 재검토
30,남성,5000,1,기혼,2,비흡연,없음,없음,유병자 보장,없음,10,수호천사 간편심사(유병자)보험
30,남성,5000,1,기혼,2,비흡연,없음,없음,가족 생활비,노후 자금,10,예산·보장 재검토
30,남성,5000,1,미혼,0,비흡연,없음,없음,노후 자금,없음,12,수호천사 행복 연금보험
30,남성,5000,1,미혼,0,흡연,고혈압,없음,유병자 보장,없음,12,수호천사 간편심사(유병자)보험
30,남성,5000,2,기혼,0,비흡연,없음,심혈관,암·건강,없음,12,수호천사 암/건강보험
30,남성,5000,2,기혼,1,비흡연,없음,없음,가족 생활비,없음,12,예산·보장 재검토
30,남성,5000,2,미혼,0,비흡연,없음,없음,노후 자금,없음,6,예산·보장 재검토
30,남성,6000,1,기혼,0,비흡연,없음,없음,노후 자금,암·건강,8,수호천사 암/건강보험
30,남성,6000,1,기혼,1,비흡연,없음,암,암·건강,가족 생활비,6,예산·보장 재검토
30,남성,6000,1,기혼,1,비흡연,없음,암,가족 생활비,유병자 보장,10,수호천사 간편심사(유병자)보험
30,남성,6000,1,기혼,1,비흡연,없음,없음,암·건강,없음,10,수호천사 암/건강보험
30,남성,6000,1,기혼,2,비흡연,고혈압,없음,유병자 보장,없음,15,수호천사 간편심사(유병자)보험
30,남성,6000,1,기혼,2,비흡연,없음,암,노후 자금,없음,6,예산·보장 재검토
30,남성,6000,1,기혼,2,비흡연,없음,없음,유병자 보장,없음,12,수호천사 간편심사(유병자)보험
30,남성,6000,1,기혼,2,흡연,없음,없음,유병자 보장,노후 자금,8,예산·보장 재검토
30,남성,6000,1,기혼,2,흡연,없음,없음,가족 생활비,없음,10,예산·보장 재검토
30,남성,6000,1,미혼,0,흡연,없음,심혈관,유병자 보장,없음,12,수호천사 간편심사(유병자)보험
30,남성,6000,1,미혼,0,흡연,없음,없음,노후 자금,없음,6,예산·보장 재검토
30,남성,6000,2,기혼,1,비흡연,없음,심혈관,노후 자금,없음,8,예산·보장 재검토
30,남성,6000,2,기혼,3,흡연,고혈압,암,암·건강,없음,10,수호천사 암/건강보험
30,남성,6000,2,미혼,0,비흡연,없음,없음,암·건강,없음,12,수호천사 암/건강보험
30,남성,6000,3,기혼,3,비흡연,없음,없음,가족 생활비,없음,8,예산·보장 재검토
30,남성,7500,1,기혼,2,흡연,없음,없음,유병자 보장,없음,20,수호천사 간편심사(유병자)보험
30,남성,7500,1,미혼,0,비흡연,없음,암,노후 자금,없음,20,수호천사 행복 연금보험
30,남성,7500,1,미혼,0,비흡연,없음,없음,가족 생활비,노후 자금,15,수호천사 우리가족 종신보험
30,남성,9000,1,기혼,1,비흡연,없음,심혈관,암·건강,가족 생활비,8,수호천사 암/건강보험
30,남성,9000,1,기혼,3,비흡연,없음,암,가족 생활비,없음,12,예산·보장 재검토
30,남성,9000,1,미혼,0,비흡연,없음,없음,암·건강,없음,6,예산·보장 재검토
30,남성,9000,1,미혼,0,비흡연,없음,없음,유병자 보장,없음,20,수호천사 간편심사(유병자)보험
30,남성,12000,3,미혼,0,흡연,없음,없음,가족 생활비,암·건강,12,수호천사 암/건강보험
30,여성,3000,1,기혼,0,비흡연,없음,없음,가족 생활비,없음,6,예산·보장 재검토
30,여성,3000,1,기혼,1,비흡연,없음,암,가족 생활비,유병자 보장,8,예산·보장 재검토
30,여성,3000,1,기혼,2,비흡연,고혈압,암,가족 생활비,없음,15,수호천사 우리가족 종신보험
30,여성,3000,1,기혼,2,비흡연,없음,없음,노후 자금,유병자 보장,15,수호천사 행복 연금보험
30,여성,3000,1,기혼,2,흡연,없음,암,노후 자금,유병자 보장,10,수호천사 암/건강보험
30,여성,3000,1,기혼,3,비흡연,없음,없음,가족 생활비,없음,10,예산·보장 재검토
30,여성,3000,1,기혼,3,흡연,없음,심혈관,암·건강,없음,12,수호천사 암/건강보험
30,여성,3000,1,미혼,0,비흡연,없음,암,가족 생활비,없음,15,수호천사 우리가족 종신보험
30,여성,3000,2,미혼,0,비흡연,없음,없음,노후 자금,암·건강,12,수호천사 행복 연금보험
30,여성,3000,3,기혼,2,비흡연,없음,암,암·건강,없음,8,수호천사 암/건강보험
30,여성,4000,1,기혼,1,비흡연,없음,암,가족 생활비,노후 자금,10,예산·보장 재검토
30,여성,4000,1,기혼,1,흡연,없음,없음,가족 생활비,유병자 보장,15,수호천사 우리가족 종신보험
30,여성,4000,1,기혼,2,비흡연,없음,없음,암·건강,없음,6,예산·보장 재검토
30,여성,4000,1,미혼,0,비흡연,당뇨,심혈관,유병자 보장,암·건강,8,수호천사 암/건강보험
30,여성,4000,1,미혼,0,비흡연,없음,암,암·건강,없음,6,예산·보장 재검토
30,여성,4000,1,미혼,0,흡연,고혈압,없음,가족 생활비,없음,8,예산·보장 재검토
30,여성,4000,1,미혼,0,흡연,없음,암,가족 생활비,없음,12,수호천사 암/건강보험
30,여성,4000,2,기혼,1,비흡연,없음,암,가족 생활비,없음,6,예산·보장 재검토
30,여성,4000,2,기혼,2,흡연,없음,암,유병자 보장,없음,10,수호천사 간편심사(유병자)보험
30,여성,4000,2,미혼,0,비흡연,없음,없음,유병자 보장,암·건강,6,예산·보장 재검토
30,여성,4000,2,미혼,0,흡연,없음,없음,가족 생활비,노후 자금,20,수호천사 우리가족 종신보험
30,여성,4000,3,기혼,1,비흡연,없음,심혈관,가족 생활비,노후 자금,15,수호천사 우리가족 종신보험
30,여성,5000,1,기혼,0,비흡연,고혈압,없음,유병자 보장,노후 자금,10,수호천사 간편심사(유병자)보험
30,여성,5000,1,기혼,0,흡연,없음,없음,노후 자금,유병자 보장,12,수호천사 행복 연금보험
30,여성,5000,1,기혼,1,흡연,없음,없음,유병자 보장,가족 생활비,6,예산·보장 재검토
30,여성,5000,1,기혼,2,비흡연,고혈압,없음,가족 생활비,유병자 보장,15,수호천사 우리가족 종신보험
30,여성,5000,1,기혼,2,비흡연,없음,암,암·건강,없음,12,수호천사 암/건강보험
30,여성,5000,2,기혼,0,흡연,없음,없음,암·건강,없음,6,예산·보장 재검토
30,여성,5000,2,기혼,1,비흡연,없음,암,가족 생활비,유병자 보장,20,수호천사 우리가족 종신보험
30,여성,5000,2,기혼,2,비흡연,없음,없음,암·건강,없음,6,예산·보장 재검토
30,여성,6000,1,기혼,2,비흡연,없음,없음,암·건강,없음,12,수호천사 암/건강보험
30,여성,6000,1,기혼,2,비흡연,없음,없음,암·건강,유병자 보장,6,예산·보장 재검토
30,여성,6000,1,기혼,2,비흡연,없음,없음,가족 생활비,암·건강,12,수호천사 암/건강보험
30,여성,6000,1,미혼,0,비흡연,없음,없음,노후 자금,없음,6,예산·보장 재검토
30,여성,6000,2,기혼,2,비흡연,없음,없음,암·건강,유병자 보장,6,예산·보장 재검토
30,여성,7500,1,기혼,2,비흡연,없음,없음,가족 생활비,없음,10,예산·보장 재검토
30,여성,7500,1,미혼,0,비흡연,없음,심혈관,가족 생활비,노후 자금,20,수호천사 우리가족 종신보험
30,여성,7500,1,미혼,0,비흡연,없음,없음,암·건강,없음,8,수호천사 암/건강보험
30,여성,7500,2,기혼,3,비흡연,없음,없음,유병자 보장,가족 생활비,12,수호천사 간편심사(유병자)보험
30,여성,7500,3,기혼,1,비흡연,없음,없음,노후 자금,없음,12,수호천사 행복 연금보험
30,여성,7500,3,기혼,2,비흡연,없음,없음,가족 생활비,없음,20,수호천사 우리가족 종신보험
30,여성,7500,3,미혼,0,흡연,없음,심혈관,유병자 보장,없음,8,수호천사 암/건강보험
30,여성,9000,1,기혼,0,비흡연,없음,없음,노후 자금,없음,12,수호천사 행복 연금보험
30,여성,9000,1,기혼,1,비흡연,없음,없음,암·건강,유병자 보장,20,수호천사 암/건강보험
30,여성,9000,1,기혼,2,비흡연,당뇨,심혈관,유병자 보장,없음,8,예산·보장 재검토
30,여성,9000,1,기혼,2,비흡연,없음,없음,가족 생활비,암·건강,10,수호천사 암/건강보험
30,여성,9000,2,기혼,0,비흡연,없음,암,암·건강,없음,20,수호천사 암/건강보험
30,여성,9000,3,기혼,2,비흡연,없음,없음,가족 생활비,노후 자금,8,예산·보장 재검토
30,여성,12000,1,미혼,0,비흡연,없음,없음,가족 생활비,없음,10,예산·보장 재검토
31,남성,3000,1,기혼,0,비흡연,없음,없음,노후 자금,없음,8,예산·보장 재검토
31,남성,3000,1,기혼,1,비흡연,고혈압,없음,유병자 보장,없음,15,수호천사 간편심사(유병자)보험
31,남성,3000,1,기혼,1,비흡연,없음,암,유병자 보장,노후 자금,20,수호천사 간편심사(유병자)보험
31,남성,3000,1,기혼,1,비흡연,없음,없음,유병자 보장,암·건강,10,수호천사 간편심사(유병자)보험
31,남성,3000,1,기혼,1,흡연,없음,없음,유병자 보장,암·건강,10,수호천사 간편심사(유병자)보험
31,남성,3000,1,기혼,3,흡연,없음,심혈관,가족 생활비,유병자 보장,8,수호천사 암/건강보험
31,남성,3000,1,미혼,0,비흡연,없음,없음,암·건강,없음,6,예산·보장 재검토
31,남성,3000,1,미혼,0,비흡연,없음,없음,암·건강,없음,6,예산·보장 재검토
31,남성,3000,1,미혼,0,비흡연,없음,없음,암·건강,가족 생활비,6,예산·보장 재검토
31,남성,3000,1,미혼,0,비흡연,없음,없음,암·건강,없음,6,예산·보장 재검토
31,남성,3000,1,미혼,0,비흡연,없음,없음,노후 자금,가족 생활비,10,예산·보장 재검토
31,남성,3000,1,미혼,0,비흡연,없음,없음,유병자 보장,없음,6,예산·보장 재검토
31,남성,3000,1,미혼,0,흡연,없음,암,노후 자금,가족 생활비,6,예산·보장 재검토
31,남성,3000,3,미혼,0,흡연,없음,없음,암·건강,없음,8,수호천사 암/건강보험
31,남성,4000,1,기혼,0,비흡연,없음,없음,가족 생활비,없음,8,예산·보장 재검토
31,남성,4000,1,기혼,1,비흡연,없음,없음,가족 생활비,없음,6,예산·보장 재검토
31,남성,4000,1,기혼,1,비흡연,없음,없음,가족 생활비,없음,6,예산·보장 재검토
31,남성,4000,1,기혼,2,비흡연,없음,없음,노후 자금,없음,8,예산·보장 재검토
31,남성,4000,1,기혼,2,흡연,없음,없음,노후 자금,가족 생활비,10,예산·보장 재검토
31,남성,4000,1,기혼,3,비흡연,없음,심혈관,가족 생활비,암·건강,12,수호천사 암/건강보험
31,남성,4000,1,기혼,3,비흡연,없음,없음,유병자 보장,없음,15,수호천사 간편심사(유병자)보험
31,남성,4000,1,미혼,0,비흡연,없음,암,암·건강,없음,12,수호천사 암/건강보험
31,남성,4000,1,미혼,0,비흡연,없음,없음,가족 생활비,없음,10,예산·보장 재검토
31,남성,4000,2,기혼,0,비흡연,없음,심혈관,암·건강,노후 자금,20,수호천사 암/건강보험
31,남성,4000,2,기혼,2,비흡연,없음,암,가족 생활비,노후 자금,10,예산·보장 재검토
31,남성,4000,2,기혼,2,흡연,고혈압,없음,가족 생활비,유병자 보장,10,수호천사 간편심사(유병자)보험
31,남성,4000,3,기혼,1,비흡연,없음,없음,가족 생활비,없음,8,예산·보장 재검토
31,남성,4000,3,미혼,0,흡연,고혈압,암,가족 생활비,없음,8,수호천사 암/건강보험
31,남성,5000,1,기혼,1,비흡연,없음,없음,가족 생활비,없음,8,예산·보장 재검토
31,남성,5000,1,기혼,1,비흡연,없음,없음,암·건강,없음,6,예산·보장 재검토
31,남성,5000,1,기혼,1,비흡연,없음,없음,암·건강,없음,12,수호천사 암/건강보험
31,남성,5000,1,기혼,2,비흡연,없음,없음,가족 생활비,없음,6,예산·보장 재검토
31,남성,5000,1,기혼,2,비흡연,없음,없음,가족 생활비,암·건강,12,수호천사 암/건강보험
31,남성,5000,1,기혼,2,흡연,없음,없음,유병자 보장,없음,15,수호천사 간편심사(유병자)보험
31,남성,5000,1,기혼,3,비흡연,당뇨,심혈관,유병자 보장,노후 자금,10,수호천사 간편심사(유병자)보험
31,남성,5000,1,미혼,0,비흡연,없음,없음,노후 자금,없음,6,예산·보장 재검토
31,남성,5000,1,미혼,0,비흡연,없음,없음,노후 자금,없음,10,예산·보장 재검토
31,남성,5000,1,미혼,0,비흡연,없음,없음,가족 생활비,노후 자금,8,예산·보장 재검토
31,남성,5000,1,미혼,0,흡연,없음,없음,유병자 보장,없음,20,수호천사 간편심사(유병자)보험
31,남성,5000,2,기혼,2,비흡연,없음,없음,유병자 보장,없음,12,수호천사 간편심사(유병자)보험
31,남성,5000,3,기혼,2,비흡연,없음,없음,가족 생활비,없음,12,예산·보장 재검토
31,남성,5000,3,미혼,0,비흡연,없음,없음,유병자 보장,없음,10,수호천사 간편심사(유병자)보험
31,남성,6000,1,기혼,0,비흡연,고혈압,암,유병자 보장,없음,12,수호천사 간편심사(유병자)보험
31,남성,6000,1,기혼,1,비흡연,없음,암,가족 생활비,없음,12,예산·보장 재검토
31,남성,6000,1,기혼,1,비흡연,없음,암,암·건강,노후 자금,6,예산·보장 재검토
31,남성,6000,1,기혼,1,흡연,고혈압,암,암·건강,노후 자금,8,수호천사 암/건강보험
31,남성,6000,1,기혼,1,흡연,없음,없음,유병자 보장,없음,6,예산·보장 재검토
31,남성,6000,1,기혼,2,비흡연,없음,없음,노후 자금,가족 생활비,10,예산·보장 재검토
31,남성,6000,1,미혼,0,비흡연,없음,없음,가족 생활비,노후 자금,15,수호천사 우리가족 종신보험
31,남성,6000,2,기혼,1,흡연,없음,없음,유병자 보장,없음,12,수호천사 간편심사(유병자)보험
31,남성,6000,2,기혼,3,비흡연,없음,없음,노후 자금,없음,10,예산·보장 재검토
31,남성,7500,1,기혼,2,비흡연,없음,없음,가족 생활비,없음,20,수호천사 우리가족 종신보험
31,남성,7500,1,기혼,2,비흡연,없음,없음,가족 생활비,없음,8,예산·보장 재검토
31,남성,7500,1,기혼,2,흡연,없음,없음,노후 자금,없음,6,예산·보장 재검토
31,남성,7500,1,미혼,0,비흡연,없음,없음,암·건강,노후 자금,20,수호천사 암/건강보험
31,남성,7500,2,기혼,0,비흡연,없음,없음,암·건강,없음,20,수호천사 암/건강보험
31,남성,7500,2,기혼,2,비흡연,없음,없음,가족 생활비,암·건강,15,수호천사 우리가족 종신보험
31,남성,7500,2,기혼,2,흡연,없음,없음,유병자 보장,노후 자금,8,예산·보장 재검토
31,남성,7500,3,기혼,1,비흡연,없음,없음,가족 생활비,없음,20,수호천사 우리가족 종신보험
31,남성,9000,1,미혼,0,비흡연,없음,심혈관,암·건강,없음,15,수호천사 암/건강보험
31,남성,12000,1,기혼,1,비흡연,없음,없음,암·건강,유병자 보장,15,수호천사 암/건강보험
31,남성,12000,2,기혼,2,흡연,없음,없음,유병자 보장,노후 자금,8,예산·보장 재검토
31,여성,3000,1,기혼,1,비흡연,없음,없음,가족 생활비,없음,10,예산·보장 재검토
31,여성,3000,1,기혼,2,비흡연,없음,심혈관,암·건강,없음,15,수호천사 암/건강보험
31,여성,3000,1,기혼,2,비흡연,없음,없음,암·건강,유병자 보장,15,수호천사 암/건강보험
31,여성,3000,2,기혼,2,흡연,없음,심혈관,가족 생활비,없음,10,수호천사 암/건강보험
31,여성,3000,3,미혼,0,비흡연,없음,없음,유병자 보장,가족 생활비,10,수호천사 간편심사(유병자)보험
31,여성,4000,1,기혼,1,비흡연,없음,암,유병자 보장,없음,12,수호천사 간편심사(유병자)보험
31,여성,4000,1,기혼,1,비흡연,없음,없음,암·건강,없음,10,수호천사 암/건강보험
31,여성,4000,1,기혼,2,비흡연,없음,암,유병자 보장,없음,8,예산·보장 재검토
31,여성,4000,1,미혼,0,흡연,없음,심혈관,암·건강,노후 자금,6,예산·보장 재검토
31,여성,4000,1,미혼,0,흡연,없음,암,유병자 보장,노후 자금,6,예산·보장 재검토
31,여성,4000,2,기혼,0,비흡연,없음,없음,암·건강,없음,12,수호천사 암/건강보험
31,여성,4000,2,기혼,1,비흡연,없음,암,가족 생활비,없음,6,예산·보장 재검토
31,여성,4000,3,미혼,0,비흡연,없음,없음,노후 자금,없음,6,예산·보장 재검토
31,여성,5000,1,기혼,0,비흡연,없음,없음,암·건강,노후 자금,20,수호천사 암/건강보험
31,여성,5000,1,기혼,1,비흡연,없음,없음,암·건강,없음,12,수호천사 암/건강보험
31,여성,5000,1,기혼,2,비흡연,없음,없음,암·건강,유병자 보장,6,예산·보장 재검토
31,여성,5000,1,미혼,0,비흡연,없음,암,유병자 보장,없음,8,예산·보장 재검토
31,여성,5000,1,미혼,0,비흡연,없음,없음,암·건강,없음,12,수호천사 암/건강보험
31,여성,5000,1,미혼,0,비흡연,없음,없음,노후 자금,없음,10,예산·보장 재검토
31,여성,5000,1,미혼,0,흡연,없음,없음,노후 자금,유병자 보장,10,수호천사 간편심사(유병자)보험
31,여성,5000,2,기혼,0,비흡연,없음,없음,노후 자금,없음,10,예산·보장 재검토
31,여성,5000,2,기혼,1,비흡연,없음,암,가족 생활비,없음,8,예산·보장 재검토
31,여성,5000,2,미혼,0,비흡연,없음,없음,노후 자금,암·건강,12,수호천사 행복 연금보험
31,여성,5000,3,기혼,0,흡연,없음,암,암·건강,유병자 보장,6,예산·보장 재검토
31,여성,6000,1,기혼,0,비흡연,없음,없음,유병자 보장,없음,10,수호천사 간편심사(유병자)보험
31,여성,6000,1,기혼,1,비흡연,없음,없음,가족 생활비,유병자 보장,6,예산·보장 재검토
31,여성,6000,1,기혼,2,흡연,없음,심혈관,노후 자금,암·건강,6,예산·보장 재검토
31,여성,6000,1,미혼,0,비흡연,없음,암,유병자 보장,가족 생활비,6,예산·보장 재검토
31,여성,6000,1,미혼,0,비흡연,없음,없음,노후 자금,유병자 보장,15,수호천사 행복 연금보험
31,여성,6000,1,미혼,0,비흡연,없음,없음,암·건강,없음,6,예산·보장 재검토
31,여성,6000,2,기혼,1,비흡연,없음,암,노후 자금,가족 생활비,8,예산·보장 재검토
31,여성,6000,2,기혼,1,흡연,없음,암,가족 생활비,없음,6,예산·보장 재검토
31,여성,6000,2,기혼,1,흡연,없음,없음,가족 생활비,유병자 보장,15,수호천사 우리가족 종신보험
31,여성,6000,2,미혼,0,흡연,없음,없음,노후 자금,없음,10,예산·보장 재검토
31,여성,7500,1,기혼,1,흡연,없음,암,유병자 보장,없음,20,수호천사 간편심사(유병자)보험
31,여성,7500,1,기혼,2,비흡연,없음,없음,가족 생활비,없음,12,예산·보장 재검토
31,여성,7500,1,기혼,3,비흡연,없음,암,가족 생활비,없음,12,예산·보장 재검토
31,여성,7500,1,미혼,0,흡연,없음,없음,암·건강,유병자 보장,12,수호천사 암/건강보험
31,여성,7500,1,미혼,0,흡연,없음,없음,유병자 보장,없음,6,예산·보장 재검토
31,여성,7500,2,기혼,0,비흡연,없음,없음,암·건강,없음,20,수호천사 암/건강보험
31,여성,7500,2,기혼,1,비흡연,없음,없음,암·건강,유병자 보장,20,수호천사 암/건강보험
31,여성,7500,3,기혼,2,흡연,없음,암,가족 생활비,노후 자금,8,수호천사 암/건강보험
31,여성,9000,1,기혼,1,비흡연,없음,심혈관,가족 생활비,없음,12,예산·보장 재검토
31,여성,9000,2,기혼,1,비흡연,없음,없음,가족 생활비,없음,8,예산·보장 재검토
31,여성,9000,3,기혼,1,비흡연,당뇨,없음,유병자 보장,암·건강,12,수호천사 간편심사(유병자)보험
31,여성,12000,1,기혼,1,비흡연,없음,없음,가족 생활비,노후 자금,15,수호천사 우리가족 종신보험
31,여성,12000,1,미혼,0,비흡연,없음,없음,가족 생활비,없음,20,수호천사 우리가족 종신보험
32,남성,3000,1,기혼,1,비흡연,없음,없음,노후 자금,가족 생활비,8,예산·보장 재검토
32,남성,3000,1,기혼,1,비흡연,없음,없음,노후 자금,암·건강,12,수호천사 행복 연금보험
32,남성,3000,1,미혼,0,비흡연,없음,심혈관,암·건강,없음,12,수호천사 암/건강보험
32,남성,3000,2,기혼,2,비흡연,없음,암,암·건강,가족 생활비,6,예산·보장 재검토
32,남성,3000,2,기혼,2,흡연,없음,심혈관,가족 생활비,노후 자금,10,수호천사 암/건강보험
32,남성,3000,3,기혼,2,비흡연,없음,암,가족 생활비,없음,10,예산·보장 재검토
32,남성,3000,3,미혼,0,비흡연,없음,없음,유병자 보장,암·건강,12,수호천사 간편심사(유병자)보험
32,남성,4000,1,기혼,1,비흡연,없음,암,가족 생활비,없음,20,수호천사 우리가족 종신보험
32,남성,4000,1,기혼,2,비흡연,없음,심혈관,가족 생활비,없음,6,예산·보장 재검토
32,남성,4000,1,기혼,2,비흡연,없음,암,암·건강,없음,6,예산·보장 재검토
32,남성,4000,1,미혼,0,비흡연,없음,없음,유병자 보장,없음,6,예산·보장 재검토
32,남성,4000,2,기혼,0,비흡연,없음,없음,유병자 보장,없음,6,예산·보장 재검토
32,남성,4000,2,미혼,0,비흡연,없음,암,암·건강,없음,10,수호천사 암/건강보험
32,남성,4000,2,미혼,0,비흡연,없음,암,암·건강,없음,15,수호천사 암/건강보험
32,남성,4000,3,기혼,0,비흡연,없음,없음,가족 생활비,없음,10,예산·보장 재검토
32,남성,5000,1,기혼,1,비흡연,당뇨,없음,유병자 보장,없음,12,수호천사 간편심사(유병자)보험
32,남성,5000,1,기혼,1,비흡연,없음,없음,유병자 보장,없음,8,예산·보장 재검토
32,남성,5000,1,기혼,1,비흡연,없음,없음,가족 생활비,없음,8,예산·보장 재검토
32,남성,5000,1,기혼,2,비흡연,없음,심혈관,가족 생활비,없음,15,수호천사 우리가족 종신보험
32,남성,5000,1,미혼,0,비흡연,없음,암,암·건강,없음,12,수호천사 암/건강보험
32,남성,5000,1,미혼,0,비흡연,없음,암,가족 생활비,없음,8,예산·보장 재검토
32,남성,5000,1,미혼,0,비흡연,없음,암,노후 자금,없음,20,수호천사 행복 연금보험
32,남성,5000,1,미혼,0,비흡연,없음,암,유병자 보장,없음,10,수호천사 간편심사(유병자)보험
32,남성,5000,1,미혼,0,흡연,없음,암,가족 생활비,없음,6,예산·보장 재검토
32,남성,5000,2,기혼,1,비흡연,없음,심혈관,암·건강,없음,10,수호천사 암/건강보험
32,남성,5000,2,기혼,2,흡연,없음,없음,노후 자금,없음,12,수호천사 행복 연금보험
32,남성,5000,2,기혼,2,흡연,없음,없음,가족 생활비,없음,8,예산·보장 재검토
32,남성,5000,2,미혼,0,비흡연,없음,없음,노후 자금,암·건강,15,수호천사 행복 연금보험
32,남성,5000,3,기혼,1,비흡연,없음,없음,가족 생활비,없음,10,예산·보장 재검토
32,남성,6000,1,기혼,0,흡연,없음,암,암·건강,가족 생활비,10,수호천사 암/건강보험
32,남성,6000,1,기혼,1,비흡연,없음,없음,암·건강,없음,15,수호천사 암/건강보험
32,남성,6000,1,기혼,1,흡연,없음,암,가족 생활비,없음,10,수호천사 암/건강보험
32,남성,6000,1,기혼,1,흡연,없음,없음,가족 생활비,없음,10,예산·보장 재검토
32,남성,6000,1,기혼,2,비흡연,없음,암,암·건강,유병자 보장,6,예산·보장 재검토
32,남성,6000,1,기혼,2,비흡연,없음,없음,가족 생활비,없음,8,예산·보장 재검토
32,남성,6000,1,기혼,3,비흡연,없음,없음,가족 생활비,없음,10,예산·보장 재검토
32,남성,6000,1,미혼,0,비흡연,없음,심혈관,암·건강,없음,6,예산·보장 재검토
32,남성,6000,1,미혼,0,흡연,없음,없음,유병자 보장,없음,12,수호천사 간편심사(유병자)보험
32,남성,6000,2,미혼,0,비흡연,없음,없음,암·건강,노후 자금,6,예산·보장 재검토
32,남성,6000,3,기혼,3,흡연,없음,없음,가족 생활비,암·건강,8,수호천사 암/건강보험
32,남성,7500,1,미혼,0,비흡연,없음,없음,유병자 보장,암·건강,12,수호천사 간편심사(유병자)보험
32,남성,7500,1,미혼,0,흡연,없음,없음,노후 자금,유병자 보장,8,예산·보장 재검토
32,남성,9000,1,기혼,0,비흡연,없음,없음,유병자 보장,노후 자금,12,수호천사 간편심사(유병자)보험
32,남성,9000,1,기혼,1,비흡연,없음,없음,가족 생활비,암·건강,15,수호천사 우리가족 종신보험
32,남성,9000,1,기혼,3,비흡연,없음,없음,유병자 보장,없음,8,예산·보장 재검토
32,남성,9000,2,미혼,0,비흡연,당뇨,없음,유병자 보장,가족 생활비,6,예산·보장 재검토
32,남성,9000,3,기혼,2,비흡연,없음,없음,가족 생활비,노후 자금,10,예산·보장 재검토
32,남성,9000,3,미혼,0,흡연,없음,암,암·건강,유병자 보장,6,예산·보장 재검토
32,남성,12000,2,기혼,1,비흡연,고혈압,암,유병자 보장,없음,12,수호천사 간편심사(유병자)보험
32,남성,12000,2,미혼,0,비흡연,없음,심혈관,노후 자금,암·건강,15,수호천사 행복 연금보험
32,여성,3000,1,기혼,2,비흡연,고혈압,없음,노후 자금,없음,10,수호천사 간편심사(유병자)보험
32,여성,3000,1,미혼,0,비흡연,없음,심혈관,노후 자금,암·건강,10,수호천사 암/건강보험
32,여성,3000,1,미혼,0,비흡연,없음,암,암·건강,노후 자금,20,수호천사 암/건강보험
32,여성,3000,1,미혼,0,비흡연,없음,없음,가족 생활비,없음,6,예산·보장 재검토
32,여성,3000,2,기혼,0,흡연,없음,없음,노후 자금,없음,15,수호천사 행복 연금보험
32,여성,3000,2,기혼,1,비흡연,없음,없음,가족 생활비,암·건강,15,수호천사 우리가족 종신보험
32,여성,3000,2,기혼,2,비흡연,없음,없음,암·건강,없음,8,수호천사 암/건강보험
32,여성,3000,2,미혼,0,비흡연,없음,없음,노후 자금,암·건강,6,예산·보장 재검토
32,여성,3000,3,기혼,0,흡연,고혈압,없음,유병자 보장,암·건강,6,예산·보장 재검토
32,여성,3000,3,기혼,1,비흡연,없음,심혈관,가족 생활비,유병자 보장,20,수호천사 우리가족 종신보험
32,여성,4000,1,기혼,0,비흡연,없음,심혈관,노후 자금,없음,8,예산·보장 재검토
32,여성,4000,1,기혼,1,비흡연,당뇨,없음,가족 생활비,없음,15,수호천사 우리가족 종신보험
32,여성,4000,1,기혼,1,흡연,없음,암,유병자 보장,없음,10,수호천사 간편심사(유병자)보험
32,여성,4000,1,기혼,2,비흡연,없음,없음,가족 생활비,유병자 보장,10,수호천사 간편심사(유병자)보험
32,여성,4000,1,기혼,2,비흡연,없음,없음,가족 생활비,없음,10,예산·보장 재검토
32,여성,4000,1,기혼,2,흡연,없음,없음,암·건강,노후 자금,6,예산·보장 재검토
32,여성,4000,1,미혼,0,비흡연,없음,없음,노후 자금,없음,8,예산·보장 재검토
32,여성,4000,1,미혼,0,비흡연,없음,없음,노후 자금,없음,20,수호천사 행복 연금보험
32,여성,4000,2,기혼,0,흡연,없음,암,암·건강,없음,8,수호천사 암/건강보험
32,여성,4000,2,기혼,2,비흡연,없음,없음,가족 생활비,유병자 보장,20,수호천사 우리가족 종신보험
32,여성,4000,2,미혼,0,비흡연,없음,없음,노후 자금,없음,20,수호천사 행복 연금보험
32,여성,4000,3,기혼,0,비흡연,없음,없음,암·건강,없음,6,예산·보장 재검토
32,여성,4000,3,기혼,1,비흡연,없음,없음,가족 생활비,암·건강,10,수호천사 암/건강보험
32,여성,4000,3,미혼,0,비흡연,없음,암,암·건강,노후 자금,6,예산·보장 재검토
32,여성,5000,1,기혼,0,비흡연,없음,없음,가족 생활비,노후 자금,12,수호천사 행복 연금보험
32,여성,5000,1,기혼,1,비흡연,없음,없음,유병자 보장,노후 자금,20,수호천사 간편심사(유병자)보험
32,여성,5000,1,기혼,1,비흡연,없음,없음,가족 생활비,유병자 보장,15,수호천사 우리가족 종신보험
32,여성,5000,1,기혼,2,비흡연,고혈압,없음,유병자 보장,암·건강,20,수호천사 간편심사(유병자)보험
32,여성,5000,1,미혼,0,비흡연,당뇨,없음,유병자 보장,없음,8,예산·보장 재검토
32,여성,5000,2,기혼,1,비흡연,없음,없음,암·건강,유병자 보장,10,수호천사 암/건강보험
32,여성,5000,2,기혼,2,비흡연,없음,심혈관,가족 생활비,없음,8,예산·보장 재검토
32,여성,5000,2,기혼,2,비흡연,없음,없음,가족 생활비,없음,15,수호천사 우리가족 종신보험
32,여성,6000,1,기혼,1,비흡연,없음,없음,유병자 보장,없음,8,예산·보장 재검토
32,여성,6000,1,기혼,1,흡연,고혈압,심혈관,암·건강,없음,6,예산·보장 재검토
32,여성,6000,1,기혼,2,비흡연,고혈압,심혈관,암·건강,없음,6,예산·보장 재검토
32,여성,6000,1,기혼,2,흡연,없음,없음,가족 생활비,암·건강,8,수호천사 암/건강보험
32,여성,6000,1,미혼,0,비흡연,없음,암,암·건강,없음,8,수호천사 암/건강보험
32,여성,6000,1,미혼,0,비흡연,없음,없음,노후 자금,없음,6,예산·보장 재검토
32,여성,6000,1,미혼,0,비흡연,없음,없음,유병자 보장,없음,15,수호천사 간편심사(유병자)보험
32,여성,6000,1,미혼,0,흡연,없음,심혈관,가족 생활비,유병자 보장,15,수호천사 우리가족 종신보험
32,여성,6000,2,기혼,3,비흡연,없음,없음,노후 자금,없음,8,예산·보장 재검토
32,여성,6000,3,기혼,1,비흡연,없음,없음,암·건강,노후 자금,15,수호천사 암/건강보험
32,여성,7500,1,기혼,1,비흡연,없음,없음,가족 생활비,노후 자금,10,예산·보장 재검토
32,여성,7500,1,기혼,1,비흡연,없음,없음,노후 자금,없음,15,수호천사 행복 연금보험
32,여성,7500,1,미혼,0,비흡연,고혈압,암,유병자 보장,없음,8,예산·보장 재검토
32,여성,7500,1,미혼,0,비흡연,없음,암,암·건강,없음,12,수호천사 암/건강보험
32,여성,7500,1,미혼,0,비흡연,없음,없음,유병자 보장,노후 자금,10,수호천사 간편심사(유병자)보험
32,여성,7500,2,기혼,2,비흡연,없음,암,암·건강,노후 자금,8,수호천사 암/건강보험
32,여성,9000,1,미혼,0,비흡연,없음,없음,가족 생활비,유병자 보장,12,수호천사 간편심사(유병자)보험
32,여성,9000,1,미혼,0,비흡연,없음,없음,노후 자금,없음,15,수호천사 행복 연금보험
32,여성,9000,3,기혼,1,흡연,없음,없음,노후 자금,없음,15,수호천사 행복 연금보험
32,여성,9000,3,기혼,2,비흡연,없음,암,암·건강,가족 생활비,10,수호천사 암/건강보험
32,여성,12000,1,기혼,1,비흡연,없음,없음,가족 생활비,없음,12,예산·보장 재검토
32,여성,12000,1,기혼,2,비흡연,없음,없음,가족 생활비,없음,15,수호천사 우리가족 종신보험
32,여성,12000,3,미혼,0,비흡연,없음,없음,노후 자금,암·건강,6,예산·보장 재검토
33,남성,3000,1,기혼,0,비흡연,없음,없음,암·건강,없음,6,예산·보장 재검토
33,남성,3000,1,기혼,1,비흡연,없음,암,노후 자금,없음,8,예산·보장 재검토
33,남성,3000,1,기혼,1,비흡연,없음,없음,가족 생활비,없음,8,예산·보장 재검토
33,남성,3000,1,기혼,1,비흡연,없음,없음,암·건강,없음,8,수호천사 암/건강보험
33,남성,3000,1,기혼,2,비흡연,없음,없음,암·건강,가족 생활비,6,예산·보장 재검토
33,남성,3000,1,기혼,2,비흡연,없음,없음,가족 생활비,암·건강,10,수호천사 암/건강보험
33,남성,3000,1,기혼,3,비흡연,고혈압,심혈관,암·건강,없음,12,수호천사 암/건강보험
33,남성,3000,1,미혼,0,비흡연,없음,심혈관,유병자 보장,없음,15,수호천사 간편심사(유병자)보험
33,남성,3000,1,미혼,0,비흡연,없음,암,노후 자금,없음,10,예산·보장 재검토
33,남성,3000,1,미혼,0,비흡연,없음,없음,가족 생활비,없음,8,예산·보장 재검토
33,남성,3000,1,미혼,0,비흡연,없음,없음,유병자 보장,노후 자금,20,수호천사 간편심사(유병자)보험
33,남성,3000,1,미혼,0,흡연,없음,없음,유병자 보장,없음,12,수호천사 간편심사(유병자)보험
33,남성,3000,2,기혼,1,비흡연,없음,심혈관,암·건강,없음,10,수호천사 암/건강보험
33,남성,3000,2,기혼,2,흡연,없음,없음,노후 자금,없음,6,예산·보장 재검토
33,남성,3000,3,기혼,0,비흡연,없음,심혈관,암·건강,노후 자금,10,수호천사 암/건강보험
33,남성,3000,3,기혼,1,비흡연,없음,암,암·건강,가족 생활비,10,수호천사 암/건강보험
33,남성,4000,1,기혼,1,비흡연,고혈압,없음,유병자 보장,없음,12,수호천사 간편심사(유병자)보험
33,남성,4000,1,기혼,1,비흡연,없음,없음,노후 자금,없음,15,수호천사 행복 연금보험
33,남성,4000,1,기혼,1,비흡연,없음,없음,암·건강,유병자 보장,20,수호천사 암/건강보험
33,남성,4000,1,미혼,0,비흡연,없음,없음,노후 자금,없음,20,수호천사 행복 연금보험
33,남성,4000,1,미혼,0,비흡연,없음,없음,가족 생활비,유병자 보장,10,수호천사 간편심사(유병자)보험
33,남성,4000,2,기혼,3,흡연,없음,심혈관,가족 생활비,없음,20,수호천사 우리가족 종신보험
33,남성,4000,2,미혼,0,비흡연,없음,심혈관,노후 자금,없음,20,수호천사 행복 연금보험
33,남성,4000,3,미혼,0,비흡연,없음,암,노후 자금,유병자 보장,6,예산·보장 재검토
33,남성,4000,3,미혼,0,흡연,없음,없음,노후 자금,없음,10,예산·보장 재검토
33,남성,5000,1,기혼,1,비흡연,없음,암,암·건강,가족 생활비,6,예산·보장 재검토
33,남성,5000,1,기혼,1,흡연,없음,없음,가족 생활비,유병자 보장,8,예산·보장 재검토
33,남성,5000,1,기혼,2,비흡연,없음,없음,가족 생활비,노후 자금,8,예산·보장 재검토
33,남성,5000,1,미혼,0,비흡연,없음,없음,가족 생활비,없음,10,예산·보장 재검토
33,남성,5000,1,미혼,0,비흡연,없음,없음,노후 자금,없음,6,예산·보장 재검토
33,남성,5000,2,미혼,0,비흡연,없음,암,노후 자금,없음,8,예산·보장 재검토
33,남성,6000,1,기혼,2,비흡연,고혈압,암,가족 생활비,없음,6,예산·보장 재검토
33,남성,6000,1,미혼,0,비흡연,없음,없음,유병자 보장,없음,12,수호천사 간편심사(유병자)보험
33,남성,6000,2,기혼,1,비흡연,없음,암,가족 생활비,없음,15,수호천사 우리가족 종신보험
33,남성,6000,2,기혼,1,비흡연,없음,없음,가족 생활비,없음,20,수호천사 우리가족 종신보험
33,남성,6000,2,기혼,1,비흡연,없음,없음,가족 생활비,암·건강,10,수호천사 암/건강보험
33,남성,6000,2,기혼,1,비흡연,없음,없음,가족 생활비,없음,8,예산·보장 재검토
33,남성,7500,1,기혼,1,비흡연,없음,없음,암·건강,가족 생활비,20,수호천사 암/건강보험
33,남성,7500,1,기혼,1,비흡연,없음,없음,암·건강,없음,6,예산·보장 재검토
33,남성,7500,1,기혼,2,흡연,없음,없음,가족 생활비,암·건강,20,수호천사 우리가족 종신보험
33,남성,7500,1,미혼,0,비흡연,없음,암,암·건강,유병자 보장,15,수호천사 암/건강보험
33,남성,7500,1,미혼,0,비흡연,없음,없음,노후 자금,없음,12,수호천사 행복 연금보험
33,남성,7500,2,미혼,0,흡연,없음,암,유병자 보장,없음,6,예산·보장 재검토
33,남성,9000,1,기혼,1,비흡연,없음,없음,암·건강,없음,6,예산·보장 재검토
33,남성,9000,1,미혼,0,비흡연,없음,없음,암·건강,없음,12,수호천사 암/건강보험
33,남성,9000,2,기혼,0,흡연,없음,없음,암·건강,없음,10,수호천사 암/건강보험
33,남성,9000,3,기혼,2,비흡연,없음,암,노후 자금,없음,20,수호천사 행복 연금보험
33,남성,12000,1,기혼,2,비흡연,없음,없음,유병자 보장,가족 생활비,12,수호천사 간편심사(유병자)보험
33,여성,3000,1,기혼,0,비흡연,없음,심혈관,유병자 보장,노후 자금,8,예산·보장 재검토
33,여성,3000,1,기혼,0,비흡연,없음,암,노후 자금,없음,8,예산·보장 재검토
33,여성,3000,1,기혼,2,비흡연,없음,심혈관,노후 자금,없음,10,예산·보장 재검토
33,여성,3000,1,기혼,2,비흡연,없음,없음,유병자 보장,암·건강,6,예산·보장 재검토
33,여성,3000,1,미혼,0,비흡연,없음,암,암·건강,가족 생활비,12,수호천사 암/건강보험
33,여성,3000,2,기혼,0,비흡연,없음,암,암·건강,노후 자금,10,수호천사 암/건강보험
33,여성,3000,2,기혼,1,비흡연,없음,암,암·건강,유병자 보장,15,수호천사 암/건강보험
33,여성,3000,2,미혼,0,비흡연,없음,없음,암·건강,가족 생활비,10,수호천사 암/건강보험
33,여성,3000,2,미혼,0,흡연,없음,없음,가족 생활비,없음,8,예산·보장 재검토
33,여성,4000,1,기혼,0,비흡연,없음,없음,노후 자금,없음,15,수호천사 행복 연금보험
33,여성,4000,1,기혼,0,비흡연,없음,없음,가족 생활비,없음,12,예산·보장 재검토
33,여성,4000,1,기혼,1,비흡연,없음,암,가족 생활비,유병자 보장,12,수호천사 간편심사(유병자)보험
33,여성,4000,1,기혼,1,비흡연,없음,암,암·건강,유병자 보장,10,수호천사 암/건강보험
33,여성,4000,1,기혼,1,비흡연,없음,없음,가족 생활비,없음,15,수호천사 우리가족 종신보험
33,여성,4000,1,기혼,2,비흡연,없음,없음,가족 생활비,없음,8,예산·보장 재검토
33,여성,4000,1,미혼,0,비흡연,고혈압,없음,노후 자금,가족 생활비,8,예산·보장 재검토
33,여성,4000,1,미혼,0,비흡연,없음,심혈관,노후 자금,없음,15,수호천사 행복 연금보험
33,여성,4000,1,미혼,0,흡연,없음,암,암·건강,없음,6,예산·보장 재검토
33,여성,4000,2,기혼,0,비흡연,없음,없음,암·건강,없음,15,수호천사 암/건강보험
33,여성,4000,2,기혼,1,비흡연,없음,없음,유병자 보장,노후 자금,8,예산·보장 재검토
33,여성,4000,2,기혼,2,흡연,없음,암,유병자 보장,없음,6,예산·보장 재검토
33,여성,4000,2,미혼,0,비흡연,없음,없음,노후 자금,없음,6,예산·보장 재검토
33,여성,5000,1,기혼,0,비흡연,없음,암,암·건강,없음,15,수호천사 암/건강보험
33,여성,5000,1,기혼,1,비흡연,당뇨,없음,가족 생활비,암·건강,12,수호천사 암/건강보험
33,여성,5000,1,기혼,1,비흡연,없음,암,가족 생활비,없음,8,예산·보장 재검토
33,여성,5000,1,기혼,1,흡연,없음,심혈관,암·건강,없음,6,예산·보장 재검토
33,여성,5000,1,기혼,2,비흡연,없음,암,암·건강,없음,8,수호천사 암/건강보험
33,여성,5000,1,기혼,3,비흡연,없음,암,가족 생활비,없음,8,예산·보장 재검토
33,여성,5000,1,미혼,0,비흡연,고혈압,없음,유병자 보장,암·건강,12,수호천사 간편심사(유병자)보험
33,여성,5000,1,미혼,0,비흡연,없음,없음,유병자 보장,없음,8,예산·보장 재검토
33,여성,5000,2,기혼,2,비흡연,없음,암,암·건강,없음,8,수호천사 암/건강보험
33,여성,5000,2,기혼,3,비흡연,없음,없음,가족 생활비,없음,6,예산·보장 재검토
33,여성,5000,2,미혼,0,비흡연,없음,없음,암·건강,없음,10,수호천사 암/건강보험
33,여성,5000,2,미혼,0,비흡연,없음,없음,노후 자금,유병자 보장,12,수호천사 행복 연금보험
33,여성,5000,3,기혼,0,비흡연,없음,없음,암·건강,유병자 보장,12,수호천사 암/건강보험
33,여성,6000,1,기혼,0,비흡연,없음,없음,암·건강,가족 생활비,12,수호천사 암/건강보험
33,여성,6000,1,기혼,1,비흡연,없음,암,가족 생활비,없음,20,수호천사 우리가족 종신보험
33,여성,6000,1,기혼,1,비흡연,없음,없음,가족 생활비,암·건강,10,수호천사 암/건강보험
33,여성,6000,1,기혼,2,흡연,없음,심혈관,가족 생활비,없음,15,수호천사 우리가족 종신보험
33,여성,6000,1,미혼,0,비흡연,없음,없음,유병자 보장,가족 생활비,12,수호천사 간편심사(유병자)보험
33,여성,7500,1,기혼,1,비흡연,없음,없음,노후 자금,없음,6,예산·보장 재검토
33,여성,7500,1,미혼,0,흡연,당뇨,심혈관,유병자 보장,없음,15,수호천사 간편심사(유병자)보험
33,여성,7500,2,기혼,1,비흡연,없음,심혈관,가족 생활비,없음,12,예산·보장 재검토
33,여성,7500,2,기혼,1,비흡연,없음,없음,가족 생활비,없음,12,예산·보장 재검토
33,여성,7500,2,기혼,2,비흡연,없음,없음,암·건강,없음,8,수호천사 암/건강보험
33,여성,9000,1,기혼,0,비흡연,없음,없음,가족 생활비,없음,10,예산·보장 재검토
33,여성,9000,1,기혼,1,비흡연,없음,없음,유병자 보장,노후 자금,20,수호천사 간편심사(유병자)보험
33,여성,9000,2,기혼,1,비흡연,없음,암,가족 생활비,없음,8,예산·보장 재검토
33,여성,12000,1,기혼,1,비흡연,없음,없음,암·건강,없음,6,예산·보장 재검토
33,여성,12000,1,기혼,1,흡연,없음,없음,노후 자금,없음,8,예산·보장 재검토
33,여성,12000,1,미혼,0,흡연,없음,없음,유병자 보장,없음,10,수호천사 간편심사(유병자)보험
34,남성,3000,1,기혼,0,비흡연,없음,없음,노후 자금,없음,15,수호천사 행복 연금보험
34,남성,3000,1,기혼,0,비흡연,없음,없음,유병자 보장,암·건강,10,수호천사 간편심사(유병자)보험
34,남성,3000,1,기혼,0,흡연,없음,없음,암·건강,없음,20,수호천사 암/건강보험
34,남성,3000,1,기혼,1,비흡연,없음,심혈관,가족 생활비,유병자 보장,10,수호천사 간편심사(유병자)보험
34,남성,3000,1,기혼,1,비흡연,없음,없음,가족 생활비,없음,8,예산·보장 재검토
34,남성,3000,1,기혼,1,비흡연,없음,없음,가족 생활비,없음,8,예산·보장 재검토
34,남성,3000,1,기혼,1,흡연,없음,없음,가족 생활비,유병자 보장,6,예산·보장 재검토
34,남성,3000,1,기혼,3,비흡연,없음,심혈관,가족 생활비,없음,12,예산·보장 재검토
34,남성,3000,1,기혼,3,비흡연,없음,없음,가족 생활비,없음,6,예산·보장 재검토
34,남성,3000,1,미혼,0,비흡연,고혈압,심혈관,유병자 보장,없음,8,예산·보장 재검토
34,남성,3000,1,미혼,0,비흡연,없음,없음,유병자 보장,없음,15,수호천사 간편심사(유병자)보험
34,남성,3000,2,기혼,0,비흡연,고혈압,없음,유병자 보장,없음,10,수호천사 간편심사(유병자)보험
34,남성,3000,2,기혼,1,비흡연,없음,심혈관,가족 생활비,없음,6,예산·보장 재검토
34,남성,3000,2,기혼,1,비흡연,없음,없음,노후 자금,유병자 보장,12,수호천사 행복 연금보험
34,남성,3000,2,기혼,2,비흡연,없음,암,유병자 보장,암·건강,10,수호천사 간편심사(유병자)보험
34,남성,3000,2,미혼,0,비흡연,없음,없음,유병자 보장,노후 자금,15,수호천사 간편심사(유병자)보험
34,남성,3000,3,미혼,0,흡연,없음,심혈관,가족 생활비,유병자 보장,12,수호천사 암/건강보험
34,남성,4000,1,기혼,0,비흡연,없음,심혈관,유병자 보장,없음,6,예산·보장 재검토
34,남성,4000,1,기혼,1,비흡연,고혈압,암,가족 생활비,암·건강,6,예산·보장 재검토
34,남성,4000,1,기혼,1,비흡연,고혈압,없음,유병자 보장,없음,8,예산·보장 재검토
34,남성,4000,1,기혼,1,비흡연,없음,암,암·건강,없음,12,수호천사 암/건강보험
34,남성,4000,1,기혼,1,비흡연,없음,없음,가족 생활비,없음,10,예산·보장 재검토
34,남성,4000,1,기혼,1,비흡연,없음,없음,암·건강,없음,12,수호천사 암/건강보험
34,남성,4000,1,기혼,2,비흡연,없음,없음,유병자 보장,암·건강,10,수호천사 간편심사(유병자)보험
34,남성,4000,1,기혼,2,비흡연,없음,없음,가족 생활비,없음,8,예산·보장 재검토
34,남성,4000,1,기혼,2,비흡연,없음,없음,가족 생활비,없음,6,예산·보장 재검토
34,남성,4000,1,기혼,3,흡연,없음,없음,노후 자금,유병자 보장,6,예산·보장 재검토
34,남성,4000,1,미혼,0,비흡연,없음,없음,유병자 보장,없음,8,예산·보장 재검토
34,남성,4000,1,미혼,0,비흡연,없음,없음,암·건강,없음,10,수호천사 암/건강보험
34,남성,4000,1,미혼,0,흡연,없음,없음,노후 자금,없음,20,수호천사 행복 연금보험
34,남성,4000,2,기혼,0,흡연,없음,심혈관,암·건강,없음,8,수호천사 암/건강보험
34,남성,4000,2,기혼,2,비흡연,없음,없음,유병자 보장,노후 자금,10,수호천사 간편심사(유병자)보험
34,남성,5000,1,기혼,1,비흡연,없음,없음,가족 생활비,없음,6,예산·보장 재검토
34,남성,5000,1,기혼,2,비흡연,없음,심혈관,가족 생활비,없음,12,예산·보장 재검토
34,남성,5000,1,기혼,2,비흡연,없음,없음,노후 자금,암·건강,6,예산·보장 재검토
34,남성,5000,1,미혼,0,비흡연,없음,없음,노후 자금,없음,12,수호천사 행복 연금보험
34,남성,5000,1,미혼,0,흡연,없음,없음,가족 생활비,없음,6,예산·보장 재검토
34,남성,5000,2,기혼,1,비흡연,없음,암,암·건강,없음,6,예산·보장 재검토
34,남성,5000,2,미혼,0,비흡연,없음,심혈관,암·건강,없음,10,수호천사 암/건강보험
34,남성,5000,3,기혼,2,비흡연,고혈압,없음,유병자 보장,없음,8,예산·보장 재검토
34,남성,6000,1,기혼,1,비흡연,없음,없음,유병자 보장,없음,10,수호천사 간편심사(유병자)보험
34,남성,6000,1,기혼,1,흡연,없음,없음,유병자 보장,암·건강,8,수호천사 암/건강보험
34,남성,6000,1,기혼,2,비흡연,없음,심혈관,암·건강,없음,20,수호천사 암/건강보험
34,남성,6000,1,기혼,3,흡연,없음,없음,암·건강,가족 생활비,8,수호천사 암/건강보험
34,남성,6000,2,기혼,1,비흡연,없음,없음,가족 생활비,없음,10,예산·보장 재검토
34,남성,6000,2,기혼,1,비흡연,없음,없음,가족 생활비,암·건강,15,수호천사 우리가족 종신보험
34,남성,6000,2,기혼,2,비흡연,없음,없음,암·건강,없음,12,수호천사 암/건강보험
34,남성,6000,2,미혼,0,비흡연,없음,없음,유병자 보장,없음,8,예산·보장 재검토
34,남성,6000,3,기혼,2,비흡연,없음,암,가족 생활비,유병자 보장,12,수호천사 간편심사(유병자)보험
34,남성,7500,1,기혼,2,흡연,없음,없음,가족 생활비,없음,6,예산·보장 재검토
34,남성,7500,1,미혼,0,비흡연,없음,암,가족 생활비,노후 자금,12,수호천사 행복 연금보험
34,남성,7500,2,기혼,2,비흡연,없음,없음,가족 생활비,노후 자금,10,예산·보장 재검토
34,남성,9000,1,기혼,0,비흡연,없음,없음,노후 자금,암·건강,15,수호천사 행복 연금보험
34,남성,12000,1,미혼,0,비흡연,없음,없음,암·건강,유병자 보장,20,수호천사 암/건강보험
34,여성,3000,1,기혼,0,비흡연,없음,없음,유병자 보장,암·건강,6,예산·보장 재검토
34,여성,3000,1,기혼,1,비흡연,없음,없음,유병자 보장,없음,6,예산·보장 재검토
34,여성,3000,1,기혼,1,비흡연,없음,없음,가족 생활비,암·건강,8,수호천사 암/건강보험
34,여성,3000,1,기혼,2,비흡연,고혈압,없음,유병자 보장,없음,10,수호천사 간편심사(유병자)보험
34,여성,3000,1,기혼,2,흡연,없음,없음,유병자 보장,암·건강,8,수호천사 암/건강보험
34,여성,3000,1,기혼,3,비흡연,없음,없음,가족 생활비,없음,10,예산·보장 재검토
34,여성,3000,2,기혼,1,흡연,고혈압,없음,유병자 보장,가족 생활비,10,수호천사 간편심사(유병자)보험
34,여성,3000,2,기혼,1,흡연,없음,심혈관,암·건강,없음,20,수호천사 암/건강보험
34,여성,3000,2,기혼,2,비흡연,없음,암,암·건강,없음,8,수호천사 암/건강보험
34,여성,3000,3,기혼,1,비흡연,없음,암,유병자 보장,없음,6,예산·보장 재검토
34,여성,3000,3,기혼,1,흡연,없음,심혈관,암·건강,없음,8,수호천사 암/건강보험
34,여성,3000,3,기혼,3,비흡연,없음,암,유병자 보장,가족 생활비,10,수호천사 간편심사(유병자)보험
34,여성,4000,1,기혼,0,비흡연,당뇨,없음,유병자 보장,가족 생활비,8,예산·보장 재검토
34,여성,4000,1,기혼,0,흡연,없음,없음,노후 자금,유병자 보장,8,예산·보장 재검토
34,여성,4000,1,기혼,1,비흡연,없음,암,노후 자금,가족 생활비,8,예산·보장 재검토
34,여성,4000,1,기혼,1,비흡연,없음,없음,가족 생활비,노후 자금,12,수호천사 행복 연금보험
34,여성,4000,1,기혼,1,흡연,없음,암,가족 생활비,노후 자금,20,수호천사 우리가족 종신보험
34,여성,4000,1,기혼,2,비흡연,당뇨,없음,가족 생활비,유병자 보장,8,예산·보장 재검토
34,여성,4000,1,기혼,2,비흡연,없음,심혈관,노후 자금,없음,6,예산·보장 재검토
34,여성,4000,1,기혼,3,흡연,없음,암,가족 생활비,없음,8,수호천사 암/건강보험
34,여성,4000,1,미혼,0,비흡연,없음,암,노후 자금,없음,8,예산·보장 재검토
34,여성,4000,1,미혼,0,비흡연,없음,없음,노후 자금,없음,20,수호천사 행복 연금보험
34,여성,4000,1,미혼,0,흡연,없음,암,가족 생활비,노후 자금,10,수호천사 암/건강보험
34,여성,4000,1,미혼,0,흡연,없음,없음,유병자 보장,없음,12,수호천사 간편심사(유병자)보험
34,여성,4000,2,기혼,1,비흡연,없음,심혈관,암·건강,없음,20,수호천사 암/건강보험
34,여성,4000,2,기혼,1,흡연,없음,심혈관,암·건강,가족 생활비,10,수호천사 암/건강보험
34,여성,4000,2,기혼,2,비흡연,없음,없음,가족 생활비,노후 자금,8,예산·보장 재검토
34,여성,4000,2,기혼,2,비흡연,없음,없음,가족 생활비,암·건강,10,수호천사 암/건강보험
34,여성,4000,3,기혼,1,비흡연,없음,없음,가족 생활비,노후 자금,8,예산·보장 재검토
34,여성,5000,1,기혼,0,흡연,없음,없음,가족 생활비,노후 자금,10,예산·보장 재검토
34,여성,5000,1,기혼,1,비흡연,없음,없음,가족 생활비,없음,20,수호천사 우리가족 종신보험
34,여성,5000,1,기혼,1,흡연,없음,암,가족 생활비,없음,8,수호천사 암/건강보험
34,여성,5000,1,기혼,2,비흡연,없음,암,암·건강,노후 자금,10,수호천사 암/건강보험
34,여성,5000,1,기혼,2,비흡연,없음,없음,유병자 보장,없음,6,예산·보장 재검토
34,여성,5000,1,미혼,0,비흡연,없음,심혈관,가족 생활비,유병자 보장,6,예산·보장 재검토
34,여성,5000,1,미혼,0,흡연,없음,심혈관,노후 자금,없음,12,수호천사 행복 연금보험
34,여성,5000,2,기혼,1,흡연,없음,암,노후 자금,없음,12,수호천사 행복 연금보험
34,여성,5000,2,기혼,2,비흡연,없음,없음,노후 자금,없음,12,수호천사 행복 연금보험
34,여성,5000,2,기혼,2,흡연,없음,없음,노후 자금,없음,8,예산·보장 재검토
34,여성,5000,2,미혼,0,비흡연,없음,암,암·건강,없음,6,예산·보장 재검토
34,여성,5000,2,미혼,0,비흡연,없음,없음,유병자 보장,가족 생활비,10,수호천사 간편심사(유병자)보험
34,여성,5000,2,미혼,0,비흡연,없음,없음,유병자 보장,없음,10,수호천사 간편심사(유병자)보험
34,여성,6000,1,기혼,1,비흡연,없음,암,가족 생활비,없음,15,수호천사 우리가족 종신보험
34,여성,6000,1,기혼,1,비흡연,없음,없음,노후 자금,없음,12,수호천사 행복 연금보험
34,여성,6000,1,기혼,1,흡연,없음,암,유병자 보장,없음,15,수호천사 간편심사(유병자)보험
34,여성,6000,2,기혼,2,비흡연,고혈압,없음,가족 생활비,없음,15,수호천사 우리가족 종신보험
34,여성,7500,1,기혼,1,비흡연,없음,암,암·건강,노후 자금,10,수호천사 암/건강보험
34,여성,7500,1,미혼,0,비흡연,없음,암,암·건강,없음,12,수호천사 암/건강보험
34,여성,7500,2,기혼,1,흡연,없음,없음,유병자 보장,노후 자금,15,수호천사 간편심사(유병자)보험
34,여성,7500,2,기혼,2,흡연,없음,없음,암·건강,없음,20,수호천사 암/건강보험
34,여성,9000,1,기혼,1,흡연,없음,암,노후 자금,없음,10,수호천사 암/건강보험
34,여성,9000,1,기혼,2,비흡연,고혈압,심혈관,유병자 보장,없음,12,수호천사 간편심사(유병자)보험
34,여성,9000,1,기혼,2,비흡연,없음,없음,가족 생활비,없음,10,예산·보장 재검토
34,여성,12000,1,기혼,1,비흡연,없음,없음,가족 생활비,유병자 보장,15,수호천사 우리가족 종신보험
34,여성,12000,3,기혼,0,비흡연,없음,심혈관,암·건강,가족 생활비,20,수호천사 암/건강보험
35,남성,3000,1,기혼,1,비흡연,없음,없음,유병자 보장,없음,20,수호천사 간편심사(유병자)보험
35,남성,3000,1,기혼,1,비흡연,없음,없음,가족 생활비,암·건강,6,예산·보장 재검토
35,남성,3000,1,기혼,1,흡연,없음,심혈관,암·건강,없음,6,예산·보장 재검토
35,남성,3000,1,기혼,2,흡연,없음,암,노후 자금,유병자 보장,12,수호천사 행복 연금보험
35,남성,3000,1,기혼,3,비흡연,없음,없음,암·건강,없음,10,수호천사 암/건강보험
35,남성,3000,1,미혼,0,비흡연,없음,암,가족 생활비,없음,20,수호천사 우리가족 종신보험
35,남성,3000,1,미혼,0,흡연,없음,심혈관,가족 생활비,없음,8,수호천사 암/건강보험
35,남성,3000,2,기혼,0,흡연,없음,없음,암·건강,없음,15,수호천사 암/건강보험
35,남성,3000,3,기혼,1,비흡연,없음,암,암·건강,없음,12,수호천사 암/건강보험
35,남성,3000,3,기혼,3,비흡연,당뇨,없음,노후 자금,없음,6,예산·보장 재검토
35,남성,4000,1,기혼,0,비흡연,없음,암,암·건강,노후 자금,6,예산·보장 재검토
35,남성,4000,1,기혼,1,비흡연,없음,암,유병자 보장,암·건강,12,수호천사 간편심사(유병자)보험
35,남성,4000,1,기혼,1,비흡연,없음,없음,가족 생활비,없음,6,예산·보장 재검토
35,남성,4000,1,기혼,2,비흡연,고혈압,없음,유병자 보장,없음,15,수호천사 간편심사(유병자)보험
35,남성,4000,1,기혼,2,비흡연,없음,없음,가족 생활비,없음,10,예산·보장 재검토
35,남성,4000,1,미혼,0,비흡연,없음,심혈관,가족 생활비,노후 자금,10,예산·보장 재검토
35,남성,4000,1,미혼,0,비흡연,없음,암,암·건강,없음,8,수호천사 암/건강보험
35,남성,4000,1,미혼,0,비흡연,없음,없음,노후 자금,없음,20,수호천사 행복 연금보험
35,남성,4000,1,미혼,0,흡연,없음,없음,암·건강,없음,12,수호천사 암/건강보험
35,남성,4000,2,기혼,1,비흡연,없음,없음,암·건강,없음,15,수호천사 암/건강보험
35,남성,4000,2,기혼,2,비흡연,없음,심혈관,가족 생활비,없음,12,예산·보장 재검토
35,남성,4000,2,미혼,0,흡연,없음,심혈관,노후 자금,없음,10,수호천사 암/건강보험
35,남성,5000,1,기혼,1,비흡연,없음,암,암·건강,없음,20,수호천사 암/건강보험
35,남성,5000,1,기혼,1,비흡연,없음,없음,유병자 보장,노후 자금,10,수호천사 간편심사(유병자)보험
35,남성,5000,2,미혼,0,비흡연,없음,암,유병자 보장,없음,10,수호천사 간편심사(유병자)보험
35,남성,5000,3,미혼,0,비흡연,없음,없음,노후 자금,없음,8,예산·보장 재검토
35,남성,6000,1,기혼,1,비흡연,없음,암,암·건강,가족 생활비,8,수호천사 암/건강보험
35,남성,6000,1,기혼,1,비흡연,없음,없음,가족 생활비,없음,15,수호천사 우리가족 종신보험
35,남성,6000,1,기혼,1,비흡연,없음,없음,가족 생활비,암·건강,8,수호천사 암/건강보험
35,남성,6000,1,기혼,2,비흡연,없음,없음,가족 생활비,노후 자금,15,수호천사 우리가족 종신보험
35,남성,6000,1,미혼,0,비흡연,없음,없음,암·건강,노후 자금,20,수호천사 암/건강보험
35,남성,6000,1,미혼,0,비흡연,없음,없음,암·건강,가족 생활비,10,수호천사 암/건강보험
35,남성,6000,3,기혼,2,흡연,없음,암,유병자 보장,노후 자금,6,예산·보장 재검토
35,남성,7500,1,기혼,0,비흡연,고혈압,없음,유병자 보장,없음,12,수호천사 간편심사(유병자)보험
35,남성,7500,1,기혼,2,비흡연,없음,심혈관,가족 생활비,유병자 보장,6,예산·보장 재검토
35,남성,7500,1,기혼,2,비흡연,없음,암,가족 생활비,없음,15,수호천사 우리가족 종신보험
35,남성,7500,2,기혼,0,비흡연,없음,없음,가족 생활비,없음,12,예산·보장 재검토
35,남성,7500,3,미혼,0,흡연,없음,없음,노후 자금,없음,10,예산·보장 재검토
35,남성,9000,1,기혼,0,비흡연,없음,없음,유병자 보장,노후 자금,12,수호천사 간편심사(유병자)보험
35,남성,12000,1,기혼,1,비흡연,없음,없음,가족 생활비,없음,12,예산·보장 재검토
35,여성,3000,1,기혼,0,비흡연,없음,심혈관,노후 자금,없음,8,예산·보장 재검토
35,여성,3000,1,기혼,0,비흡연,없음,없음,암·건강,유병자 보장,8,수호천사 암/건강보험
35,여성,3000,1,기혼,1,비흡연,없음,없음,가족 생활비,없음,8,예산·보장 재검토
35,여성,3000,1,기혼,1,흡연,없음,암,가족 생활비,노후 자금,20,수호천사 우리가족 종신보험
35,여성,3000,1,기혼,2,비흡연,없음,없음,암·건강,없음,6,예산·보장 재검토
35,여성,3000,1,기혼,2,비흡연,없음,없음,가족 생활비,없음,8,예산·보장 재검토
35,여성,3000,1,미혼,0,비흡연,없음,없음,암·건강,없음,6,예산·보장 재검토
35,여성,3000,2,기혼,1,비흡연,고혈압,암,암·건강,노후 자금,8,수호천사 암/건강보험
35,여성,3000,2,기혼,1,비흡연,없음,없음,가족 생활비,없음,6,예산·보장 재검토
35,여성,3000,2,기혼,1,흡연,없음,암,암·건강,노후 자금,12,수호천사 암/건강보험
35,여성,3000,2,기혼,2,비흡연,없음,없음,가족 생활비,없음,6,예산·보장 재검토
35,여성,3000,2,기혼,2,흡연,없음,암,노후 자금,유병자 보장,10,수호천사 암/건강보험
35,여성,3000,2,기혼,3,비흡연,없음,없음,가족 생활비,유병자 보장,8,예산·보장 재검토
35,여성,3000,3,미혼,0,흡연,없음,암,암·건강,유병자 보장,10,수호천사 암/건강보험
35,여성,4000,1,기혼,1,비흡연,없음,없음,유병자 보장,노후 자금,6,예산·보장 재검토
35,여성,4000,1,기혼,1,흡연,없음,없음,유병자 보장,없음,12,수호천사 간편심사(유병자)보험
35,여성,4000,1,기혼,2,비흡연,당뇨,없음,유병자 보장,없음,20,수호천사 간편심사(유병자)보험
35,여성,4000,1,기혼,2,비흡연,없음,암,노후 자금,없음,6,예산·보장 재검토
35,여성,4000,1,미혼,0,비흡연,고혈압,심혈관,유병자 보장,없음,20,수호천사 간편심사(유병자)보험
35,여성,4000,1,미혼,0,비흡연,없음,없음,암·건강,노후 자금,8,수호천사 암/건강보험
35,여성,4000,1,미혼,0,비흡연,없음,없음,노후 자금,없음,10,예산·보장 재검토
35,여성,4000,1,미혼,0,비흡연,없음,없음,유병자 보장,없음,12,수호천사 간편심사(유병자)보험
35,여성,4000,2,기혼,0,흡연,고혈압,없음,암·건강,없음,6,예산·보장 재검토
35,여성,4000,2,미혼,0,비흡연,없음,암,암·건강,없음,10,수호천사 암/건강보험
35,여성,5000,1,기혼,2,비흡연,없음,없음,가족 생활비,없음,6,예산·보장 재검토
35,여성,5000,1,기혼,2,흡연,없음,없음,가족 생활비,없음,12,예산·보장 재검토
35,여성,5000,1,기혼,3,비흡연,없음,없음,유병자 보장,없음,10,수호천사 간편심사(유병자)보험
35,여성,5000,1,미혼,0,비흡연,없음,심혈관,노후 자금,없음,15,수호천사 행복 연금보험
35,여성,5000,1,미혼,0,비흡연,없음,없음,노후 자금,없음,8,예산·보장 재검토
35,여성,5000,1,미혼,0,흡연,없음,없음,노후 자금,암·건강,20,수호천사 행복 연금보험
35,여성,5000,2,기혼,1,비흡연,없음,없음,유병자 보장,없음,6,예산·보장 재검토
35,여성,5000,2,미혼,0,비흡연,없음,없음,암·건강,유병자 보장,12,수호천사 암/건강보험
35,여성,5000,2,미혼,0,흡연,없음,없음,노후 자금,없음,8,예산·보장 재검토
35,여성,5000,3,미혼,0,비흡연,없음,암,암·건강,가족 생활비,6,예산·보장 재검토
35,여성,5000,3,미혼,0,흡연,없음,심혈관,유병자 보장,노후 자금,6,예산·보장 재검토
35,여성,6000,1,기혼,1,비흡연,없음,없음,가족 생활비,없음,12,예산·보장 재검토
35,여성,6000,1,기혼,2,비흡연,없음,없음,암·건강,가족 생활비,8,수호천사 암/건강보험
35,여성,6000,1,기혼,2,비흡연,없음,없음,가족 생활비,암·건강,12,수호천사 암/건강보험
35,여성,6000,1,기혼,3,비흡연,없음,없음,노후 자금,없음,20,수호천사 행복 연금보험
35,여성,6000,1,미혼,0,비흡연,없음,없음,가족 생활비,없음,8,예산·보장 재검토
35,여성,6000,2,기혼,2,흡연,없음,없음,가족 생활비,없음,6,예산·보장 재검토
35,여성,6000,3,기혼,0,비흡연,없음,없음,노후 자금,가족 생활비,6,예산·보장 재검토
35,여성,6000,3,기혼,1,비흡연,없음,심혈관,가족 생활비,유병자 보장,6,예산·보장 재검토
35,여성,7500,1,기혼,1,비흡연,없음,암,가족 생활비,없음,10,예산·보장 재검토
35,여성,7500,1,기혼,2,비흡연,없음,없음,가족 생활비,없음,15,수호천사 우리가족 종신보험
35,여성,7500,1,기혼,2,흡연,없음,없음,가족 생활비,유병자 보장,8,예산·보장 재검토
35,여성,7500,1,미혼,0,비흡연,없음,없음,유병자 보장,없음,6,예산·보장 재검토
35,여성,7500,2,기혼,1,흡연,당뇨,없음,유병자 보장,가족 생활비,12,수호천사 간편심사(유병자)보험
35,여성,9000,1,미혼,0,비흡연,없음,없음,암·건강,유병자 보장,8,수호천사 암/건강보험
35,여성,12000,1,기혼,0,흡연,없음,없음,가족 생활비,암·건강,12,수호천사 암/건강보험
36,남성,3000,1,기혼,1,비흡연,없음,암,가족 생활비,유병자 보장,20,수호천사 우리가족 종신보험
36,남성,3000,1,기혼,1,비흡연,없음,없음,가족 생활비,유병자 보장,8,예산·보장 재검토
36,남성,3000,1,기혼,1,흡연,없음,없음,가족 생활비,없음,10,예산·보장 재검토
36,남성,3000,1,기혼,2,비흡연,없음,없음,가족 생활비,없음,15,수호천사 우리가족 종신보험
36,남성,3000,1,기혼,2,비흡연,없음,없음,노후 자금,없음,12,수호천사 행복 연금보험
36,남성,3000,1,기혼,3,비흡연,없음,없음,유병자 보장,없음,12,수호천사 간편심사(유병자)보험
36,남성,3000,1,미혼,0,흡연,없음,없음,가족 생활비,유병자 보장,12,수호천사 간편심사(유병자)보험
36,남성,3000,2,기혼,1,흡연,없음,암,가족 생활비,암·건강,10,수호천사 암/건강보험
36,남성,3000,2,기혼,1,흡연,없음,암,가족 생활비,없음,10,수호천사 암/건강보험
36,남성,3000,2,미혼,0,흡연,당뇨,심혈관,암·건강,없음,12,수호천사 암/건강보험
36,남성,3000,3,기혼,1,흡연,없음,암,가족 생활비,암·건강,12,수호천사 암/건강보험
36,남성,4000,1,기혼,0,비흡연,없음,없음,노후 자금,없음,12,수호천사 행복 연금보험
36,남성,4000,1,기혼,1,비흡연,고혈압,심혈관,가족 생활비,암·건강,8,수호천사 암/건강보험
36,남성,4000,1,기혼,1,비흡연,없음,심혈관,노후 자금,없음,15,수호천사 행복 연금보험
36,남성,4000,1,기혼,1,비흡연,없음,암,노후 자금,유병자 보장,8,예산·보장 재검토
36,남성,4000,1,기혼,1,비흡연,없음,없음,가족 생활비,없음,6,예산·보장 재검토
36,남성,4000,1,기혼,2,비흡연,고혈압,암,가족 생활비,유병자 보장,8,예산·보장 재검토
36,남성,4000,1,기혼,2,비흡연,없음,없음,가족 생활비,암·건강,8,수호천사 암/건강보험
36,남성,4000,1,기혼,2,흡연,없음,암,노후 자금,가족 생활비,10,수호천사 암/건강보험
36,남성,4000,1,기혼,2,흡연,없음,없음,암·건강,없음,8,수호천사 암/건강보험
36,남성,4000,1,기혼,3,비흡연,없음,없음,가족 생활비,없음,10,예산·보장 재검토
36,남성,4000,1,기혼,3,비흡연,없음,없음,노후 자금,가족 생활비,10,예산·보장 재검토
36,남성,4000,1,미혼,0,비흡연,없음,암,암·건강,유병자 보장,6,예산·보장 재검토
36,남성,4000,1,미혼,0,비흡연,없음,암,가족 생활비,유병자 보장,8,예산·보장 재검토
36,남성,4000,1,미혼,0,비흡연,없음,없음,유병자 보장,없음,10,수호천사 간편심사(유병자)보험
36,남성,4000,1,미혼,0,비흡연,없음,없음,노후 자금,없음,12,수호천사 행복 연금보험
36,남성,4000,2,기혼,1,비흡연,없음,없음,노후 자금,없음,8,예산·보장 재검토
36,남성,4000,2,기혼,2,흡연,없음,없음,가족 생활비,없음,8,예산·보장 재검토
36,남성,4000,2,기혼,3,비흡연,고혈압,없음,가족 생활비,없음,8,예산·보장 재검토
36,남성,4000,2,미혼,0,비흡연,없음,심혈관,암·건강,없음,6,예산·보장 재검토
36,남성,4000,3,미혼,0,흡연,없음,암,유병자 보장,가족 생활비,6,예산·보장 재검토
36,남성,5000,1,기혼,0,비흡연,없음,없음,가족 생활비,유병자 보장,20,수호천사 우리가족 종신보험
36,남성,5000,1,기혼,1,비흡연,없음,암,가족 생활비,없음,6,예산·보장 재검토
36,남성,5000,1,기혼,1,비흡연,없음,암,암·건강,없음,6,예산·보장 재검토
36,남성,5000,1,기혼,1,비흡연,없음,암,암·건강,가족 생활비,15,수호천사 암/건강보험
36,남성,5000,1,기혼,1,비흡연,없음,없음,가족 생활비,없음,12,예산·보장 재검토
36,남성,5000,1,기혼,1,흡연,없음,없음,가족 생활비,암·건강,10,수호천사 암/건강보험
36,남성,5000,1,기혼,2,비흡연,없음,심혈관,가족 생활비,없음,12,예산·보장 재검토
36,남성,5000,1,기혼,2,비흡연,없음,없음,암·건강,없음,20,수호천사 암/건강보험
36,남성,5000,1,기혼,2,비흡연,없음,없음,가족 생활비,없음,6,예산·보장 재검토
36,남성,5000,1,미혼,0,비흡연,없음,암,노후 자금,가족 생활비,8,예산·보장 재검토
36,남성,5000,1,미혼,0,비흡연,없음,암,암·건강,없음,15,수호천사 암/건강보험
36,남성,5000,1,미혼,0,비흡연,없음,없음,유병자 보장,없음,12,수호천사 간편심사(유병자)보험
36,남성,5000,1,미혼,0,흡연,없음,심혈관,노후 자금,없음,20,수호천사 행복 연금보험
36,남성,5000,2,기혼,1,비흡연,없음,심혈관,암·건강,유병자 보장,8,수호천사 암/건강보험
36,남성,5000,2,기혼,1,비흡연,없음,없음,가족 생활비,암·건강,20,수호천사 우리가족 종신보험
36,남성,5000,2,기혼,2,비흡연,없음,없음,유병자 보장,없음,8,예산·보장 재검토
36,남성,5000,3,기혼,1,흡연,없음,없음,노후 자금,없음,12,수호천사 행복 연금보험
36,남성,5000,3,미혼,0,비흡연,없음,없음,가족 생활비,없음,15,수호천사 우리가족 종신보험
36,남성,6000,1,기혼,1,비흡연,없음,암,가족 생활비,없음,6,예산·보장 재검토
36,남성,6000,1,기혼,1,비흡연,없음,없음,유병자 보장,없음,8,예산·보장 재검토
36,남성,6000,1,기혼,2,비흡연,없음,암,가족 생활비,유병자 보장,12,수호천사 간편심사(유병자)보험
36,남성,6000,1,기혼,2,비흡연,없음,암,가족 생활비,유병자 보장,15,수호천사 우리가족 종신보험
36,남성,6000,1,기혼,3,흡연,당뇨,암,암·건강,노후 자금,6,예산·보장 재검토
36,남성,6000,1,미혼,0,흡연,없음,없음,암·건강,유병자 보장,15,수호천사 암/건강보험
36,남성,6000,3,기혼,1,비흡연,없음,없음,암·건강,노후 자금,8,수호천사 암/건강보험
36,남성,7500,1,기혼,2,비흡연,고혈압,심혈관,노후 자금,유병자 보장,10,수호천사 간편심사(유병자)보험
36,남성,7500,1,기혼,2,비흡연,없음,암,가족 생활비,유병자 보장,10,수호천사 간편심사(유병자)보험
36,남성,7500,1,미혼,0,비흡연,없음,없음,가족 생활비,없음,20,수호천사 우리가족 종신보험
36,남성,7500,1,미혼,0,흡연,고혈압,암,유병자 보장,없음,6,예산·보장 재검토
36,남성,7500,2,기혼,1,비흡연,없음,암,가족 생활비,암·건강,12,수호천사 암/건강보험
36,남성,7500,2,미혼,0,비흡연,없음,없음,유병자 보장,노후 자금,6,예산·보장 재검토
36,남성,9000,1,기혼,1,비흡연,없음,심혈관,가족 생활비,없음,20,수호천사 우리가족 종신보험
36,남성,9000,1,기혼,2,비흡연,없음,없음,가족 생활비,없음,15,수호천사 우리가족 종신보험
36,남성,9000,1,기혼,2,흡연,없음,심혈관,암·건강,없음,8,수호천사 암/건강보험
36,남성,9000,1,기혼,2,흡연,없음,없음,노후 자금,없음,8,예산·보장 재검토
36,남성,9000,1,미혼,0,비흡연,없음,암,가족 생활비,없음,10,예산·보장 재검토
36,남성,9000,3,미혼,0,흡연,없음,암,암·건강,노후 자금,10,수호천사 암/건강보험
36,남성,12000,1,기혼,1,비흡연,없음,심혈관,가족 생활비,없음,15,수호천사 우리가족 종신보험
36,남성,12000,3,기혼,2,비흡연,없음,암,암·건강,유병자 보장,12,수호천사 암/건강보험
36,여성,3000,1,기혼,1,비흡연,없음,암,노후 자금,유병자 보장,8,예산·보장 재검토
36,여성,3000,1,미혼,0,비흡연,없음,암,노후 자금,암·건강,12,수호천사 행복 연금보험
36,여성,3000,1,미혼,0,비흡연,없음,없음,노후 자금,없음,10,예산·보장 재검토
36,여성,3000,2,미혼,0,비흡연,없음,심혈관,암·건강,노후 자금,6,예산·보장 재검토
36,여성,3000,3,미혼,0,비흡연,없음,심혈관,암·건강,없음,6,예산·보장 재검토
36,여성,3000,3,미혼,0,비흡연,없음,암,암·건강,노후 자금,8,수호천사 암/건강보험
36,여성,4000,1,기혼,1,비흡연,없음,암,암·건강,없음,10,수호천사 암/건강보험
36,여성,4000,1,기혼,1,비흡연,없음,암,암·건강,가족 생활비,6,예산·보장 재검토
36,여성,4000,1,기혼,1,비흡연,없음,없음,암·건강,없음,10,수호천사 암/건강보험
36,여성,4000,1,기혼,1,비흡연,없음,없음,노후 자금,없음,8,예산·보장 재검토
36,여성,4000,1,기혼,1,흡연,고혈압,암,암·건강,노후 자금,12,수호천사 암/건강보험
36,여성,4000,1,기혼,1,흡연,없음,없음,암·건강,가족 생활비,6,예산·보장 재검토
36,여성,4000,1,기혼,2,흡연,고혈압,없음,가족 생활비,없음,10,수호천사 간편심사(유병자)보험
36,여성,4000,1,기혼,2,흡연,없음,암,가족 생활비,유병자 보장,6,예산·보장 재검토
36,여성,4000,1,기혼,2,흡연,없음,암,가족 생활비,없음,8,수호천사 암/건강보험
36,여성,4000,1,미혼,0,비흡연,없음,없음,가족 생활비,암·건강,6,예산·보장 재검토
36,여성,4000,1,미혼,0,비흡연,없음,없음,노후 자금,없음,10,예산·보장 재검토
36,여성,4000,1,미혼,0,흡연,없음,암,유병자 보장,없음,12,수호천사 간편심사(유병자)보험
36,여성,4000,2,기혼,2,비흡연,없음,심혈관,가족 생활비,없음,6,예산·보장 재검토
36,여성,4000,2,미혼,0,비흡연,없음,없음,가족 생활비,노후 자금,12,수호천사 행복 연금보험
36,여성,4000,2,미혼,0,흡연,없음,심혈관,암·건강,없음,10,수호천사 암/건강보험
36,여성,4000,3,기혼,1,비흡연,없음,없음,가족 생활비,노후 자금,10,예산·보장 재검토
36,여성,4000,3,기혼,2,비흡연,없음,심혈관,가족 생활비,없음,10,예산·보장 재검토
36,여성,5000,1,기혼,1,비흡연,없음,없음,유병자 보장,없음,8,예산·보장 재검토
36,여성,5000,1,기혼,2,비흡연,고혈압,없음,가족 생활비,없음,12,수호천사 간편심사(유병자)보험
36,여성,5000,1,기혼,2,비흡연,없음,없음,유병자 보장,없음,12,수호천사 간편심사(유병자)보험
36,여성,5000,1,기혼,2,비흡연,없음,없음,유병자 보장,없음,12,수호천사 간편심사(유병자)보험
36,여성,5000,1,기혼,2,흡연,없음,없음,유병자 보장,없음,8,예산·보장 재검토
36,여성,5000,1,미혼,0,비흡연,고혈압,심혈관,가족 생활비,없음,12,수호천사 간편심사(유병자)보험
36,여성,5000,1,미혼,0,흡연,없음,없음,유병자 보장,없음,6,예산·보장 재검토
36,여성,5000,2,기혼,1,비흡연,없음,없음,가족 생활비,없음,10,예산·보장 재검토
36,여성,5000,2,미혼,0,비흡연,없음,없음,노후 자금,없음,6,예산·보장 재검토
36,여성,5000,2,미혼,0,비흡연,없음,없음,암·건강,없음,6,예산·보장 재검토
36,여성,5000,2,미혼,0,흡연,없음,없음,노후 자금,암·건강,12,수호천사 행복 연금보험
36,여성,6000,1,기혼,1,비흡연,고혈압,암,유병자 보장,없음,15,수호천사 간편심사(유병자)보험
36,여성,6000,1,기혼,1,비흡연,고혈압,없음,유병자 보장,없음,6,예산·보장 재검토
36,여성,6000,1,기혼,2,비흡연,고혈압,없음,가족 생활비,없음,12,수호천사 간편심사(유병자)보험
36,여성,6000,1,기혼,3,비흡연,없음,심혈관,노후 자금,없음,12,수호천사 행복 연금보험
36,여성,6000,1,미혼,0,비흡연,없음,암,암·건강,없음,20,수호천사 암/건강보험
36,여성,6000,1,미혼,0,비흡연,없음,없음,가족 생활비,없음,12,예산·보장 재검토
36,여성,6000,2,기혼,2,비흡연,없음,암,암·건강,없음,6,예산·보장 재검토
36,여성,6000,3,기혼,2,비흡연,없음,없음,가족 생활비,암·건강,6,예산·보장 재검토
36,여성,7500,1,기혼,1,비흡연,없음,없음,가족 생활비,없음,12,예산·보장 재검토
36,여성,7500,1,기혼,1,흡연,당뇨,심혈관,가족 생활비,암·건강,8,수호천사 암/건강보험
36,여성,7500,1,기혼,2,흡연,없음,암,가족 생활비,없음,20,수호천사 우리가족 종신보험
36,여성,7500,1,기혼,2,흡연,없음,없음,암·건강,없음,20,수호천사 암/건강보험
36,여성,7500,2,미혼,0,비흡연,없음,없음,가족 생활비,없음,20,수호천사 우리가족 종신보험
36,여성,9000,1,기혼,1,비흡연,없음,없음,가족 생활비,유병자 보장,8,예산·보장 재검토
36,여성,9000,1,미혼,0,흡연,없음,암,가족 생활비,유병자 보장,15,수호천사 우리가족 종신보험
36,여성,12000,1,미혼,0,비흡연,없음,심혈관,암·건강,없음,12,수호천사 암/건강보험
37,남성,3000,1,기혼,0,비흡연,없음,없음,유병자 보장,없음,6,예산·보장 재검토
37,남성,3000,1,기혼,1,비흡연,고혈압,없음,유병자 보장,암·건강,8,수호천사 암/건강보험
37,남성,3000,1,기혼,1,비흡연,없음,암,암·건강,노후 자금,6,예산·보장 재검토
37,남성,3000,1,기혼,2,비흡연,없음,심혈관,암·건강,없음,8,수호천사 암/건강보험
37,남성,3000,1,기혼,2,비흡연,없음,없음,가족 생활비,유병자 보장,20,수호천사 우리가족 종신보험
37,남성,3000,1,기혼,2,흡연,당뇨,없음,가족 생활비,암·건강,15,수호천사 우리가족 종신보험
37,남성,3000,1,기혼,2,흡연,없음,암,암·건강,가족 생활비,8,수호천사 암/건강보험
37,남성,3000,1,미혼,0,비흡연,없음,없음,노후 자금,암·건강,10,수호천사 암/건강보험
37,남성,3000,1,미혼,0,비흡연,없음,없음,가족 생활비,없음,6,예산·보장 재검토
37,남성,3000,2,기혼,1,흡연,없음,암,가족 생활비,없음,8,수호천사 암/건강보험
37,남성,3000,2,미혼,0,비흡연,없음,없음,유병자 보장,암·건강,6,예산·보장 재검토
37,남성,4000,1,기혼,0,비흡연,없음,암,암·건강,없음,10,수호천사 암/건강보험
37,남성,4000,1,기혼,1,비흡연,없음,심혈관,가족 생활비,없음,10,예산·보장 재검토
37,남성,4000,1,기혼,1,비흡연,없음,암,노후 자금,없음,15,수호천사 행복 연금보험
37,남성,4000,1,기혼,1,흡연,없음,없음,가족 생활비,없음,15,수호천사 우리가족 종신보험
37,남성,4000,1,기혼,2,비흡연,고혈압,없음,가족 생활비,유병자 보장,6,예산·보장 재검토
37,남성,4000,1,기혼,2,비흡연,없음,없음,가족 생활비,없음,12,예산·보장 재검토
37,남성,4000,1,미혼,0,비흡연,없음,없음,가족 생활비,없음,6,예산·보장 재검토
37,남성,4000,1,미혼,0,비흡연,없음,없음,암·건강,노후 자금,8,수호천사 암/건강보험
37,남성,4000,2,기혼,0,비흡연,고혈압,없음,유병자 보장,노후 자금,10,수호천사 간편심사(유병자)보험
37,남성,4000,2,기혼,1,비흡연,없음,심혈관,가족 생활비,없음,6,예산·보장 재검토
37,남성,4000,2,기혼,1,비흡연,없음,없음,노후 자금,없음,6,예산·보장 재검토
37,남성,4000,2,기혼,1,흡연,없음,심혈관,가족 생활비,없음,8,수호천사 암/건강보험
37,남성,4000,3,기혼,1,비흡연,없음,없음,가족 생활비,없음,6,예산·보장 재검토
37,남성,4000,3,기혼,2,흡연,없음,심혈관,노후 자금,암·건강,20,수호천사 암/건강보험
37,남성,5000,1,기혼,2,비흡연,당뇨,없음,유병자 보장,가족 생활비,8,예산·보장 재검토
37,남성,5000,1,기혼,2,비흡연,없음,암,암·건강,없음,10,수호천사 암/건강보험
37,남성,5000,1,기혼,2,비흡연,없음,없음,유병자 보장,없음,20,수호천사 간편심사(유병자)보험
37,남성,5000,1,기혼,2,흡연,없음,없음,암·건강,없음,10,수호천사 암/건강보험
37,남성,5000,1,미혼,0,비흡연,없음,없음,암·건강,없음,10,수호천사 암/건강보험
37,남성,5000,2,기혼,2,비흡연,없음,없음,가족 생활비,없음,20,수호천사 우리가족 종신보험
37,남성,5000,2,기혼,2,비흡연,없음,없음,가족 생활비,유병자 보장,8,예산·보장 재검토
37,남성,5000,2,미혼,0,비흡연,없음,심혈관,가족 생활비,없음,6,예산·보장 재검토
37,남성,5000,2,미혼,0,흡연,없음,심혈관,암·건강,없음,10,수호천사 암/건강보험
37,남성,5000,3,기혼,1,비흡연,없음,암,가족 생활비,암·건강,10,수호천사 암/건강보험
37,남성,6000,1,기혼,1,비흡연,없음,없음,유병자 보장,암·건강,15,수호천사 간편심사(유병자)보험
37,남성,6000,1,기혼,1,비흡연,없음,없음,노후 자금,암·건강,6,예산·보장 재검토
37,남성,6000,1,기혼,1,비흡연,없음,없음,유병자 보장,가족 생활비,12,수호천사 간편심사(유병자)보험
37,남성,6000,1,기혼,2,비흡연,없음,암,가족 생활비,없음,12,예산·보장 재검토
37,남성,6000,1,기혼,2,비흡연,없음,없음,가족 생활비,노후 자금,20,수호천사 우리가족 종신보험
37,남성,6000,1,기혼,2,흡연,없음,암,가족 생활비,암·건강,6,예산·보장 재검토
37,남성,6000,1,미혼,0,비흡연,없음,없음,유병자 보장,노후 자금,8,예산·보장 재검토
37,남성,6000,2,기혼,1,비흡연,없음,없음,가족 생활비,노후 자금,20,수호천사 우리가족 종신보험
37,남성,6000,2,기혼,2,흡연,없음,없음,유병자 보장,노후 자금,12,수호천사 간편심사(유병자)보험
37,남성,6000,3,기혼,1,비흡연,없음,심혈관,노후 자금,암·건강,6,예산·보장 재검토
37,남성,6000,3,미혼,0,비흡연,없음,없음,가족 생활비,없음,6,예산·보장 재검토
37,남성,7500,1,기혼,2,흡연,없음,없음,가족 생활비,없음,15,수호천사 우리가족 종신보험
37,남성,7500,1,미혼,0,비흡연,없음,없음,노후 자금,유병자 보장,12,수호천사 행복 연금보험
37,남성,7500,1,미혼,0,비흡연,없음,없음,노후 자금,없음,12,수호천사 행복 연금보험
37,남성,7500,2,미혼,0,비흡연,없음,암,암·건강,없음,20,수호천사 암/건강보험
37,남성,9000,1,기혼,1,비흡연,없음,없음,가족 생활비,없음,8,예산·보장 재검토
37,남성,9000,1,기혼,2,비흡연,당뇨,없음,유병자 보장,가족 생활비,6,예산·보장 재검토
37,남성,9000,1,기혼,2,비흡연,없음,암,암·건강,없음,12,수호천사 암/건강보험
37,남성,9000,1,기혼,2,비흡연,없음,없음,가족 생활비,없음,20,수호천사 우리가족 종신보험
37,남성,9000,2,기혼,1,비흡연,없음,없음,노후 자금,없음,8,예산·보장 재검토
37,남성,9000,2,미혼,0,비흡연,없음,심혈관,노후 자금,없음,15,수호천사 행복 연금보험
37,남성,12000,1,기혼,2,비흡연,없음,없음,가족 생활비,없음,6,예산·보장 재검토
37,남성,12000,1,기혼,2,흡연,없음,심혈관,가족 생활비,노후 자금,8,수호천사 암/건강보험
37,여성,3000,1,기혼,1,비흡연,없음,없음,노후 자금,없음,20,수호천사 행복 연금보험
37,여성,3000,1,기혼,1,흡연,없음,암,노후 자금,없음,6,예산·보장 재검토
37,여성,3000,1,기혼,1,흡연,없음,없음,유병자 보장,없음,6,예산·보장 재검토
37,여성,3000,1,기혼,2,비흡연,고혈압,암,유병자 보장,없음,12,수호천사 간편심사(유병자)보험
37,여성,3000,1,기혼,2,비흡연,고혈압,없음,가족 생활비,없음,8,예산·보장 재검토
37,여성,3000,1,기혼,2,비흡연,없음,없음,가족 생활비,없음,8,예산·보장 재검토
37,여성,3000,1,미혼,0,비흡연,없음,없음,유병자 보장,노후 자금,15,수호천사 간편심사(유병자)보험
37,여성,3000,2,기혼,2,흡연,없음,없음,노후 자금,없음,6,예산·보장 재검토
37,여성,3000,2,미혼,0,흡연,없음,심혈관,노후 자금,없음,10,수호천사 암/건강보험
37,여성,4000,1,기혼,1,흡연,없음,없음,노후 자금,없음,8,예산·보장 재검토
37,여성,4000,1,기혼,2,비흡연,없음,심혈관,가족 생활비,노후 자금,6,예산·보장 재검토
37,여성,4000,1,기혼,2,비흡연,없음,없음,유병자 보장,없음,12,수호천사 간편심사(유병자)보험
37,여성,4000,1,미혼,0,비흡연,없음,암,암·건강,없음,8,수호천사 암/건강보험
37,여성,4000,2,기혼,1,비흡연,고혈압,없음,가족 생활비,노후 자금,15,수호천사 우리가족 종신보험
37,여성,4000,2,미혼,0,비흡연,없음,암,유병자 보장,없음,20,수호천사 간편심사(유병자)보험
37,여성,4000,2,미혼,0,비흡연,없음,없음,가족 생활비,노후 자금,15,수호천사 우리가족 종신보험
37,여성,5000,1,기혼,1,비흡연,없음,심혈관,가족 생활비,없음,8,예산·보장 재검토
37,여성,5000,1,기혼,1,비흡연,없음,없음,가족 생활비,없음,8,예산·보장 재검토
37,여성,5000,1,기혼,1,흡연,없음,심혈관,가족 생활비,암·건강,15,수호천사 우리가족 종신보험
37,여성,5000,1,기혼,1,흡연,없음,없음,가족 생활비,없음,10,예산·보장 재검토
37,여성,5000,1,기혼,1,흡연,없음,없음,가족 생활비,없음,12,예산·보장 재검토
37,여성,5000,1,미혼,0,비흡연,없음,암,암·건강,노후 자금,15,수호천사 암/건강보험
37,여성,5000,1,미혼,0,비흡연,없음,없음,암·건강,없음,8,수호천사 암/건강보험
37,여성,5000,2,기혼,1,흡연,없음,없음,가족 생활비,없음,6,예산·보장 재검토
37,여성,5000,2,기혼,2,비흡연,없음,심혈관,가족 생활비,암·건강,12,수호천사 암/건강보험
37,여성,5000,2,기혼,2,비흡연,없음,없음,유병자 보장,없음,10,수호천사 간편심사(유병자)보험
37,여성,6000,1,기혼,1,비흡연,없음,없음,가족 생활비,없음,8,예산·보장 재검토
37,여성,6000,1,기혼,1,비흡연,없음,없음,가족 생활비,없음,12,예산·보장 재검토
37,여성,6000,1,기혼,2,비흡연,당뇨,암,암·건강,없음,15,수호천사 암/건강보험
37,여성,6000,1,기혼,2,비흡연,없음,심혈관,암·건강,노후 자금,8,수호천사 암/건강보험
37,여성,6000,1,기혼,2,비흡연,없음,없음,유병자 보장,암·건강,8,수호천사 암/건강보험
37,여성,6000,1,기혼,2,비흡연,없음,없음,가족 생활비,없음,12,예산·보장 재검토
37,여성,6000,1,미혼,0,비흡연,없음,암,암·건강,없음,15,수호천사 암/건강보험
37,여성,6000,1,미혼,0,비흡연,없음,없음,암·건강,없음,20,수호천사 암/건강보험
37,여성,6000,2,미혼,0,비흡연,없음,없음,암·건강,유병자 보장,6,예산·보장 재검토
37,여성,7500,1,기혼,0,흡연,없음,암,유병자 보장,가족 생활비,20,수호천사 간편심사(유병자)보험
37,여성,7500,1,기혼,1,비흡연,없음,심혈관,암·건강,유병자 보장,15,수호천사 암/건강보험
37,여성,7500,1,기혼,2,비흡연,고혈압,없음,가족 생활비,없음,15,수호천사 우리가족 종신보험
37,여성,7500,1,기혼,2,비흡연,없음,없음,유병자 보장,암·건강,8,수호천사 암/건강보험
37,여성,7500,1,미혼,0,흡연,없음,없음,가족 생활비,없음,6,예산·보장 재검토
37,여성,9000,3,미혼,0,비흡연,없음,없음,유병자 보장,없음,12,수호천사 간편심사(유병자)보험
37,여성,12000,1,기혼,3,비흡연,없음,없음,가족 생활비,없음,8,예산·보장 재검토
37,여성,12000,1,미혼,0,흡연,없음,없음,암·건강,가족 생활비,8,수호천사 암/건강보험
38,남성,3000,1,기혼,0,비흡연,없음,없음,노후 자금,없음,20,수호천사 행복 연금보험
38,남성,3000,1,기혼,1,비흡연,고혈압,없음,가족 생활비,없음,6,예산·보장 재검토
38,남성,3000,1,기혼,1,비흡연,없음,암,암·건강,없음,20,수호천사 암/건강보험
38,남성,3000,1,기혼,1,흡연,없음,암,암·건강,없음,10,수호천사 암/건강보험
38,남성,3000,1,기혼,2,비흡연,없음,암,노후 자금,없음,15,수호천사 행복 연금보험
38,남성,3000,1,미혼,0,비흡연,없음,없음,가족 생활비,없음,8,예산·보장 재검토
38,남성,3000,1,미혼,0,비흡연,없음,없음,암·건강,없음,10,수호천사 암/건강보험
38,남성,3000,1,미혼,0,비흡연,없음,없음,암·건강,노후 자금,10,수호천사 암/건강보험
38,남성,3000,1,미혼,0,비흡연,없음,없음,가족 생활비,없음,20,수호천사 우리가족 종신보험
38,남성,3000,2,기혼,2,비흡연,고혈압,암,가족 생활비,암·건강,6,예산·보장 재검토
38,남성,3000,2,미혼,0,비흡연,없음,없음,가족 생활비,유병자 보장,6,예산·보장 재검토
38,남성,3000,3,기혼,2,비흡연,없음,심혈관,노후 자금,암·건강,20,수호천사 행복 연금보험
38,남성,4000,1,기혼,0,비흡연,없음,심혈관,암·건강,없음,6,예산·보장 재검토
38,남성,4000,1,기혼,0,비흡연,없음,없음,유병자 보장,가족 생활비,10,수호천사 간편심사(유병자)보험
38,남성,4000,1,기혼,1,비흡연,없음,암,가족 생활비,노후 자금,6,예산·보장 재검토
38,남성,4000,1,기혼,1,흡연,없음,없음,가족 생활비,없음,6,예산·보장 재검토
38,남성,4000,1,기혼,2,비흡연,없음,없음,유병자 보장,없음,10,수호천사 간편심사(유병자)보험
38,남성,4000,1,기혼,2,흡연,없음,암,암·건강,노후 자금,10,수호천사 암/건강보험
38,남성,4000,1,기혼,3,비흡연,없음,암,유병자 보장,노후 자금,10,수호천사 간편심사(유병자)보험
38,남성,4000,1,미혼,0,비흡연,없음,심혈관,가족 생활비,암·건강,10,수호천사 암/건강보험
38,남성,4000,2,기혼,1,비흡연,없음,심혈관,암·건강,없음,12,수호천사 암/건강보험
38,남성,4000,2,기혼,1,비흡연,없음,없음,가족 생활비,없음,20,수호천사 우리가족 종신보험
38,남성,4000,2,기혼,2,비흡연,없음,암,가족 생활비,암·건강,8,수호천사 암/건강보험
38,남성,4000,2,기혼,2,비흡연,없음,없음,가족 생활비,없음,8,예산·보장 재검토
38,남성,4000,2,미혼,0,비흡연,없음,암,가족 생활비,노후 자금,8,예산·보장 재검토
38,남성,4000,3,미혼,0,비흡연,없음,없음,노후 자금,없음,12,수호천사 행복 연금보험
38,남성,5000,1,기혼,1,비흡연,없음,암,가족 생활비,암·건강,8,수호천사 암/건강보험
38,남성,5000,1,기혼,2,비흡연,없음,없음,암·건강,노후 자금,12,수호천사 암/건강보험
38,남성,5000,1,기혼,3,흡연,없음,없음,가족 생활비,없음,10,예산·보장 재검토
38,남성,5000,1,미혼,0,비흡연,없음,없음,가족 생활비,노후 자금,12,수호천사 행복 연금보험
38,남성,5000,1,미혼,0,흡연,없음,없음,암·건강,없음,15,수호천사 암/건강보험
38,남성,5000,2,기혼,1,흡연,없음,없음,암·건강,없음,10,수호천사 암/건강보험
38,남성,5000,2,기혼,2,비흡연,없음,없음,유병자 보장,노후 자금,10,수호천사 간편심사(유병자)보험
38,남성,5000,2,기혼,2,흡연,당뇨,암,유병자 보장,없음,8,수호천사 암/건강보험
38,남성,5000,3,기혼,0,비흡연,없음,없음,유병자 보장,없음,10,수호천사 간편심사(유병자)보험
38,남성,5000,3,미혼,0,비흡연,없음,없음,암·건강,가족 생활비,8,수호천사 암/건강보험
38,남성,6000,1,기혼,1,비흡연,없음,없음,가족 생활비,노후 자금,15,수호천사 우리가족 종신보험
38,남성,6000,1,기혼,1,흡연,없음,없음,노후 자금,가족 생활비,10,예산·보장 재검토
38,남성,6000,1,기혼,2,비흡연,없음,없음,유병자 보장,가족 생활비,6,예산·보장 재검토
38,남성,6000,1,미혼,0,비흡연,없음,암,노후 자금,없음,8,예산·보장 재검토
38,남성,6000,1,미혼,0,비흡연,없음,암,암·건강,유병자 보장,10,수호천사 암/건강보험
38,남성,6000,1,미혼,0,비흡연,없음,없음,노후 자금,암·건강,20,수호천사 행복 연금보험
38,남성,6000,2,기혼,2,흡연,없음,없음,노후 자금,유병자 보장,8,예산·보장 재검토
38,남성,6000,2,미혼,0,비흡연,당뇨,없음,암·건강,없음,8,수호천사 암/건강보험
38,남성,7500,1,기혼,1,흡연,없음,심혈관,가족 생활비,없음,10,수호천사 암/건강보험
38,남성,7500,1,기혼,2,비흡연,없음,암,노후 자금,가족 생활비,20,수호천사 우리가족 종신보험
38,남성,7500,1,기혼,2,비흡연,없음,없음,노후 자금,없음,20,수호천사 행복 연금보험
38,남성,7500,1,미혼,0,흡연,없음,없음,노후 자금,암·건강,6,예산·보장 재검토
38,남성,9000,1,기혼,1,비흡연,없음,없음,가족 생활비,없음,12,예산·보장 재검토
38,남성,9000,3,기혼,1,비흡연,없음,없음,암·건강,없음,15,수호천사 암/건강보험
38,남성,12000,1,기혼,1,흡연,없음,없음,가족 생활비,없음,15,수호천사 우리가족 종신보험
38,여성,3000,1,기혼,0,흡연,고혈압,없음,유병자 보장,없음,10,수호천사 간편심사(유병자)보험
38,여성,3000,1,기혼,1,비흡연,없음,없음,가족 생활비,없음,12,예산·보장 재검토
38,여성,3000,1,미혼,0,비흡연,없음,암,암·건강,유병자 보장,10,수호천사 암/건강보험
38,여성,3000,1,미혼,0,비흡연,없음,없음,가족 생활비,노후 자금,6,예산·보장 재검토
38,여성,3000,2,기혼,1,비흡연,없음,없음,유병자 보장,없음,6,예산·보장 재검토
38,여성,3000,2,기혼,2,비흡연,없음,없음,가족 생활비,없음,8,예산·보장 재검토
38,여성,3000,2,미혼,0,비흡연,당뇨,심혈관,암·건강,없음,6,예산·보장 재검토
38,여성,4000,1,기혼,1,비흡연,없음,없음,가족 생활비,암·건강,8,수호천사 암/건강보험
38,여성,4000,1,기혼,2,비흡연,없음,없음,가족 생활비,없음,15,수호천사 우리가족 종신보험
38,여성,4000,1,기혼,2,비흡연,없음,없음,가족 생활비,없음,15,수호천사 우리가족 종신보험
38,여성,4000,1,기혼,2,흡연,없음,없음,가족 생활비,없음,6,예산·보장 재검토
38,여성,4000,1,미혼,0,비흡연,없음,암,암·건강,없음,6,예산·보장 재검토
38,여성,4000,1,미혼,0,비흡연,없음,없음,노후 자금,암·건강,12,수호천사 행복 연금보험
38,여성,4000,1,미혼,0,비흡연,없음,없음,가족 생활비,없음,10,예산·보장 재검토
38,여성,4000,1,미혼,0,흡연,없음,없음,유병자 보장,없음,6,예산·보장 재검토
38,여성,4000,1,미혼,0,흡연,없음,없음,암·건강,유병자 보장,15,수호천사 암/건강보험
38,여성,4000,1,미혼,0,흡연,없음,없음,암·건강,가족 생활비,6,예산·보장 재검토
38,여성,4000,2,기혼,1,비흡연,없음,암,가족 생활비,없음,6,예산·보장 재검토
38,여성,4000,2,기혼,1,흡연,없음,없음,노후 자금,유병자 보장,12,수호천사 행복 연금보험
38,여성,4000,2,미혼,0,비흡연,없음,없음,가족 생활비,암·건강,10,수호천사 암/건강보험
38,여성,4000,3,기혼,1,비흡연,없음,암,암·건강,없음,8,수호천사 암/건강보험
38,여성,4000,3,기혼,1,흡연,없음,없음,노후 자금,가족 생활비,12,수호천사 행복 연금보험
38,여성,4000,3,기혼,2,비흡연,없음,심혈관,유병자 보장,가족 생활비,20,수호천사 간편심사(유병자)보험
38,여성,5000,1,기혼,0,흡연,없음,암,노후 자금,암·건강,6,예산·보장 재검토
38,여성,5000,1,기혼,1,흡연,없음,없음,유병자 보장,암·건강,12,수호천사 간편심사(유병자)보험
38,여성,5000,1,기혼,2,비흡연,고혈압,심혈관,가족 생활비,없음,8,예산·보장 재검토
38,여성,5000,1,기혼,2,비흡연,없음,없음,노후 자금,없음,10,예산·보장 재검토
38,여성,5000,1,미혼,0,비흡연,없음,없음,유병자 보장,없음,10,수호천사 간편심사(유병자)보험
38,여성,5000,2,기혼,1,비흡연,없음,없음,가족 생활비,암·건강,8,수호천사 암/건강보험
38,여성,5000,2,기혼,2,비흡연,없음,암,노후 자금,유병자 보장,6,예산·보장 재검토
38,여성,6000,1,기혼,0,비흡연,당뇨,암,암·건강,없음,15,수호천사 암/건강보험
38,여성,6000,1,기혼,0,비흡연,없음,없음,암·건강,없음,10,수호천사 암/건강보험
38,여성,6000,1,기혼,1,비흡연,없음,심혈관,가족 생활비,노후 자금,15,수호천사 우리가족 종신보험
38,여성,6000,1,기혼,1,비흡연,없음,없음,가족 생활비,노후 자금,8,예산·보장 재검토
38,여성,6000,1,기혼,1,흡연,고혈압,없음,암·건강,없음,15,수호천사 암/건강보험
38,여성,6000,1,기혼,1,흡연,없음,없음,가족 생활비,유병자 보장,10,수호천사 간편심사(유병자)보험
38,여성,6000,1,기혼,1,흡연,없음,없음,가족 생활비,없음,10,예산·보장 재검토
38,여성,6000,1,기혼,2,비흡연,없음,심혈관,암·건강,없음,12,수호천사 암/건강보험
38,여성,6000,1,기혼,2,비흡연,없음,암,유병자 보장,없음,15,수호천사 간편심사(유병자)보험
38,여성,6000,1,미혼,0,비흡연,없음,없음,노후 자금,가족 생활비,10,예산·보장 재검토
38,여성,6000,1,미혼,0,비흡연,없음,없음,가족 생활비,없음,10,예산·보장 재검토
38,여성,6000,1,미혼,0,흡연,없음,없음,노후 자금,가족 생활비,12,수호천사 행복 연금보험
38,여성,6000,2,미혼,0,비흡연,없음,심혈관,암·건강,없음,12,수호천사 암/건강보험
38,여성,6000,3,기혼,0,비흡연,없음,심혈관,노후 자금,없음,10,예산·보장 재검토
38,여성,6000,3,기혼,0,비흡연,없음,없음,가족 생활비,없음,15,수호천사 우리가족 종신보험
38,여성,7500,1,미혼,0,비흡연,당뇨,없음,암·건강,유병자 보장,10,수호천사 암/건강보험
38,여성,7500,1,미혼,0,흡연,없음,심혈관,노후 자금,없음,10,수호천사 암/건강보험
38,여성,7500,3,기혼,1,비흡연,없음,없음,가족 생활비,노후 자금,12,수호천사 행복 연금보험
38,여성,7500,3,기혼,2,흡연,없음,없음,암·건강,가족 생활비,20,수호천사 암/건강보험
38,여성,9000,1,기혼,0,비흡연,없음,심혈관,암·건강,유병자 보장,8,수호천사 암/건강보험
38,여성,9000,1,기혼,1,비흡연,없음,암,가족 생활비,없음,8,예산·보장 재검토
38,여성,9000,1,기혼,2,비흡연,고혈압,없음,암·건강,없음,8,수호천사 암/건강보험
38,여성,9000,1,기혼,2,비흡연,없음,심혈관,암·건강,노후 자금,15,수호천사 암/건강보험
38,여성,9000,2,기혼,1,흡연,없음,없음,암·건강,노후 자금,10,수호천사 암/건강보험
38,여성,9000,2,기혼,3,비흡연,없음,없음,가족 생활비,없음,10,예산·보장 재검토
38,여성,12000,1,기혼,1,비흡연,없음,암,유병자 보장,없음,8,예산·보장 재검토
38,여성,12000,1,미혼,0,비흡연,없음,없음,가족 생활비,없음,20,수호천사 우리가족 종신보험
39,남성,3000,1,기혼,1,비흡연,당뇨,없음,유병자 보장,없음,8,예산·보장 재검토
39,남성,3000,1,기혼,1,비흡연,없음,심혈관,암·건강,없음,10,수호천사 암/건강보험
39,남성,3000,1,기혼,1,비흡연,없음,암,가족 생활비,노후 자금,6,예산·보장 재검토
39,남성,3000,1,기혼,2,비흡연,없음,없음,가족 생활비,없음,6,예산·보장 재검토
39,남성,3000,1,미혼,0,비흡연,없음,심혈관,유병자 보장,암·건강,6,예산·보장 재검토
39,남성,3000,1,미혼,0,비흡연,없음,없음,암·건강,유병자 보장,8,수호천사 암/건강보험
39,남성,3000,2,기혼,1,흡연,없음,심혈관,암·건강,없음,10,수호천사 암/건강보험
39,남성,3000,2,기혼,2,흡연,없음,없음,유병자 보장,없음,8,예산·보장 재검토
39,남성,3000,2,기혼,3,비흡연,없음,없음,가족 생활비,없음,8,예산·보장 재검토
39,남성,3000,3,미혼,0,흡연,고혈압,암,유병자 보장,없음,6,예산·보장 재검토
39,남성,4000,1,기혼,0,흡연,없음,심혈관,가족 생활비,암·건강,8,수호천사 암/건강보험
39,남성,4000,1,기혼,1,비흡연,없음,암,유병자 보장,노후 자금,6,예산·보장 재검토
39,남성,4000,1,기혼,1,비흡연,없음,암,가족 생활비,없음,6,예산·보장 재검토
39,남성,4000,1,기혼,2,비흡연,없음,암,가족 생활비,유병자 보장,6,예산·보장 재검토
39,남성,4000,1,기혼,2,비흡연,없음,없음,암·건강,없음,12,수호천사 암/건강보험
39,남성,4000,1,기혼,2,흡연,없음,암,가족 생활비,없음,20,수호천사 우리가족 종신보험
39,남성,4000,1,미혼,0,비흡연,없음,암,암·건강,가족 생활비,10,수호천사 암/건강보험
39,남성,4000,1,미혼,0,비흡연,없음,암,암·건강,없음,6,예산·보장 재검토
39,남성,4000,1,미혼,0,비흡연,없음,없음,암·건강,없음,20,수호천사 암/건강보험
39,남성,4000,1,미혼,0,비흡연,없음,없음,노후 자금,없음,20,수호천사 행복 연금보험
39,남성,4000,2,미혼,0,비흡연,없음,암,노후 자금,없음,10,예산·보장 재검토
39,남성,4000,3,기혼,1,비흡연,없음,없음,암·건강,없음,6,예산·보장 재검토
39,남성,5000,1,기혼,1,비흡연,없음,암,가족 생활비,없음,12,예산·보장 재검토
39,남성,5000,1,기혼,1,비흡연,없음,없음,가족 생활비,암·건강,20,수호천사 우리가족 종신보험
39,남성,5000,1,기혼,2,비흡연,없음,없음,유병자 보장,없음,12,수호천사 간편심사(유병자)보험
39,남성,5000,1,기혼,2,흡연,없음,없음,가족 생활비,없음,12,예산·보장 재검토
39,남성,5000,1,기혼,2,흡연,없음,없음,가족 생활비,없음,12,예산·보장 재검토
39,남성,5000,1,미혼,0,비흡연,없음,없음,노후 자금,유병자 보장,20,수호천사 행복 연금보험
39,남성,5000,1,미혼,0,흡연,없음,없음,노후 자금,없음,6,예산·보장 재검토
39,남성,5000,2,기혼,1,비흡연,없음,없음,암·건강,노후 자금,6,예산·보장 재검토
39,남성,5000,3,기혼,2,비흡연,없음,없음,가족 생활비,암·건강,15,수호천사 우리가족 종신보험
39,남성,5000,3,기혼,3,흡연,없음,암,가족 생활비,없음,6,예산·보장 재검토
39,남성,6000,1,기혼,1,비흡연,없음,암,암·건강,없음,10,수호천사 암/건강보험
39,남성,6000,1,기혼,1,비흡연,없음,없음,가족 생활비,암·건강,8,수호천사 암/건강보험
39,남성,6000,1,기혼,1,흡연,당뇨,없음,노후 자금,없음,8,예산·보장 재검토
39,남성,6000,1,기혼,1,흡연,없음,심혈관,암·건강,노후 자금,6,예산·보장 재검토
39,남성,6000,1,기혼,2,흡연,없음,없음,가족 생활비,유병자 보장,12,수호천사 간편심사(유병자)보험
39,남성,6000,1,미혼,0,비흡연,없음,없음,노후 자금,없음,10,예산·보장 재검토
39,남성,6000,2,미혼,0,비흡연,없음,없음,유병자 보장,없음,12,수호천사 간편심사(유병자)보험
39,남성,7500,1,기혼,1,비흡연,없음,없음,가족 생활비,유병자 보장,8,예산·보장 재검토
39,남성,7500,1,미혼,0,흡연,없음,없음,노후 자금,없음,20,수호천사 행복 연금보험
39,남성,9000,1,기혼,0,비흡연,없음,없음,유병자 보장,없음,12,수호천사 간편심사(유병자)보험
39,남성,9000,1,미혼,0,비흡연,없음,없음,암·건강,없음,20,수호천사 암/건강보험
39,남성,9000,1,미혼,0,비흡연,없음,없음,암·건강,없음,10,수호천사 암/건강보험
39,남성,9000,2,기혼,2,흡연,없음,심혈관,노후 자금,없음,6,예산·보장 재검토
39,남성,9000,3,기혼,1,비흡연,없음,심혈관,암·건강,가족 생활비,15,수호천사 암/건강보험
39,남성,12000,1,기혼,2,비흡연,없음,암,가족 생활비,없음,15,수호천사 우리가족 종신보험
39,남성,12000,1,기혼,2,비흡연,없음,없음,암·건강,노후 자금,6,예산·보장 재검토
39,남성,12000,1,기혼,2,흡연,없음,없음,가족 생활비,암·건강,12,수호천사 암/건강보험
39,남성,12000,3,기혼,1,비흡연,없음,없음,노후 자금,암·건강,12,수호천사 행복 연금보험
39,여성,3000,1,기혼,1,비흡연,없음,없음,가족 생활비,없음,6,예산·보장 재검토
39,여성,3000,1,기혼,2,비흡연,없음,암,노후 자금,없음,10,예산·보장 재검토
39,여성,3000,1,기혼,2,비흡연,없음,없음,유병자 보장,노후 자금,8,예산·보장 재검토
39,여성,3000,1,미혼,0,비흡연,없음,심혈관,유병자 보장,없음,6,예산·보장 재검토
39,여성,3000,1,미혼,0,비흡연,없음,없음,노후 자금,없음,15,수호천사 행복 연금보험
39,여성,3000,1,미혼,0,비흡연,없음,없음,유병자 보장,노후 자금,10,수호천사 간편심사(유병자)보험
39,여성,3000,1,미혼,0,흡연,없음,없음,유병자 보장,없음,15,수호천사 간편심사(유병자)보험
39,여성,3000,3,미혼,0,비흡연,없음,없음,노후 자금,유병자 보장,12,수호천사 행복 연금보험
39,여성,4000,1,기혼,0,비흡연,없음,없음,유병자 보장,없음,20,수호천사 간편심사(유병자)보험
39,여성,4000,1,기혼,1,비흡연,고혈압,없음,가족 생활비,없음,8,예산·보장 재검토
39,여성,4000,1,기혼,1,비흡연,없음,심혈관,노후 자금,유병자 보장,8,예산·보장 재검토
39,여성,4000,1,기혼,1,비흡연,없음,암,암·건강,없음,8,수호천사 암/건강보험
39,여성,4000,1,기혼,1,비흡연,없음,없음,가족 생활비,없음,10,예산·보장 재검토
39,여성,4000,1,기혼,1,흡연,없음,심혈관,암·건강,없음,10,수호천사 암/건강보험
39,여성,4000,1,기혼,1,흡연,없음,없음,가족 생활비,없음,12,예산·보장 재검토
39,여성,4000,1,기혼,2,비흡연,고혈압,없음,유병자 보장,없음,8,예산·보장 재검토
39,여성,4000,1,기혼,2,비흡연,없음,심혈관,가족 생활비,없음,6,예산·보장 재검토
39,여성,4000,1,기혼,2,비흡연,없음,심혈관,암·건강,없음,15,수호천사 암/건강보험
39,여성,4000,1,기혼,2,비흡연,없음,암,가족 생활비,없음,15,수호천사 우리가족 종신보험
39,여성,4000,1,기혼,2,흡연,없음,암,암·건강,가족 생활비,8,수호천사 암/건강보험
39,여성,4000,1,미혼,0,비흡연,없음,심혈관,암·건강,없음,12,수호천사 암/건강보험
39,여성,4000,1,미혼,0,흡연,고혈압,없음,유병자 보장,없음,10,수호천사 간편심사(유병자)보험
39,여성,4000,2,기혼,2,비흡연,없음,없음,가족 생활비,없음,12,예산·보장 재검토
39,여성,4000,3,기혼,1,비흡연,없음,심혈관,가족 생활비,없음,8,예산·보장 재검토
39,여성,4000,3,기혼,1,흡연,없음,없음,가족 생활비,없음,10,예산·보장 재검토
39,여성,5000,1,기혼,0,흡연,없음,암,노후 자금,유병자 보장,6,예산·보장 재검토
39,여성,5000,1,기혼,1,비흡연,없음,없음,가족 생활비,암·건강,6,예산·보장 재검토
39,여성,5000,1,기혼,2,비흡연,고혈압,없음,유병자 보장,암·건강,12,수호천사 간편심사(유병자)보험
39,여성,5000,1,기혼,2,비흡연,없음,없음,노후 자금,유병자 보장,8,예산·보장 재검토
39,여성,5000,1,기혼,2,흡연,없음,없음,가족 생활비,암·건강,6,예산·보장 재검토
39,여성,5000,1,미혼,0,비흡연,없음,심혈관,암·건강,없음,6,예산·보장 재검토
39,여성,5000,1,미혼,0,흡연,없음,없음,유병자 보장,없음,10,수호천사 간편심사(유병자)보험
39,여성,5000,2,기혼,0,비흡연,없음,없음,암·건강,유병자 보장,12,수호천사 암/건강보험
39,여성,5000,2,미혼,0,비흡연,없음,없음,암·건강,노후 자금,8,수호천사 암/건강보험
39,여성,5000,3,기혼,2,비흡연,없음,심혈관,가족 생활비,암·건강,12,수호천사 암/건강보험
39,여성,6000,1,기혼,0,흡연,없음,심혈관,암·건강,노후 자금,15,수호천사 암/건강보험
39,여성,6000,1,기혼,1,흡연,없음,없음,가족 생활비,암·건강,8,수호천사 암/건강보험
39,여성,6000,1,기혼,2,흡연,없음,암,노후 자금,없음,15,수호천사 행복 연금보험
39,여성,6000,1,기혼,3,비흡연,없음,없음,가족 생활비,없음,6,예산·보장 재검토
39,여성,6000,1,미혼,0,비흡연,고혈압,없음,유병자 보장,없음,10,수호천사 간편심사(유병자)보험
39,여성,6000,1,미혼,0,비흡연,고혈압,없음,유병자 보장,암·건강,6,예산·보장 재검토
39,여성,6000,1,미혼,0,비흡연,없음,심혈관,노후 자금,없음,6,예산·보장 재검토
39,여성,6000,1,미혼,0,흡연,없음,없음,유병자 보장,암·건강,6,예산·보장 재검토
39,여성,6000,2,기혼,0,비흡연,없음,없음,암·건강,없음,6,예산·보장 재검토
39,여성,6000,2,기혼,1,흡연,없음,없음,가족 생활비,없음,15,수호천사 우리가족 종신보험
39,여성,7500,1,기혼,1,비흡연,없음,없음,가족 생활비,없음,12,예산·보장 재검토
39,여성,7500,1,기혼,1,흡연,당뇨,없음,유병자 보장,가족 생활비,20,수호천사 간편심사(유병자)보험
39,여성,7500,1,기혼,3,비흡연,없음,없음,가족 생활비,유병자 보장,12,수호천사 간편심사(유병자)보험
39,여성,7500,1,미혼,0,비흡연,당뇨,암,암·건강,노후 자금,12,수호천사 암/건강보험
39,여성,7500,1,미혼,0,비흡연,없음,없음,노후 자금,없음,8,예산·보장 재검토
39,여성,7500,2,기혼,1,비흡연,없음,없음,유병자 보장,없음,12,수호천사 간편심사(유병자)보험
39,여성,9000,1,기혼,0,비흡연,없음,없음,암·건강,유병자 보장,10,수호천사 암/건강보험
39,여성,9000,1,기혼,1,비흡연,없음,없음,암·건강,가족 생활비,20,수호천사 암/건강보험
39,여성,9000,1,기혼,2,흡연,없음,없음,유병자 보장,없음,20,수호천사 간편심사(유병자)보험
39,여성,9000,1,미혼,0,비흡연,고혈압,없음,유병자 보장,노후 자금,8,예산·보장 재검토
39,여성,9000,1,미혼,0,비흡연,없음,없음,암·건강,가족 생활비,12,수호천사 암/건강보험
39,여성,9000,2,기혼,2,비흡연,없음,없음,유병자 보장,없음,12,수호천사 간편심사(유병자)보험
39,여성,9000,3,기혼,2,비흡연,없음,없음,유병자 보장,없음,12,수호천사 간편심사(유병자)보험
39,여성,9000,3,미혼,0,비흡연,없음,없음,유병자 보장,노후 자금,6,예산·보장 재검토
39,여성,9000,3,미혼,0,흡연,없음,없음,유병자 보장,암·건강,12,수호천사 간편심사(유병자)보험
39,여성,12000,1,기혼,0,비흡연,없음,없음,유병자 보장,가족 생활비,15,수호천사 간편심사(유병자)보험
39,여성,12000,1,기혼,1,비흡연,없음,암,암·건강,없음,10,수호천사 암/건강보험
40,남성,3000,1,기혼,1,비흡연,고혈압,없음,암·건강,가족 생활비,10,수호천사 암/건강보험
40,남성,3000,1,기혼,1,비흡연,없음,없음,암·건강,없음,6,예산·보장 재검토
40,남성,3000,1,기혼,1,비흡연,없음,없음,유병자 보장,없음,20,수호천사 간편심사(유병자)보험
40,남성,3000,1,기혼,2,비흡연,없음,없음,가족 생활비,없음,6,예산·보장 재검토
40,남성,3000,1,미혼,0,비흡연,없음,암,노후 자금,없음,6,예산·보장 재검토
40,남성,3000,1,미혼,0,비흡연,없음,없음,노후 자금,유병자 보장,8,예산·보장 재검토
40,남성,3000,1,미혼,0,흡연,없음,암,유병자 보장,암·건강,15,수호천사 암/건강보험
40,남성,3000,2,기혼,0,비흡연,고혈압,없음,유병자 보장,없음,12,수호천사 간편심사(유병자)보험
40,남성,3000,2,기혼,0,비흡연,없음,없음,유병자 보장,없음,6,예산·보장 재검토
40,남성,3000,2,기혼,2,비흡연,당뇨,암,가족 생활비,암·건강,6,예산·보장 재검토
40,남성,3000,2,미혼,0,비흡연,없음,암,가족 생활비,노후 자금,12,수호천사 행복 연금보험
40,남성,4000,1,기혼,1,비흡연,없음,심혈관,가족 생활비,유병자 보장,8,예산·보장 재검토
40,남성,4000,1,기혼,1,비흡연,없음,심혈관,노후 자금,없음,6,예산·보장 재검토
40,남성,4000,1,기혼,1,비흡연,없음,심혈관,유병자 보장,노후 자금,20,수호천사 간편심사(유병자)보험
40,남성,4000,1,기혼,1,비흡연,없음,없음,가족 생활비,없음,6,예산·보장 재검토
40,남성,4000,1,기혼,1,비흡연,없음,없음,가족 생활비,노후 자금,10,예산·보장 재검토
40,남성,4000,1,기혼,2,비흡연,없음,암,암·건강,가족 생활비,8,수호천사 암/건강보험
40,남성,4000,1,기혼,2,비흡연,없음,암,노후 자금,없음,12,수호천사 행복 연금보험
40,남성,4000,1,미혼,0,비흡연,없음,없음,암·건강,없음,12,수호천사 암/건강보험
40,남성,4000,1,미혼,0,비흡연,없음,없음,노후 자금,가족 생활비,8,예산·보장 재검토
40,남성,4000,2,기혼,1,비흡연,없음,없음,가족 생활비,없음,10,예산·보장 재검토
40,남성,4000,2,기혼,1,흡연,없음,암,암·건강,없음,20,수호천사 암/건강보험
40,남성,4000,2,기혼,2,비흡연,없음,없음,가족 생활비,없음,15,수호천사 우리가족 종신보험
40,남성,4000,2,미혼,0,비흡연,없음,암,암·건강,없음,8,수호천사 암/건강보험
40,남성,4000,2,미혼,0,비흡연,없음,암,가족 생활비,없음,8,예산·보장 재검토
40,남성,4000,2,미혼,0,비흡연,없음,없음,노후 자금,유병자 보장,15,수호천사 행복 연금보험
40,남성,5000,1,기혼,0,비흡연,고혈압,암,유병자 보장,없음,6,예산·보장 재검토
40,남성,5000,1,기혼,1,비흡연,당뇨,없음,가족 생활비,없음,6,예산·보장 재검토
40,남성,5000,1,기혼,2,비흡연,고혈압,심혈관,암·건강,없음,8,수호천사 암/건강보험
40,남성,5000,1,기혼,2,비흡연,고혈압,암,유병자 보장,없음,15,수호천사 간편심사(유병자)보험
40,남성,5000,1,기혼,3,비흡연,없음,없음,가족 생활비,없음,6,예산·보장 재검토
40,남성,5000,1,미혼,0,비흡연,없음,없음,암·건강,없음,8,수호천사 암/건강보험
40,남성,5000,2,기혼,0,비흡연,없음,심혈관,암·건강,없음,12,수호천사 암/건강보험
40,남성,5000,2,기혼,0,흡연,고혈압,없음,유병자 보장,없음,6,예산·보장 재검토
40,남성,5000,2,기혼,1,비흡연,고혈압,없음,유병자 보장,없음,8,예산·보장 재검토
40,남성,5000,2,기혼,1,흡연,없음,없음,가족 생활비,노후 자금,10,예산·보장 재검토
40,남성,5000,2,기혼,2,비흡연,당뇨,없음,가족 생활비,노후 자금,8,예산·보장 재검토
40,남성,5000,2,미혼,0,흡연,고혈압,없음,유병자 보장,없음,20,수호천사 간편심사(유병자)보험
40,남성,6000,1,기혼,1,비흡연,당뇨,없음,가족 생활비,없음,6,예산·보장 재검토
40,남성,6000,1,기혼,2,비흡연,없음,없음,가족 생활비,없음,15,수호천사 우리가족 종신보험
40,남성,6000,1,미혼,0,비흡연,없음,암,암·건강,없음,10,수호천사 암/건강보험
40,남성,6000,1,미혼,0,비흡연,없음,암,유병자 보장,없음,6,예산·보장 재검토
40,남성,6000,1,미혼,0,흡연,없음,없음,유병자 보장,없음,6,예산·보장 재검토
40,남성,6000,2,기혼,3,비흡연,없음,암,암·건강,노후 자금,10,수호천사 암/건강보험
40,남성,7500,1,기혼,1,흡연,없음,심혈관,가족 생활비,없음,10,수호천사 암/건강보험
40,남성,7500,1,미혼,0,비흡연,없음,없음,암·건강,없음,8,수호천사 암/건강보험
40,남성,7500,1,미혼,0,흡연,고혈압,암,유병자 보장,없음,20,수호천사 간편심사(유병자)보험
40,남성,7500,1,미혼,0,흡연,없음,심혈관,유병자 보장,암·건강,10,수호천사 암/건강보험
40,남성,7500,2,기혼,1,비흡연,고혈압,없음,유병자 보장,노후 자금,20,수호천사 간편심사(유병자)보험
40,남성,7500,2,기혼,2,비흡연,없음,없음,가족 생활비,노후 자금,6,예산·보장 재검토
40,남성,7500,2,미혼,0,비흡연,없음,암,암·건강,가족 생활비,8,수호천사 암/건강보험
40,남성,9000,1,기혼,1,비흡연,없음,없음,노후 자금,없음,12,수호천사 행복 연금보험
40,남성,9000,3,미혼,0,비흡연,없음,없음,노후 자금,없음,8,예산·보장 재검토
40,남성,9000,3,미혼,0,흡연,고혈압,심혈관,노후 자금,유병자 보장,8,수호천사 암/건강보험
40,남성,12000,1,기혼,0,비흡연,고혈압,없음,가족 생활비,없음,6,예산·보장 재검토
40,남성,12000,2,미혼,0,비흡연,없음,없음,암·건강,없음,6,예산·보장 재검토
40,여성,3000,1,기혼,1,비흡연,당뇨,암,유병자 보장,없음,12,수호천사 간편심사(유병자)보험
40,여성,3000,1,기혼,1,비흡연,없음,암,암·건강,없음,8,수호천사 암/건강보험
40,여성,3000,1,기혼,1,비흡연,없음,없음,가족 생활비,노후 자금,20,수호천사 우리가족 종신보험
40,여성,3000,1,기혼,2,비흡연,없음,심혈관,가족 생활비,노후 자금,6,예산·보장 재검토
40,여성,3000,1,미혼,0,비흡연,고혈압,없음,유병자 보장,없음,8,예산·보장 재검토
40,여성,3000,1,미혼,0,비흡연,없음,없음,노후 자금,없음,8,예산·보장 재검토
40,여성,3000,2,기혼,0,비흡연,당뇨,없음,암·건강,가족 생활비,10,수호천사 암/건강보험
40,여성,3000,2,기혼,1,비흡연,당뇨,없음,가족 생활비,노후 자금,15,수호천사 우리가족 종신보험
40,여성,3000,2,기혼,2,비흡연,고혈압,암,가족 생활비,노후 자금,15,수호천사 우리가족 종신보험
40,여성,3000,2,미혼,0,비흡연,없음,없음,암·건강,없음,6,예산·보장 재검토
40,여성,3000,3,미혼,0,비흡연,없음,암,유병자 보장,없음,8,예산·보장 재검토
40,여성,4000,1,기혼,1,비흡연,고혈압,암,가족 생활비,유병자 보장,15,수호천사 우리가족 종신보험
40,여성,4000,1,기혼,1,비흡연,고혈압,없음,암·건강,유병자 보장,6,예산·보장 재검토
40,여성,4000,1,기혼,1,비흡연,당뇨,없음,가족 생활비,노후 자금,10,수호천사 간편심사(유병자)보험
40,여성,4000,1,기혼,1,비흡연,당뇨,없음,유병자 보장,없음,8,예산·보장 재검토
40,여성,4000,1,기혼,1,비흡연,없음,없음,가족 생활비,노후 자금,8,예산·보장 재검토
40,여성,4000,1,기혼,1,흡연,없음,없음,암·건강,없음,8,수호천사 암/건강보험
40,여성,4000,1,기혼,1,흡연,없음,없음,노후 자금,유병자 보장,8,예산·보장 재검토
40,여성,4000,1,기혼,2,비흡연,고혈압,없음,가족 생활비,없음,20,수호천사 우리가족 종신보험
40,여성,4000,1,기혼,2,비흡연,없음,없음,유병자 보장,없음,10,수호천사 간편심사(유병자)보험
40,여성,4000,1,미혼,0,비흡연,고혈압,심혈관,암·건강,없음,20,수호천사 암/건강보험
40,여성,4000,1,미혼,0,비흡연,없음,없음,가족 생활비,암·건강,12,수호천사 암/건강보험
40,여성,4000,1,미혼,0,흡연,고혈압,없음,가족 생활비,없음,8,예산·보장 재검토
40,여성,4000,1,미혼,0,흡연,없음,심혈관,암·건강,없음,10,수호천사 암/건강보험
40,여성,4000,1,미혼,0,흡연,없음,없음,암·건강,없음,8,수호천사 암/건강보험
40,여성,4000,2,기혼,2,비흡연,없음,없음,암·건강,없음,15,수호천사 암/건강보험
40,여성,4000,2,미혼,0,비흡연,당뇨,암,노후 자금,없음,6,예산·보장 재검토
40,여성,4000,2,미혼,0,흡연,없음,심혈관,암·건강,가족 생활비,20,수호천사 암/건강보험
40,여성,4000,3,미혼,0,비흡연,없음,암,노후 자금,없음,10,예산·보장 재검토
40,여성,4000,3,미혼,0,비흡연,없음,없음,유병자 보장,가족 생활비,10,수호천사 간편심사(유병자)보험
40,여성,5000,1,기혼,0,비흡연,없음,없음,노후 자금,없음,10,예산·보장 재검토
40,여성,5000,1,기혼,0,흡연,없음,암,암·건강,없음,10,수호천사 암/건강보험
40,여성,5000,1,기혼,2,비흡연,당뇨,암,암·건강,없음,12,수호천사 암/건강보험
40,여성,5000,1,기혼,2,비흡연,없음,심혈관,노후 자금,가족 생활비,12,수호천사 행복 연금보험
40,여성,5000,1,기혼,2,비흡연,없음,없음,노후 자금,없음,8,예산·보장 재검토
40,여성,5000,1,기혼,2,흡연,없음,없음,가족 생활비,없음,10,예산·보장 재검토
40,여성,5000,1,미혼,0,비흡연,고혈압,심혈관,유병자 보장,없음,8,예산·보장 재검토
40,여성,5000,1,미혼,0,비흡연,고혈압,없음,유병자 보장,노후 자금,12,수호천사 간편심사(유병자)보험
40,여성,5000,1,미혼,0,비흡연,없음,없음,유병자 보장,없음,10,수호천사 간편심사(유병자)보험
40,여성,5000,1,미혼,0,흡연,없음,없음,암·건강,없음,6,예산·보장 재검토
40,여성,5000,2,기혼,1,비흡연,당뇨,암,가족 생활비,없음,12,수호천사 간편심사(유병자)보험
40,여성,5000,2,미혼,0,비흡연,없음,없음,유병자 보장,없음,10,수호천사 간편심사(유병자)보험
40,여성,5000,3,기혼,3,비흡연,당뇨,없음,가족 생활비,없음,10,수호천사 간편심사(유병자)보험
40,여성,5000,3,미혼,0,비흡연,고혈압,없음,암·건강,없음,12,수호천사 암/건강보험
40,여성,6000,1,기혼,2,비흡연,없음,암,암·건강,없음,12,수호천사 암/건강보험
40,여성,6000,1,기혼,2,비흡연,없음,없음,가족 생활비,노후 자금,15,수호천사 우리가족 종신보험
40,여성,6000,1,기혼,2,흡연,고혈압,없음,유병자 보장,없음,8,예산·보장 재검토
40,여성,6000,1,기혼,2,흡연,고혈압,없음,가족 생활비,없음,6,예산·보장 재검토
40,여성,6000,1,미혼,0,비흡연,없음,없음,암·건강,노후 자금,12,수호천사 암/건강보험
40,여성,6000,1,미혼,0,흡연,없음,없음,노후 자금,암·건강,8,수호천사 암/건강보험
40,여성,6000,1,미혼,0,흡연,없음,없음,가족 생활비,없음,6,예산·보장 재검토
40,여성,6000,2,기혼,1,비흡연,고혈압,암,가족 생활비,없음,6,예산·보장 재검토
40,여성,6000,2,기혼,3,흡연,없음,심혈관,암·건강,유병자 보장,8,수호천사 암/건강보험
40,여성,6000,3,기혼,2,비흡연,고혈압,암,유병자 보장,암·건강,20,수호천사 간편심사(유병자)보험
40,여성,6000,3,미혼,0,비흡연,고혈압,없음,유병자 보장,가족 생활비,6,예산·보장 재검토
40,여성,7500,1,기혼,1,비흡연,없음,없음,가족 생활비,없음,8,예산·보장 재검토
40,여성,7500,1,기혼,1,흡연,고혈압,암,유병자 보장,암·건강,20,수호천사 간편심사(유병자)보험
40,여성,7500,1,미혼,0,비흡연,없음,없음,암·건강,가족 생활비,20,수호천사 암/건강보험
40,여성,7500,1,미혼,0,비흡연,없음,없음,유병자 보장,없음,8,예산·보장 재검토
40,여성,7500,2,기혼,1,비흡연,당뇨,없음,유병자 보장,없음,20,수호천사 간편심사(유병자)보험
40,여성,7500,3,기혼,1,비흡연,없음,없음,가족 생활비,없음,6,예산·보장 재검토
40,여성,9000,1,기혼,2,비흡연,없음,없음,유병자 보장,없음,15,수호천사 간편심사(유병자)보험
40,여성,9000,2,기혼,0,흡연,없음,없음,유병자 보장,없음,6,예산·보장 재검토
40,여성,9000,3,기혼,1,비흡연,없음,없음,가족 생활비,유병자 보장,10,수호천사 간편심사(유병자)보험
40,여성,12000,1,기혼,0,비흡연,없음,암,암·건강,가족 생활비,8,수호천사 암/건강보험
40,여성,12000,1,기혼,1,비흡연,없음,없음,가족 생활비,없음,15,수호천사 우리가족 종신보험
40,여성,12000,1,미혼,0,비흡연,없음,없음,가족 생활비,없음,6,예산·보장 재검토
41,남성,3000,1,기혼,1,비흡연,없음,암,가족 생활비,없음,10,예산·보장 재검토
41,남성,3000,1,기혼,1,비흡연,없음,없음,가족 생활비,없음,12,예산·보장 재검토
41,남성,3000,1,미혼,0,비흡연,없음,암,유병자 보장,암·건강,6,예산·보장 재검토
41,남성,3000,2,기혼,0,비흡연,고혈압,없음,노후 자금,암·건강,20,수호천사 행복 연금보험
41,남성,3000,2,기혼,2,비흡연,없음,없음,가족 생활비,없음,8,예산·보장 재검토
41,남성,3000,3,기혼,1,비흡연,없음,암,노후 자금,없음,6,예산·보장 재검토
41,남성,3000,3,미혼,0,비흡연,고혈압,심혈관,가족 생활비,없음,8,예산·보장 재검토
41,남성,4000,1,기혼,0,비흡연,없음,없음,암·건강,없음,8,수호천사 암/건강보험
41,남성,4000,1,기혼,1,비흡연,없음,암,유병자 보장,가족 생활비,6,예산·보장 재검토
41,남성,4000,1,기혼,1,비흡연,없음,없음,가족 생활비,노후 자금,10,예산·보장 재검토
41,남성,4000,1,기혼,2,비흡연,고혈압,없음,노후 자금,가족 생활비,10,수호천사 간편심사(유병자)보험
41,남성,4000,1,기혼,2,비흡연,고혈압,없음,유병자 보장,노후 자금,8,예산·보장 재검토
41,남성,4000,1,기혼,2,비흡연,당뇨,없음,암·건강,가족 생활비,8,수호천사 암/건강보험
41,남성,4000,1,기혼,2,흡연,없음,심혈관,가족 생활비,없음,15,수호천사 우리가족 종신보험
41,남성,4000,1,기혼,2,흡연,없음,없음,암·건강,유병자 보장,8,수호천사 암/건강보험
41,남성,4000,1,미혼,0,비흡연,고혈압,없음,가족 생활비,없음,10,수호천사 간편심사(유병자)보험
41,남성,4000,1,미혼,0,비흡연,없음,심혈관,유병자 보장,없음,20,수호천사 간편심사(유병자)보험
41,남성,4000,1,미혼,0,비흡연,없음,암,가족 생활비,유병자 보장,6,예산·보장 재검토
41,남성,4000,2,기혼,1,비흡연,고혈압,없음,가족 생활비,없음,10,수호천사 간편심사(유병자)보험
41,남성,4000,2,기혼,1,비흡연,당뇨,없음,가족 생활비,암·건강,20,수호천사 우리가족 종신보험
41,남성,4000,2,기혼,2,비흡연,고혈압,없음,가족 생활비,없음,10,수호천사 간편심사(유병자)보험
41,남성,4000,2,기혼,2,비흡연,없음,암,가족 생활비,없음,20,수호천사 우리가족 종신보험
41,남성,4000,2,기혼,2,비흡연,없음,암,가족 생활비,암·건강,8,수호천사 암/건강보험
41,남성,4000,2,기혼,2,비흡연,없음,없음,노후 자금,없음,10,예산·보장 재검토
41,남성,4000,3,기혼,1,비흡연,고혈압,암,암·건강,없음,8,수호천사 암/건강보험
41,남성,4000,3,기혼,1,비흡연,없음,없음,가족 생활비,없음,6,예산·보장 재검토
41,남성,4000,3,기혼,3,비흡연,없음,없음,유병자 보장,없음,20,수호천사 간편심사(유병자)보험
41,남성,5000,1,기혼,1,비흡연,고혈압,암,가족 생활비,없음,8,예산·보장 재검토
41,남성,5000,1,기혼,1,비흡연,없음,심혈관,가족 생활비,없음,20,수호천사 우리가족 종신보험
41,남성,5000,1,기혼,1,비흡연,없음,심혈관,유병자 보장,없음,12,수호천사 간편심사(유병자)보험
41,남성,5000,1,기혼,1,비흡연,없음,없음,유병자 보장,없음,20,수호천사 간편심사(유병자)보험
41,남성,5000,1,기혼,1,흡연,없음,암,유병자 보장,가족 생활비,20,수호천사 간편심사(유병자)보험
41,남성,5000,1,미혼,0,비흡연,없음,심혈관,가족 생활비,없음,10,예산·보장 재검토
41,남성,5000,1,미혼,0,흡연,고혈압,심혈관,암·건강,없음,20,수호천사 암/건강보험
41,남성,5000,1,미혼,0,흡연,없음,없음,암·건강,유병자 보장,12,수호천사 암/건강보험
41,남성,5000,1,미혼,0,흡연,없음,없음,노후 자금,없음,10,예산·보장 재검토
41,남성,5000,2,기혼,2,비흡연,고혈압,없음,가족 생활비,없음,12,수호천사 간편심사(유병자)보험
41,남성,5000,2,기혼,3,비흡연,없음,심혈관,암·건강,없음,6,예산·보장 재검토
41,남성,5000,2,미혼,0,비흡연,없음,없음,유병자 보장,노후 자금,6,예산·보장 재검토
41,남성,5000,3,기혼,1,비흡연,고혈압,없음,노후 자금,암·건강,8,수호천사 암/건강보험
41,남성,5000,3,기혼,1,비흡연,없음,없음,가족 생활비,없음,10,예산·보장 재검토
41,남성,5000,3,미혼,0,비흡연,고혈압,없음,유병자 보장,가족 생활비,8,예산·보장 재검토
41,남성,6000,1,기혼,1,비흡연,없음,심혈관,암·건강,없음,10,수호천사 암/건강보험
41,남성,6000,1,기혼,1,비흡연,없음,암,암·건강,노후 자금,12,수호천사 암/건강보험
41,남성,6000,1,기혼,1,비흡연,없음,없음,암·건강,없음,12,수호천사 암/건강보험
41,남성,6000,1,기혼,1,비흡연,없음,없음,가족 생활비,암·건강,15,수호천사 우리가족 종신보험
41,남성,6000,1,미혼,0,흡연,당뇨,없음,암·건강,없음,20,수호천사 암/건강보험
41,남성,6000,3,기혼,1,비흡연,없음,없음,암·건강,유병자 보장,15,수호천사 암/건강보험
41,남성,7500,1,기혼,2,비흡연,고혈압,심혈관,가족 생활비,없음,12,수호천사 간편심사(유병자)보험
41,남성,7500,1,기혼,2,비흡연,고혈압,없음,노후 자금,가족 생활비,8,예산·보장 재검토
41,남성,7500,1,기혼,2,비흡연,당뇨,암,가족 생활비,노후 자금,20,수호천사 우리가족 종신보험
41,남성,7500,2,기혼,1,비흡연,없음,없음,가족 생활비,없음,8,예산·보장 재검토
41,남성,7500,2,기혼,2,비흡연,당뇨,없음,유병자 보장,없음,6,예산·보장 재검토
41,남성,7500,2,기혼,2,비흡연,없음,없음,가족 생활비,없음,8,예산·보장 재검토
41,남성,7500,3,미혼,0,비흡연,없음,없음,유병자 보장,암·건강,12,수호천사 간편심사(유병자)보험
41,남성,9000,1,기혼,1,비흡연,없음,심혈관,가족 생활비,없음,15,수호천사 우리가족 종신보험
41,남성,9000,1,기혼,2,비흡연,없음,암,유병자 보장,가족 생활비,6,예산·보장 재검토
41,남성,9000,2,기혼,2,비흡연,없음,심혈관,가족 생활비,없음,15,수호천사 우리가족 종신보험
41,남성,9000,2,미혼,0,비흡연,없음,없음,노후 자금,가족 생활비,8,예산·보장 재검토
41,남성,12000,2,기혼,1,비흡연,고혈압,없음,노후 자금,없음,8,예산·보장 재검토
41,남성,12000,3,기혼,2,비흡연,없음,없음,암·건강,유병자 보장,8,수호천사 암/건강보험
41,여성,3000,1,기혼,1,비흡연,고혈압,심혈관,유병자 보장,없음,8,예산·보장 재검토
41,여성,3000,1,기혼,1,비흡연,없음,없음,유병자 보장,없음,12,수호천사 간편심사(유병자)보험
41,여성,3000,1,기혼,1,비흡연,없음,없음,가족 생활비,없음,6,예산·보장 재검토
41,여성,3000,1,기혼,1,비흡연,없음,없음,가족 생활비,없음,6,예산·보장 재검토
41,여성,3000,1,기혼,1,흡연,고혈압,암,암·건강,가족 생활비,6,예산·보장 재검토
41,여성,3000,1,기혼,1,흡연,고혈압,암,가족 생활비,없음,15,수호천사 우리가족 종신보험
41,여성,3000,1,기혼,1,흡연,고혈압,없음,유병자 보장,없음,20,수호천사 간편심사(유병자)보험
41,여성,3000,1,기혼,2,비흡연,없음,암,노후 자금,가족 생활비,10,예산·보장 재검토
41,여성,3000,1,기혼,2,비흡연,없음,없음,암·건강,없음,10,수호천사 암/건강보험
41,여성,3000,1,기혼,2,흡연,없음,없음,암·건강,없음,20,수호천사 암/건강보험
41,여성,3000,1,미혼,0,비흡연,없음,없음,유병자 보장,가족 생활비,8,예산·보장 재검토
41,여성,3000,1,미혼,0,흡연,없음,없음,암·건강,없음,6,예산·보장 재검토
41,여성,3000,2,기혼,1,비흡연,고혈압,심혈관,유병자 보장,암·건강,10,수호천사 간편심사(유병자)보험
41,여성,3000,3,기혼,1,비흡연,없음,없음,노후 자금,암·건강,8,수호천사 암/건강보험
41,여성,3000,3,미혼,0,비흡연,없음,없음,암·건강,없음,10,수호천사 암/건강보험
41,여성,4000,1,기혼,0,비흡연,없음,심혈관,암·건강,노후 자금,10,수호천사 암/건강보험
41,여성,4000,1,기혼,1,비흡연,고혈압,심혈관,유병자 보장,가족 생활비,8,예산·보장 재검토
41,여성,4000,1,기혼,1,비흡연,없음,심혈관,가족 생활비,없음,10,예산·보장 재검토
41,여성,4000,1,기혼,1,비흡연,없음,없음,가족 생활비,없음,8,예산·보장 재검토
41,여성,4000,1,기혼,2,비흡연,없음,없음,가족 생활비,암·건강,6,예산·보장 재검토
41,여성,4000,1,미혼,0,비흡연,없음,암,가족 생활비,노후 자금,15,수호천사 우리가족 종신보험
41,여성,4000,2,미혼,0,비흡연,고혈압,암,암·건강,노후 자금,12,수호천사 암/건강보험
41,여성,4000,2,미혼,0,비흡연,당뇨,없음,유병자 보장,없음,6,예산·보장 재검토
41,여성,4000,3,기혼,2,흡연,고혈압,없음,가족 생활비,유병자 보장,6,예산·보장 재검토
41,여성,4000,3,기혼,2,흡연,없음,없음,노후 자금,없음,6,예산·보장 재검토
41,여성,5000,1,기혼,1,비흡연,당뇨,없음,유병자 보장,암·건강,6,예산·보장 재검토
41,여성,5000,1,기혼,1,비흡연,없음,암,가족 생활비,없음,6,예산·보장 재검토
41,여성,5000,1,기혼,1,비흡연,없음,없음,암·건강,없음,6,예산·보장 재검토
41,여성,5000,1,기혼,1,흡연,고혈압,없음,유병자 보장,없음,15,수호천사 간편심사(유병자)보험
41,여성,5000,1,기혼,1,흡연,없음,암,암·건강,없음,15,수호천사 암/건강보험
41,여성,5000,1,기혼,1,흡연,없음,없음,가족 생활비,없음,12,예산·보장 재검토
41,여성,5000,1,기혼,1,흡연,없음,없음,가족 생활비,유병자 보장,12,수호천사 간편심사(유병자)보험
41,여성,5000,1,기혼,2,비흡연,고혈압,없음,가족 생활비,유병자 보장,12,수호천사 간편심사(유병자)보험
41,여성,5000,1,기혼,2,비흡연,없음,없음,암·건강,노후 자금,12,수호천사 암/건강보험
41,여성,5000,1,기혼,3,흡연,없음,심혈관,가족 생활비,없음,15,수호천사 우리가족 종신보험
41,여성,5000,1,미혼,0,비흡연,없음,심혈관,노후 자금,유병자 보장,12,수호천사 행복 연금보험
41,여성,5000,2,기혼,0,비흡연,없음,없음,암·건강,노후 자금,12,수호천사 암/건강보험
41,여성,5000,2,기혼,1,비흡연,없음,암,암·건강,없음,15,수호천사 암/건강보험
41,여성,5000,2,기혼,2,비흡연,당뇨,암,암·건강,없음,10,수호천사 암/건강보험
41,여성,5000,3,미혼,0,비흡연,없음,없음,노후 자금,유병자 보장,8,예산·보장 재검토
41,여성,6000,1,기혼,1,비흡연,고혈압,없음,유병자 보장,없음,6,예산·보장 재검토
41,여성,6000,1,기혼,1,비흡연,없음,없음,가족 생활비,노후 자금,10,예산·보장 재검토
41,여성,6000,1,기혼,1,비흡연,없음,없음,가족 생활비,암·건강,6,예산·보장 재검토
41,여성,6000,1,기혼,1,비흡연,없음,없음,가족 생활비,없음,6,예산·보장 재검토
41,여성,6000,1,미혼,0,비흡연,없음,심혈관,암·건강,노후 자금,6,예산·보장 재검토
41,여성,6000,1,미혼,0,흡연,없음,없음,가족 생활비,없음,8,예산·보장 재검토
41,여성,7500,1,기혼,1,비흡연,고혈압,없음,노후 자금,가족 생활비,20,수호천사 우리가족 종신보험
41,여성,7500,1,기혼,2,비흡연,없음,없음,유병자 보장,없음,10,수호천사 간편심사(유병자)보험
41,여성,7500,1,기혼,2,흡연,없음,암,가족 생활비,암·건강,8,수호천사 암/건강보험
41,여성,7500,1,미혼,0,비흡연,없음,없음,암·건강,유병자 보장,10,수호천사 암/건강보험
41,여성,7500,2,기혼,2,비흡연,고혈압,없음,유병자 보장,가족 생활비,8,예산·보장 재검토
41,여성,7500,2,미혼,0,비흡연,고혈압,없음,노후 자금,암·건강,15,수호천사 행복 연금보험
41,여성,7500,3,기혼,2,비흡연,고혈압,심혈관,가족 생활비,없음,12,수호천사 간편심사(유병자)보험
41,여성,9000,1,기혼,0,비흡연,없음,암,가족 생활비,없음,6,예산·보장 재검토
41,여성,9000,1,기혼,0,비흡연,없음,암,암·건강,없음,12,수호천사 암/건강보험
41,여성,9000,1,기혼,2,흡연,없음,없음,가족 생활비,없음,6,예산·보장 재검토
41,여성,12000,1,기혼,1,비흡연,당뇨,암,유병자 보장,노후 자금,15,수호천사 간편심사(유병자)보험
41,여성,12000,1,미혼,0,비흡연,없음,암,유병자 보장,없음,20,수호천사 간편심사(유병자)보험
42,남성,3000,1,기혼,1,비흡연,고혈압,심혈관,유병자 보장,암·건강,20,수호천사 간편심사(유병자)보험
42,남성,3000,1,기혼,1,비흡연,당뇨,없음,유병자 보장,없음,6,예산·보장 재검토
42,남성,3000,1,기혼,1,비흡연,없음,암,암·건강,없음,12,수호천사 암/건강보험
42,남성,3000,1,기혼,1,비흡연,없음,없음,유병자 보장,없음,15,수호천사 간편심사(유병자)보험
42,남성,3000,1,기혼,2,비흡연,고혈압,없음,유병자 보장,암·건강,15,수호천사 간편심사(유병자)보험
42,남성,3000,1,미혼,0,비흡연,고혈압,암,암·건강,노후 자금,8,수호천사 암/건강보험
42,남성,3000,1,미혼,0,비흡연,당뇨,없음,노후 자금,없음,10,수호천사 간편심사(유병자)보험
42,남성,3000,1,미혼,0,비흡연,없음,없음,가족 생활비,없음,6,예산·보장 재검토
42,남성,3000,1,미혼,0,흡연,없음,없음,암·건강,가족 생활비,6,예산·보장 재검토
42,남성,3000,2,기혼,0,비흡연,없음,없음,가족 생활비,노후 자금,10,예산·보장 재검토
42,남성,3000,2,미혼,0,비흡연,없음,없음,노후 자금,없음,8,예산·보장 재검토
42,남성,3000,3,기혼,1,비흡연,없음,암,암·건강,가족 생활비,8,수호천사 암/건강보험
42,남성,3000,3,미혼,0,흡연,없음,없음,암·건강,노후 자금,15,수호천사 암/건강보험
42,남성,4000,1,기혼,1,비흡연,고혈압,없음,암·건강,유병자 보장,10,수호천사 암/건강보험
42,남성,4000,1,기혼,1,비흡연,없음,심혈관,암·건강,없음,20,수호천사 암/건강보험
42,남성,4000,1,기혼,2,비흡연,없음,심혈관,가족 생활비,암·건강,15,수호천사 우리가족 종신보험
42,남성,4000,1,미혼,0,비흡연,없음,암,노후 자금,없음,15,수호천사 행복 연금보험
42,남성,4000,1,미혼,0,비흡연,없음,없음,암·건강,없음,12,수호천사 암/건강보험
42,남성,4000,1,미혼,0,흡연,당뇨,없음,가족 생활비,없음,6,예산·보장 재검토
42,남성,4000,2,기혼,0,비흡연,없음,없음,암·건강,가족 생활비,6,예산·보장 재검토
42,남성,4000,2,기혼,0,흡연,없음,심혈관,유병자 보장,암·건강,20,수호천사 암/건강보험
42,남성,4000,3,기혼,0,비흡연,고혈압,없음,가족 생활비,없음,6,예산·보장 재검토
42,남성,4000,3,기혼,2,흡연,없음,없음,가족 생활비,암·건강,8,수호천사 암/건강보험
42,남성,4000,3,미혼,0,비흡연,당뇨,없음,암·건강,노후 자금,10,수호천사 암/건강보험
42,남성,5000,1,기혼,0,비흡연,없음,없음,가족 생활비,암·건강,8,수호천사 암/건강보험
42,남성,5000,1,기혼,1,흡연,없음,암,노후 자금,없음,8,수호천사 암/건강보험
42,남성,5000,1,기혼,2,비흡연,없음,암,암·건강,없음,10,수호천사 암/건강보험
42,남성,5000,1,기혼,2,흡연,고혈압,없음,유병자 보장,없음,8,예산·보장 재검토
42,남성,5000,1,기혼,2,흡연,없음,암,암·건강,없음,12,수호천사 암/건강보험
42,남성,5000,1,미혼,0,비흡연,당뇨,암,유병자 보장,노후 자금,6,예산·보장 재검토
42,남성,5000,1,미혼,0,비흡연,없음,없음,가족 생활비,암·건강,10,수호천사 암/건강보험
42,남성,5000,1,미혼,0,흡연,없음,암,가족 생활비,없음,6,예산·보장 재검토
42,남성,5000,2,기혼,0,비흡연,고혈압,없음,가족 생활비,없음,12,수호천사 간편심사(유병자)보험
42,남성,5000,2,기혼,1,비흡연,당뇨,없음,가족 생활비,노후 자금,6,예산·보장 재검토
42,남성,5000,2,기혼,1,흡연,없음,심혈관,가족 생활비,노후 자금,6,예산·보장 재검토
42,남성,5000,2,미혼,0,비흡연,없음,심혈관,암·건강,노후 자금,15,수호천사 암/건강보험
42,남성,5000,3,미혼,0,비흡연,없음,심혈관,유병자 보장,없음,8,예산·보장 재검토
42,남성,6000,1,기혼,1,비흡연,고혈압,심혈관,유병자 보장,없음,15,수호천사 간편심사(유병자)보험
42,남성,6000,1,기혼,1,비흡연,없음,암,암·건강,없음,8,수호천사 암/건강보험
42,남성,6000,1,기혼,1,흡연,없음,없음,노후 자금,유병자 보장,8,예산·보장 재검토
42,남성,6000,1,기혼,1,흡연,없음,없음,가족 생활비,없음,8,예산·보장 재검토
42,남성,6000,1,기혼,2,비흡연,고혈압,암,노후 자금,없음,15,수호천사 행복 연금보험
42,남성,6000,1,기혼,2,비흡연,없음,암,유병자 보장,없음,10,수호천사 간편심사(유병자)보험
42,남성,6000,1,기혼,2,흡연,없음,심혈관,가족 생활비,노후 자금,8,수호천사 암/건강보험
42,남성,6000,1,기혼,2,흡연,없음,없음,가족 생활비,노후 자금,10,예산·보장 재검토
42,남성,6000,1,기혼,3,비흡연,없음,암,암·건강,없음,10,수호천사 암/건강보험
42,남성,6000,2,기혼,0,흡연,고혈압,암,암·건강,없음,15,수호천사 암/건강보험
42,남성,6000,2,기혼,1,비흡연,고혈압,없음,가족 생활비,없음,20,수호천사 우리가족 종신보험
42,남성,6000,2,기혼,1,비흡연,없음,심혈관,암·건강,없음,10,수호천사 암/건강보험
42,남성,6000,2,기혼,2,비흡연,없음,없음,노후 자금,없음,10,예산·보장 재검토
42,남성,6000,2,미혼,0,흡연,없음,암,암·건강,노후 자금,8,수호천사 암/건강보험
42,남성,7500,1,기혼,1,비흡연,당뇨,암,암·건강,없음,20,수호천사 암/건강보험
42,남성,7500,1,기혼,1,흡연,없음,없음,가족 생활비,없음,10,예산·보장 재검토
42,남성,7500,1,기혼,2,비흡연,없음,암,암·건강,노후 자금,8,수호천사 암/건강보험
42,남성,7500,1,기혼,2,비흡연,없음,암,노후 자금,없음,20,수호천사 행복 연금보험
42,남성,7500,1,기혼,2,비흡연,없음,없음,가족 생활비,없음,20,수호천사 우리가족 종신보험
42,남성,7500,1,미혼,0,비흡연,고혈압,암,암·건강,없음,10,수호천사 암/건강보험
42,남성,7500,1,미혼,0,비흡연,고혈압,없음,유병자 보장,암·건강,10,수호천사 간편심사(유병자)보험
42,남성,7500,2,미혼,0,비흡연,고혈압,없음,유병자 보장,없음,15,수호천사 간편심사(유병자)보험
42,남성,7500,3,기혼,1,비흡연,없음,없음,가족 생활비,암·건강,15,수호천사 우리가족 종신보험
42,남성,9000,1,기혼,1,비흡연,없음,없음,가족 생활비,없음,10,예산·보장 재검토
42,남성,9000,1,기혼,2,비흡연,없음,없음,가족 생활비,암·건강,8,수호천사 암/건강보험
42,남성,9000,1,기혼,3,비흡연,없음,없음,가족 생활비,유병자 보장,8,예산·보장 재검토
42,남성,9000,1,미혼,0,비흡연,고혈압,없음,유병자 보장,암·건강,8,수호천사 암/건강보험
42,남성,9000,3,기혼,0,비흡연,당뇨,심혈관,유병자 보장,가족 생활비,6,예산·보장 재검토
42,남성,12000,1,기혼,0,비흡연,고혈압,없음,노후 자금,가족 생활비,15,수호천사 행복 연금보험
42,남성,12000,3,기혼,1,비흡연,없음,없음,가족 생활비,암·건강,6,예산·보장 재검토
42,여성,3000,1,기혼,1,비흡연,없음,암,가족 생활비,없음,8,예산·보장 재검토
42,여성,3000,1,기혼,2,비흡연,없음,암,유병자 보장,노후 자금,15,수호천사 간편심사(유병자)보험
42,여성,3000,1,기혼,2,비흡연,없음,없음,가족 생활비,없음,8,예산·보장 재검토
42,여성,3000,1,기혼,2,비흡연,없음,없음,노후 자금,없음,8,예산·보장 재검토
42,여성,3000,1,기혼,2,비흡연,없음,없음,유병자 보장,없음,20,수호천사 간편심사(유병자)보험
42,여성,3000,1,미혼,0,비흡연,없음,암,암·건강,가족 생활비,6,예산·보장 재검토
42,여성,3000,1,미혼,0,비흡연,없음,없음,가족 생활비,없음,15,수호천사 우리가족 종신보험
42,여성,3000,1,미혼,0,흡연,없음,없음,유병자 보장,없음,6,예산·보장 재검토
42,여성,3000,2,기혼,0,비흡연,당뇨,없음,유병자 보장,가족 생활비,8,예산·보장 재검토
42,여성,3000,3,기혼,1,비흡연,당뇨,없음,암·건강,없음,10,수호천사 암/건강보험
42,여성,3000,3,미혼,0,비흡연,고혈압,없음,유병자 보장,없음,8,예산·보장 재검토
42,여성,4000,1,기혼,0,비흡연,고혈압,없음,유병자 보장,없음,10,수호천사 간편심사(유병자)보험
42,여성,4000,1,기혼,0,비흡연,없음,암,유병자 보장,노후 자금,6,예산·보장 재검토
42,여성,4000,1,기혼,0,흡연,고혈압,암,유병자 보장,없음,10,수호천사 간편심사(유병자)보험
42,여성,4000,1,기혼,1,비흡연,고혈압,없음,가족 생활비,없음,6,예산·보장 재검토
42,여성,4000,1,기혼,1,비흡연,없음,없음,가족 생활비,유병자 보장,15,수호천사 우리가족 종신보험
42,여성,4000,1,기혼,2,비흡연,고혈압,없음,가족 생활비,암·건강,10,수호천사 암/건강보험
42,여성,4000,1,기혼,2,비흡연,당뇨,심혈관,가족 생활비,없음,10,수호천사 간편심사(유병자)보험
42,여성,4000,1,기혼,2,비흡연,당뇨,없음,가족 생활비,암·건강,6,예산·보장 재검토
42,여성,4000,1,기혼,2,비흡연,없음,암,가족 생활비,없음,10,예산·보장 재검토
42,여성,4000,1,기혼,2,흡연,없음,암,암·건강,없음,10,수호천사 암/건강보험
42,여성,4000,1,기혼,3,비흡연,없음,없음,유병자 보장,암·건강,8,수호천사 암/건강보험
42,여성,4000,2,기혼,1,흡연,당뇨,없음,가족 생활비,없음,12,수호천사 간편심사(유병자)보험
42,여성,4000,2,기혼,2,비흡연,없음,암,가족 생활비,없음,6,예산·보장 재검토
42,여성,4000,2,기혼,2,비흡연,없음,없음,가족 생활비,없음,6,예산·보장 재검토
42,여성,4000,2,미혼,0,비흡연,없음,심혈관,암·건강,가족 생활비,12,수호천사 암/건강보험
42,여성,5000,1,기혼,1,비흡연,고혈압,없음,가족 생활비,없음,6,예산·보장 재검토
42,여성,5000,1,기혼,1,비흡연,없음,없음,유병자 보장,암·건강,8,수호천사 암/건강보험
42,여성,5000,1,기혼,1,비흡연,없음,없음,가족 생활비,없음,12,예산·보장 재검토
42,여성,5000,1,기혼,1,흡연,없음,심혈관,가족 생활비,암·건강,12,수호천사 암/건강보험
42,여성,5000,1,기혼,1,흡연,없음,없음,가족 생활비,없음,6,예산·보장 재검토
42,여성,5000,1,기혼,2,비흡연,고혈압,없음,가족 생활비,없음,6,예산·보장 재검토
42,여성,5000,1,기혼,2,비흡연,없음,암,유병자 보장,없음,10,수호천사 간편심사(유병자)보험
42,여성,5000,1,기혼,2,비흡연,없음,없음,가족 생활비,없음,10,예산·보장 재검토
42,여성,5000,1,기혼,2,비흡연,없음,없음,노후 자금,없음,10,예산·보장 재검토
42,여성,5000,1,미혼,0,흡연,없음,암,가족 생활비,노후 자금,12,수호천사 암/건강보험
42,여성,5000,2,기혼,2,비흡연,당뇨,심혈관,유병자 보장,없음,12,수호천사 간편심사(유병자)보험
42,여성,6000,1,기혼,2,비흡연,고혈압,없음,유병자 보장,없음,20,수호천사 간편심사(유병자)보험
42,여성,6000,1,미혼,0,흡연,고혈압,없음,암·건강,없음,8,수호천사 암/건강보험
42,여성,6000,2,기혼,2,흡연,없음,없음,유병자 보장,없음,6,예산·보장 재검토
42,여성,7500,1,기혼,0,흡연,고혈압,없음,유병자 보장,노후 자금,8,예산·보장 재검토
42,여성,7500,1,기혼,1,흡연,없음,없음,가족 생활비,없음,6,예산·보장 재검토
42,여성,9000,2,기혼,2,비흡연,없음,없음,노후 자금,없음,10,예산·보장 재검토
42,여성,12000,1,기혼,1,비흡연,고혈압,없음,가족 생활비,없음,20,수호천사 우리가족 종신보험
42,여성,12000,1,기혼,1,비흡연,없음,암,암·건강,없음,10,수호천사 암/건강보험
42,여성,12000,1,기혼,2,비흡연,없음,없음,암·건강,없음,6,예산·보장 재검토
43,남성,3000,1,기혼,1,비흡연,고혈압,심혈관,유병자 보장,노후 자금,10,수호천사 간편심사(유병자)보험
43,남성,3000,1,기혼,1,비흡연,고혈압,없음,가족 생활비,없음,20,수호천사 우리가족 종신보험
43,남성,3000,1,기혼,1,비흡연,없음,암,유병자 보장,암·건강,6,예산·보장 재검토
43,남성,3000,1,기혼,1,흡연,고혈압,없음,가족 생활비,유병자 보장,15,수호천사 우리가족 종신보험
43,남성,3000,1,기혼,2,비흡연,고혈압,없음,가족 생활비,없음,15,수호천사 우리가족 종신보험
43,남성,3000,1,기혼,2,비흡연,없음,심혈관,암·건강,가족 생활비,8,수호천사 암/건강보험
43,남성,3000,1,기혼,2,비흡연,없음,암,가족 생활비,없음,10,예산·보장 재검토
43,남성,3000,1,기혼,3,비흡연,없음,심혈관,노후 자금,없음,8,예산·보장 재검토
43,남성,3000,1,기혼,3,비흡연,없음,암,유병자 보장,노후 자금,8,예산·보장 재검토
43,남성,3000,1,미혼,0,비흡연,고혈압,없음,암·건강,노후 자금,8,수호천사 암/건강보험
43,남성,3000,1,미혼,0,비흡연,당뇨,암,노후 자금,없음,6,예산·보장 재검토
43,남성,3000,1,미혼,0,비흡연,없음,없음,노후 자금,없음,12,수호천사 행복 연금보험
43,남성,4000,1,기혼,1,비흡연,고혈압,심혈관,유병자 보장,없음,15,수호천사 간편심사(유병자)보험
43,남성,4000,1,기혼,1,비흡연,없음,없음,가족 생활비,없음,8,예산·보장 재검토
43,남성,4000,1,기혼,1,흡연,고혈압,없음,유병자 보장,없음,10,수호천사 간편심사(유병자)보험
43,남성,4000,1,기혼,1,흡연,당뇨,암,가족 생활비,없음,8,수호천사 암/건강보험
43,남성,4000,1,기혼,2,비흡연,고혈압,심혈관,유병자 보장,없음,6,예산·보장 재검토
43,남성,4000,1,기혼,2,비흡연,없음,없음,암·건강,없음,10,수호천사 암/건강보험
43,남성,4000,1,기혼,2,비흡연,없음,없음,가족 생활비,노후 자금,6,예산·보장 재검토
43,남성,4000,1,미혼,0,비흡연,없음,없음,노후 자금,유병자 보장,15,수호천사 행복 연금보험
43,남성,4000,2,기혼,1,비흡연,고혈압,암,가족 생활비,없음,8,예산·보장 재검토
43,남성,4000,2,기혼,1,비흡연,없음,없음,유병자 보장,없음,15,수호천사 간편심사(유병자)보험
43,남성,4000,2,기혼,1,비흡연,없음,없음,암·건강,유병자 보장,8,수호천사 암/건강보험
43,남성,4000,2,기혼,2,비흡연,고혈압,암,노후 자금,없음,8,예산·보장 재검토
43,남성,5000,1,기혼,1,비흡연,고혈압,암,노후 자금,유병자 보장,12,수호천사 간편심사(유병자)보험
43,남성,5000,1,기혼,1,비흡연,고혈압,암,유병자 보장,없음,10,수호천사 간편심사(유병자)보험
43,남성,5000,1,기혼,1,비흡연,고혈압,없음,가족 생활비,없음,8,예산·보장 재검토
43,남성,5000,1,기혼,1,비흡연,없음,없음,가족 생활비,암·건강,15,수호천사 우리가족 종신보험
43,남성,5000,1,기혼,2,비흡연,고혈압,심혈관,유병자 보장,없음,8,예산·보장 재검토
43,남성,5000,1,기혼,2,비흡연,고혈압,없음,유병자 보장,노후 자금,6,예산·보장 재검토
43,남성,5000,1,기혼,2,비흡연,없음,암,암·건강,없음,10,수호천사 암/건강보험
43,남성,5000,1,미혼,0,비흡연,없음,없음,암·건강,없음,10,수호천사 암/건강보험
43,남성,5000,1,미혼,0,흡연,없음,없음,노후 자금,없음,12,수호천사 행복 연금보험
43,남성,5000,1,미혼,0,흡연,없음,없음,암·건강,노후 자금,15,수호천사 암/건강보험
43,남성,5000,2,기혼,1,비흡연,고혈압,없음,유병자 보장,없음,10,수호천사 간편심사(유병자)보험
43,남성,5000,2,기혼,1,흡연,당뇨,심혈관,유병자 보장,가족 생활비,8,수호천사 암/건강보험
43,남성,5000,2,기혼,2,비흡연,없음,없음,유병자 보장,없음,8,예산·보장 재검토
43,남성,5000,2,미혼,0,비흡연,없음,없음,암·건강,없음,6,예산·보장 재검토
43,남성,5000,3,기혼,0,비흡연,없음,심혈관,유병자 보장,없음,12,수호천사 간편심사(유병자)보험
43,남성,5000,3,기혼,1,비흡연,없음,암,유병자 보장,암·건강,6,예산·보장 재검토
43,남성,6000,1,기혼,0,비흡연,고혈압,암,유병자 보장,없음,12,수호천사 간편심사(유병자)보험
43,남성,6000,1,기혼,1,비흡연,당뇨,없음,노후 자금,암·건강,12,수호천사 행복 연금보험
43,남성,6000,1,기혼,2,비흡연,없음,없음,유병자 보장,없음,15,수호천사 간편심사(유병자)보험
43,남성,6000,1,기혼,2,흡연,고혈압,암,가족 생활비,없음,6,예산·보장 재검토
43,남성,6000,1,미혼,0,비흡연,고혈압,없음,노후 자금,없음,8,예산·보장 재검토
43,남성,6000,1,미혼,0,비흡연,고혈압,없음,가족 생활비,유병자 보장,20,수호천사 간편심사(유병자)보험
43,남성,6000,1,미혼,0,비흡연,없음,없음,가족 생활비,없음,12,예산·보장 재검토
43,남성,6000,1,미혼,0,비흡연,없음,없음,가족 생활비,없음,10,예산·보장 재검토
43,남성,6000,2,기혼,1,비흡연,없음,없음,가족 생활비,없음,15,수호천사 우리가족 종신보험
43,남성,6000,3,기혼,1,비흡연,고혈압,없음,가족 생활비,없음,15,수호천사 우리가족 종신보험
43,남성,7500,1,기혼,1,흡연,없음,암,암·건강,가족 생활비,8,수호천사 암/건강보험
43,남성,7500,1,기혼,2,비흡연,고혈압,없음,노후 자금,없음,20,수호천사 행복 연금보험
43,남성,7500,2,기혼,2,비흡연,없음,없음,가족 생활비,없음,6,예산·보장 재검토
43,남성,7500,3,기혼,2,비흡연,없음,없음,가족 생활비,없음,20,수호천사 우리가족 종신보험
43,남성,9000,2,미혼,0,비흡연,없음,없음,유병자 보장,없음,6,예산·보장 재검토
43,남성,12000,1,기혼,0,비흡연,없음,심혈관,암·건강,없음,8,수호천사 암/건강보험
43,여성,3000,1,기혼,1,비흡연,당뇨,없음,가족 생활비,노후 자금,6,예산·보장 재검토
43,여성,3000,1,기혼,1,비흡연,없음,심혈관,가족 생활비,없음,15,수호천사 우리가족 종신보험
43,여성,3000,1,기혼,1,비흡연,없음,없음,가족 생활비,없음,20,수호천사 우리가족 종신보험
43,여성,3000,1,기혼,2,비흡연,없음,암,유병자 보장,없음,8,예산·보장 재검토
43,여성,3000,1,기혼,2,비흡연,없음,암,암·건강,유병자 보장,8,수호천사 암/건강보험
43,여성,3000,1,기혼,2,비흡연,없음,없음,가족 생활비,없음,8,예산·보장 재검토
43,여성,3000,1,기혼,2,흡연,없음,암,유병자 보장,없음,6,예산·보장 재검토
43,여성,3000,1,미혼,0,비흡연,없음,심혈관,노후 자금,유병자 보장,15,수호천사 행복 연금보험
43,여성,3000,1,미혼,0,비흡연,없음,암,암·건강,가족 생활비,6,예산·보장 재검토
43,여성,3000,1,미혼,0,흡연,고혈압,암,암·건강,가족 생활비,20,수호천사 암/건강보험
43,여성,3000,2,미혼,0,비흡연,없음,없음,유병자 보장,없음,20,수호천사 간편심사(유병자)보험
43,여성,4000,1,기혼,1,비흡연,없음,심혈관,가족 생활비,없음,6,예산·보장 재검토
43,여성,4000,1,기혼,1,비흡연,없음,없음,가족 생활비,없음,10,예산·보장 재검토
43,여성,4000,1,기혼,1,비흡연,없음,없음,가족 생활비,유병자 보장,20,수호천사 우리가족 종신보험
43,여성,4000,1,기혼,1,비흡연,없음,없음,노후 자금,없음,15,수호천사 행복 연금보험
43,여성,4000,1,기혼,2,비흡연,당뇨,없음,유병자 보장,없음,12,수호천사 간편심사(유병자)보험
43,여성,4000,1,기혼,2,비흡연,없음,없음,가족 생활비,유병자 보장,6,예산·보장 재검토
43,여성,4000,1,기혼,2,비흡연,없음,없음,암·건강,가족 생활비,6,예산·보장 재검토
43,여성,4000,1,기혼,3,비흡연,없음,암,암·건강,없음,15,수호천사 암/건강보험
43,여성,4000,1,기혼,3,흡연,없음,없음,가족 생활비,노후 자금,8,예산·보장 재검토
43,여성,4000,1,미혼,0,비흡연,고혈압,암,암·건강,없음,12,수호천사 암/건강보험
43,여성,4000,1,미혼,0,비흡연,고혈압,없음,유병자 보장,가족 생활비,12,수호천사 간편심사(유병자)보험
43,여성,4000,1,미혼,0,비흡연,없음,암,가족 생활비,유병자 보장,8,예산·보장 재검토
43,여성,4000,1,미혼,0,흡연,고혈압,없음,가족 생활비,없음,6,예산·보장 재검토
43,여성,4000,1,미혼,0,흡연,없음,없음,가족 생활비,없음,8,예산·보장 재검토
43,여성,4000,1,미혼,0,흡연,없음,없음,가족 생활비,유병자 보장,15,수호천사 우리가족 종신보험
43,여성,4000,2,기혼,2,비흡연,당뇨,암,유병자 보장,가족 생활비,8,예산·보장 재검토
43,여성,4000,2,기혼,2,비흡연,없음,없음,암·건강,노후 자금,6,예산·보장 재검토
43,여성,4000,3,기혼,3,흡연,고혈압,없음,암·건강,유병자 보장,20,수호천사 암/건강보험
43,여성,5000,1,기혼,1,비흡연,고혈압,없음,가족 생활비,없음,12,수호천사 간편심사(유병자)보험
43,여성,5000,1,기혼,1,흡연,없음,심혈관,노후 자금,암·건강,10,수호천사 암/건강보험
43,여성,5000,1,기혼,2,비흡연,고혈압,암,암·건강,노후 자금,15,수호천사 암/건강보험
43,여성,5000,1,미혼,0,비흡연,없음,없음,가족 생활비,없음,10,예산·보장 재검토
43,여성,5000,1,미혼,0,흡연,고혈압,없음,가족 생활비,없음,20,수호천사 우리가족 종신보험
43,여성,5000,1,미혼,0,흡연,없음,심혈관,가족 생활비,없음,15,수호천사 우리가족 종신보험
43,여성,5000,1,미혼,0,흡연,없음,없음,가족 생활비,노후 자금,8,예산·보장 재검토
43,여성,5000,2,기혼,1,흡연,고혈압,암,가족 생활비,없음,8,수호천사 암/건강보험
43,여성,6000,1,기혼,0,비흡연,없음,없음,가족 생활비,없음,8,예산·보장 재검토
43,여성,6000,1,기혼,2,비흡연,없음,심혈관,가족 생활비,없음,12,예산·보장 재검토
43,여성,6000,1,미혼,0,비흡연,없음,심혈관,암·건강,유병자 보장,12,수호천사 암/건강보험
43,여성,6000,2,기혼,1,비흡연,고혈압,암,노후 자금,가족 생활비,10,수호천사 간편심사(유병자)보험
43,여성,6000,3,기혼,2,비흡연,없음,없음,암·건강,없음,20,수호천사 암/건강보험
43,여성,7500,1,기혼,1,비흡연,없음,없음,가족 생활비,없음,10,예산·보장 재검토
43,여성,7500,1,기혼,2,비흡연,없음,없음,암·건강,노후 자금,15,수호천사 암/건강보험
43,여성,7500,2,미혼,0,비흡연,없음,없음,암·건강,노후 자금,12,수호천사 암/건강보험
43,여성,9000,1,기혼,2,흡연,없음,없음,암·건강,없음,12,수호천사 암/건강보험
43,여성,9000,1,미혼,0,비흡연,고혈압,암,유병자 보장,노후 자금,6,예산·보장 재검토
43,여성,9000,1,미혼,0,비흡연,당뇨,없음,유병자 보장,없음,12,수호천사 간편심사(유병자)보험
43,여성,9000,3,기혼,1,흡연,없음,없음,유병자 보장,없음,12,수호천사 간편심사(유병자)보험
43,여성,12000,1,기혼,1,비흡연,없음,암,가족 생활비,암·건강,6,예산·보장 재검토
43,여성,12000,1,기혼,2,비흡연,고혈압,없음,유병자 보장,없음,15,수호천사 간편심사(유병자)보험
43,여성,12000,3,기혼,2,비흡연,없음,없음,가족 생활비,유병자 보장,10,수호천사 간편심사(유병자)보험
44,남성,3000,1,기혼,0,비흡연,없음,암,노후 자금,없음,8,예산·보장 재검토
44,남성,3000,1,기혼,0,비흡연,없음,없음,가족 생활비,없음,15,수호천사 우리가족 종신보험
44,남성,3000,1,기혼,1,비흡연,고혈압,없음,유병자 보장,노후 자금,8,예산·보장 재검토
44,남성,3000,1,기혼,1,비흡연,없음,없음,가족 생활비,노후 자금,10,예산·보장 재검토
44,남성,3000,1,기혼,2,비흡연,고혈압,없음,노후 자금,없음,10,수호천사 간편심사(유병자)보험
44,남성,3000,1,기혼,3,비흡연,고혈압,없음,암·건강,없음,6,예산·보장 재검토
44,남성,3000,2,기혼,1,흡연,없음,없음,가족 생활비,없음,8,예산·보장 재검토
44,남성,3000,2,기혼,1,흡연,없음,없음,노후 자금,없음,8,예산·보장 재검토
44,남성,3000,3,기혼,2,흡연,없음,암,노후 자금,없음,6,예산·보장 재검토
44,남성,4000,1,기혼,0,비흡연,없음,심혈관,암·건강,없음,10,수호천사 암/건강보험
44,남성,4000,1,기혼,1,비흡연,고혈압,심혈관,가족 생활비,없음,6,예산·보장 재검토
44,남성,4000,1,기혼,1,비흡연,고혈압,없음,유병자 보장,없음,20,수호천사 간편심사(유병자)보험
44,남성,4000,1,기혼,1,비흡연,고혈압,없음,가족 생활비,암·건강,8,수호천사 암/건강보험
44,남성,4000,1,기혼,1,비흡연,없음,없음,암·건강,없음,8,수호천사 암/건강보험
44,남성,4000,1,기혼,1,흡연,고혈압,암,암·건강,가족 생활비,20,수호천사 암/건강보험
44,남성,4000,1,기혼,1,흡연,고혈압,없음,가족 생활비,없음,10,수호천사 간편심사(유병자)보험
44,남성,4000,1,기혼,2,비흡연,고혈압,암,암·건강,유병자 보장,10,수호천사 암/건강보험
44,남성,4000,1,기혼,2,비흡연,없음,없음,가족 생활비,암·건강,12,수호천사 암/건강보험
44,남성,4000,1,기혼,2,흡연,고혈압,암,유병자 보장,노후 자금,15,수호천사 간편심사(유병자)보험
44,남성,4000,1,미혼,0,비흡연,없음,암,노후 자금,없음,6,예산·보장 재검토
44,남성,4000,1,미혼,0,비흡연,없음,암,가족 생활비,없음,6,예산·보장 재검토
44,남성,4000,3,기혼,0,비흡연,없음,없음,유병자 보장,가족 생활비,20,수호천사 간편심사(유병자)보험
44,남성,5000,1,기혼,1,비흡연,없음,암,가족 생활비,암·건강,6,예산·보장 재검토
44,남성,5000,1,기혼,1,흡연,없음,없음,유병자 보장,노후 자금,12,수호천사 간편심사(유병자)보험
44,남성,5000,1,기혼,1,흡연,없음,없음,가족 생활비,없음,12,예산·보장 재검토
44,남성,5000,1,기혼,2,비흡연,없음,심혈관,암·건강,없음,10,수호천사 암/건강보험
44,남성,5000,1,기혼,2,흡연,고혈압,없음,가족 생활비,없음,12,수호천사 간편심사(유병자)보험
44,남성,5000,1,기혼,2,흡연,없음,심혈관,가족 생활비,없음,20,수호천사 우리가족 종신보험
44,남성,5000,1,미혼,0,비흡연,없음,없음,노후 자금,없음,6,예산·보장 재검토
44,남성,5000,2,기혼,0,흡연,없음,없음,노후 자금,없음,12,수호천사 행복 연금보험
44,남성,5000,2,미혼,0,흡연,없음,심혈관,노후 자금,없음,12,수호천사 행복 연금보험
44,남성,6000,1,기혼,0,비흡연,고혈압,심혈관,암·건강,노후 자금,8,수호천사 암/건강보험
44,남성,6000,1,기혼,0,비흡연,없음,없음,노후 자금,암·건강,15,수호천사 행복 연금보험
44,남성,6000,1,기혼,2,비흡연,고혈압,없음,가족 생활비,유병자 보장,10,수호천사 간편심사(유병자)보험
44,남성,6000,1,기혼,2,비흡연,없음,암,유병자 보장,가족 생활비,6,예산·보장 재검토
44,남성,6000,1,기혼,3,비흡연,고혈압,없음,가족 생활비,노후 자금,15,수호천사 우리가족 종신보험
44,남성,6000,1,미혼,0,흡연,없음,없음,유병자 보장,없음,20,수호천사 간편심사(유병자)보험
44,남성,6000,2,기혼,0,비흡연,없음,암,암·건강,없음,6,예산·보장 재검토
44,남성,6000,3,미혼,0,비흡연,없음,암,암·건강,없음,15,수호천사 암/건강보험
44,남성,7500,1,기혼,1,비흡연,없음,없음,암·건강,가족 생활비,8,수호천사 암/건강보험
44,남성,7500,1,기혼,1,비흡연,없음,없음,가족 생활비,노후 자금,6,예산·보장 재검토
44,남성,7500,1,기혼,2,비흡연,없음,암,가족 생활비,없음,8,예산·보장 재검토
44,남성,7500,1,기혼,2,비흡연,없음,없음,가족 생활비,없음,20,수호천사 우리가족 종신보험
44,남성,7500,1,기혼,2,비흡연,없음,없음,가족 생활비,없음,6,예산·보장 재검토
44,남성,7500,1,미혼,0,비흡연,없음,암,암·건강,노후 자금,6,예산·보장 재검토
44,남성,7500,1,미혼,0,흡연,없음,심혈관,암·건강,없음,15,수호천사 암/건강보험
44,남성,7500,2,기혼,2,비흡연,없음,암,암·건강,없음,10,수호천사 암/건강보험
44,남성,7500,2,기혼,2,흡연,없음,없음,가족 생활비,없음,6,예산·보장 재검토
44,남성,7500,2,기혼,3,흡연,없음,암,암·건강,없음,8,수호천사 암/건강보험
44,남성,7500,2,미혼,0,흡연,없음,없음,가족 생활비,노후 자금,15,수호천사 우리가족 종신보험
44,남성,7500,3,미혼,0,비흡연,고혈압,암,유병자 보장,없음,12,수호천사 간편심사(유병자)보험
44,남성,9000,1,기혼,2,흡연,없음,없음,가족 생활비,없음,15,수호천사 우리가족 종신보험
44,남성,9000,1,미혼,0,흡연,없음,암,노후 자금,암·건강,6,예산·보장 재검토
44,남성,12000,1,기혼,1,흡연,없음,심혈관,암·건강,유병자 보장,10,수호천사 암/건강보험
44,남성,12000,1,미혼,0,흡연,없음,심혈관,노후 자금,가족 생활비,15,수호천사 행복 연금보험
44,남성,12000,2,미혼,0,비흡연,없음,심혈관,가족 생활비,없음,8,예산·보장 재검토
44,여성,3000,1,기혼,0,비흡연,없음,암,가족 생활비,없음,6,예산·보장 재검토
44,여성,3000,1,기혼,1,비흡연,없음,암,가족 생활비,없음,8,예산·보장 재검토
44,여성,3000,1,기혼,1,비흡연,없음,없음,가족 생활비,없음,8,예산·보장 재검토
44,여성,3000,1,기혼,1,흡연,고혈압,암,노후 자금,없음,6,예산·보장 재검토
44,여성,3000,1,기혼,1,흡연,없음,암,유병자 보장,가족 생활비,20,수호천사 간편심사(유병자)보험
44,여성,3000,1,기혼,2,비흡연,고혈압,없음,가족 생활비,없음,10,수호천사 간편심사(유병자)보험
44,여성,3000,1,기혼,2,비흡연,없음,없음,가족 생활비,없음,10,예산·보장 재검토
44,여성,3000,1,기혼,3,흡연,없음,암,가족 생활비,없음,6,예산·보장 재검토
44,여성,3000,1,미혼,0,비흡연,없음,암,노후 자금,가족 생활비,10,예산·보장 재검토
44,여성,3000,1,미혼,0,흡연,없음,없음,유병자 보장,없음,10,수호천사 간편심사(유병자)보험
44,여성,3000,2,기혼,1,비흡연,없음,없음,가족 생활비,암·건강,20,수호천사 우리가족 종신보험
44,여성,3000,2,기혼,1,흡연,없음,심혈관,암·건강,없음,8,수호천사 암/건강보험
44,여성,3000,2,기혼,1,흡연,없음,없음,유병자 보장,암·건강,15,수호천사 간편심사(유병자)보험
44,여성,3000,2,미혼,0,비흡연,고혈압,없음,가족 생활비,없음,8,예산·보장 재검토
44,여성,4000,1,기혼,0,비흡연,없음,암,암·건강,노후 자금,10,수호천사 암/건강보험
44,여성,4000,1,기혼,1,흡연,고혈압,암,유병자 보장,가족 생활비,20,수호천사 간편심사(유병자)보험
44,여성,4000,1,기혼,2,비흡연,고혈압,없음,유병자 보장,노후 자금,10,수호천사 간편심사(유병자)보험
44,여성,4000,1,기혼,2,비흡연,없음,심혈관,가족 생활비,없음,12,예산·보장 재검토
44,여성,4000,1,기혼,2,비흡연,없음,없음,가족 생활비,없음,15,수호천사 우리가족 종신보험
44,여성,4000,1,미혼,0,비흡연,고혈압,심혈관,노후 자금,없음,20,수호천사 행복 연금보험
44,여성,4000,1,미혼,0,비흡연,고혈압,없음,암·건강,없음,6,예산·보장 재검토
44,여성,4000,1,미혼,0,비흡연,당뇨,암,유병자 보장,없음,6,예산·보장 재검토
44,여성,4000,1,미혼,0,비흡연,없음,심혈관,암·건강,가족 생활비,10,수호천사 암/건강보험
44,여성,4000,1,미혼,0,비흡연,없음,없음,가족 생활비,노후 자금,20,수호천사 우리가족 종신보험
44,여성,4000,1,미혼,0,흡연,고혈압,암,유병자 보장,없음,10,수호천사 간편심사(유병자)보험
44,여성,4000,1,미혼,0,흡연,없음,없음,유병자 보장,없음,8,예산·보장 재검토
44,여성,4000,2,기혼,0,비흡연,고혈압,없음,유병자 보장,없음,10,수호천사 간편심사(유병자)보험
44,여성,4000,2,기혼,0,비흡연,없음,없음,가족 생활비,노후 자금,6,예산·보장 재검토
44,여성,4000,2,기혼,1,비흡연,고혈압,심혈관,유병자 보장,없음,6,예산·보장 재검토
44,여성,4000,2,기혼,3,비흡연,고혈압,없음,유병자 보장,암·건강,6,예산·보장 재검토
44,여성,4000,3,기혼,1,비흡연,당뇨,없음,가족 생활비,노후 자금,6,예산·보장 재검토
44,여성,4000,3,기혼,1,비흡연,없음,없음,가족 생활비,노후 자금,12,수호천사 행복 연금보험
44,여성,5000,1,기혼,0,흡연,없음,암,암·건강,노후 자금,8,수호천사 암/건강보험
44,여성,5000,1,기혼,1,비흡연,고혈압,심혈관,가족 생활비,없음,6,예산·보장 재검토
44,여성,5000,1,기혼,1,비흡연,없음,없음,가족 생활비,없음,10,예산·보장 재검토
44,여성,5000,1,기혼,2,비흡연,고혈압,없음,유병자 보장,가족 생활비,8,예산·보장 재검토
44,여성,5000,1,기혼,2,비흡연,당뇨,암,유병자 보장,없음,8,예산·보장 재검토
44,여성,5000,1,기혼,2,비흡연,없음,없음,유병자 보장,없음,8,예산·보장 재검토
44,여성,5000,1,기혼,2,흡연,고혈압,없음,가족 생활비,없음,6,예산·보장 재검토
44,여성,5000,3,미혼,0,비흡연,없음,암,암·건강,유병자 보장,12,수호천사 암/건강보험
44,여성,6000,1,기혼,1,비흡연,고혈압,암,가족 생활비,없음,6,예산·보장 재검토
44,여성,6000,1,기혼,2,비흡연,당뇨,암,유병자 보장,없음,8,예산·보장 재검토
44,여성,6000,1,기혼,3,비흡연,없음,없음,가족 생활비,없음,8,예산·보장 재검토
44,여성,6000,1,미혼,0,비흡연,없음,암,노후 자금,가족 생활비,8,예산·보장 재검토
44,여성,6000,1,미혼,0,흡연,없음,없음,유병자 보장,없음,6,예산·보장 재검토
44,여성,6000,2,기혼,1,비흡연,고혈압,암,가족 생활비,없음,8,예산·보장 재검토
44,여성,6000,2,미혼,0,비흡연,없음,심혈관,노후 자금,암·건강,8,수호천사 암/건강보험
44,여성,7500,1,기혼,0,흡연,없음,없음,노후 자금,없음,6,예산·보장 재검토
44,여성,7500,1,기혼,2,비흡연,고혈압,암,암·건강,가족 생활비,20,수호천사 암/건강보험
44,여성,7500,1,기혼,2,비흡연,고혈압,없음,가족 생활비,암·건강,8,수호천사 암/건강보험
44,여성,7500,1,미혼,0,비흡연,없음,없음,암·건강,유병자 보장,6,예산·보장 재검토
44,여성,7500,2,기혼,1,비흡연,없음,암,유병자 보장,암·건강,12,수호천사 간편심사(유병자)보험
44,여성,7500,2,기혼,2,비흡연,없음,암,가족 생활비,노후 자금,6,예산·보장 재검토
44,여성,9000,1,기혼,1,비흡연,없음,암,가족 생활비,없음,15,수호천사 우리가족 종신보험
44,여성,9000,1,기혼,1,비흡연,없음,없음,가족 생활비,없음,6,예산·보장 재검토
44,여성,9000,1,미혼,0,비흡연,없음,암,암·건강,노후 자금,10,수호천사 암/건강보험
44,여성,9000,1,미혼,0,흡연,고혈압,암,가족 생활비,없음,20,수호천사 우리가족 종신보험
44,여성,9000,2,기혼,1,비흡연,없음,없음,가족 생활비,유병자 보장,6,예산·보장 재검토
44,여성,9000,2,미혼,0,비흡연,없음,없음,유병자 보장,없음,8,예산·보장 재검토
44,여성,9000,3,미혼,0,비흡연,고혈압,심혈관,노후 자금,가족 생활비,12,수호천사 행복 연금보험
45,남성,3000,1,기혼,1,비흡연,없음,없음,유병자 보장,노후 자금,20,수호천사 간편심사(유병자)보험
45,남성,3000,1,기혼,1,흡연,없음,암,암·건강,없음,8,수호천사 암/건강보험
45,남성,3000,1,기혼,2,흡연,없음,없음,가족 생활비,없음,10,예산·보장 재검토
45,남성,3000,1,미혼,0,비흡연,고혈압,암,노후 자금,없음,6,예산·보장 재검토
45,남성,3000,2,기혼,1,흡연,없음,없음,유병자 보장,없음,10,수호천사 간편심사(유병자)보험
45,남성,3000,3,기혼,0,비흡연,고혈압,없음,유병자 보장,노후 자금,8,예산·보장 재검토
45,남성,3000,3,기혼,1,비흡연,고혈압,없음,유병자 보장,없음,10,수호천사 간편심사(유병자)보험
45,남성,3000,3,기혼,1,비흡연,없음,없음,노후 자금,가족 생활비,6,예산·보장 재검토
45,남성,3000,3,기혼,2,비흡연,없음,없음,유병자 보장,가족 생활비,10,수호천사 간편심사(유병자)보험
45,남성,4000,1,기혼,1,비흡연,고혈압,심혈관,유병자 보장,없음,8,예산·보장 재검토
45,남성,4000,1,기혼,1,비흡연,고혈압,없음,노후 자금,없음,12,수호천사 행복 연금보험
45,남성,4000,1,기혼,1,비흡연,당뇨,없음,암·건강,가족 생활비,12,수호천사 암/건강보험
45,남성,4000,1,기혼,1,비흡연,없음,심혈관,가족 생활비,없음,15,수호천사 우리가족 종신보험
45,남성,4000,1,기혼,1,비흡연,없음,없음,가족 생활비,없음,20,수호천사 우리가족 종신보험
45,남성,4000,1,기혼,1,비흡연,없음,없음,가족 생활비,없음,10,예산·보장 재검토
45,남성,4000,1,기혼,1,비흡연,없음,없음,가족 생활비,유병자 보장,12,수호천사 간편심사(유병자)보험
45,남성,4000,1,기혼,1,비흡연,없음,없음,가족 생활비,없음,6,예산·보장 재검토
45,남성,4000,1,기혼,1,비흡연,없음,없음,유병자 보장,없음,20,수호천사 간편심사(유병자)보험
45,남성,4000,1,기혼,1,흡연,고혈압,암,가족 생활비,암·건강,10,수호천사 암/건강보험
45,남성,4000,1,기혼,2,비흡연,고혈압,없음,가족 생활비,유병자 보장,8,예산·보장 재검토
45,남성,4000,1,기혼,2,비흡연,당뇨,암,암·건강,유병자 보장,8,수호천사 암/건강보험
45,남성,4000,1,기혼,2,비흡연,당뇨,없음,유병자 보장,없음,12,수호천사 간편심사(유병자)보험
45,남성,4000,1,기혼,2,비흡연,없음,없음,노후 자금,유병자 보장,15,수호천사 행복 연금보험
45,남성,4000,1,기혼,2,비흡연,없음,없음,암·건강,노후 자금,15,수호천사 암/건강보험
45,남성,4000,1,미혼,0,비흡연,없음,암,암·건강,없음,10,수호천사 암/건강보험
45,남성,4000,2,기혼,0,흡연,고혈압,심혈관,유병자 보장,없음,8,수호천사 암/건강보험
45,남성,4000,2,기혼,1,비흡연,고혈압,암,유병자 보장,노후 자금,20,수호천사 간편심사(유병자)보험
45,남성,4000,2,기혼,2,비흡연,고혈압,없음,유병자 보장,없음,10,수호천사 간편심사(유병자)보험
45,남성,4000,2,미혼,0,흡연,없음,없음,유병자 보장,없음,10,수호천사 간편심사(유병자)보험
45,남성,4000,3,기혼,2,비흡연,고혈압,암,암·건강,없음,10,수호천사 암/건강보험
45,남성,5000,1,기혼,1,비흡연,고혈압,심혈관,유병자 보장,노후 자금,12,수호천사 간편심사(유병자)보험
45,남성,5000,1,기혼,1,비흡연,당뇨,없음,가족 생활비,암·건강,12,수호천사 암/건강보험
45,남성,5000,1,기혼,1,비흡연,없음,없음,가족 생활비,없음,10,예산·보장 재검토
45,남성,5000,1,기혼,1,흡연,없음,없음,암·건강,노후 자금,15,수호천사 암/건강보험
45,남성,5000,1,기혼,2,비흡연,없음,없음,가족 생활비,없음,15,수호천사 우리가족 종신보험
45,남성,5000,1,기혼,2,비흡연,없음,없음,유병자 보장,없음,10,수호천사 간편심사(유병자)보험
45,남성,5000,1,기혼,2,흡연,없음,암,가족 생활비,암·건강,6,예산·보장 재검토
45,남성,5000,1,기혼,2,흡연,없음,암,유병자 보장,없음,10,수호천사 간편심사(유병자)보험
45,남성,5000,2,기혼,2,비흡연,없음,심혈관,가족 생활비,없음,12,예산·보장 재검토
45,남성,5000,3,기혼,2,흡연,고혈압,심혈관,암·건강,유병자 보장,10,수호천사 암/건강보험
45,남성,6000,1,기혼,1,비흡연,고혈압,암,암·건강,없음,15,수호천사 암/건강보험
45,남성,6000,1,기혼,1,비흡연,없음,암,가족 생활비,노후 자금,6,예산·보장 재검토
45,남성,6000,1,미혼,0,비흡연,없음,없음,암·건강,유병자 보장,8,수호천사 암/건강보험
45,남성,6000,2,기혼,1,비흡연,없음,심혈관,암·건강,유병자 보장,15,수호천사 암/건강보험
45,남성,6000,3,기혼,0,비흡연,고혈압,암,유병자 보장,없음,20,수호천사 간편심사(유병자)보험
45,남성,6000,3,기혼,2,비흡연,고혈압,없음,가족 생활비,없음,10,수호천사 간편심사(유병자)보험
45,남성,6000,3,기혼,2,흡연,없음,없음,암·건강,없음,8,수호천사 암/건강보험
45,남성,7500,1,기혼,0,비흡연,당뇨,없음,노후 자금,가족 생활비,10,수호천사 간편심사(유병자)보험
45,남성,7500,1,기혼,1,비흡연,당뇨,없음,가족 생활비,유병자 보장,10,수호천사 간편심사(유병자)보험
45,남성,7500,2,기혼,1,흡연,없음,없음,노후 자금,없음,12,수호천사 행복 연금보험
45,남성,7500,3,기혼,0,흡연,고혈압,없음,유병자 보장,노후 자금,8,예산·보장 재검토
45,남성,9000,1,기혼,1,비흡연,고혈압,암,가족 생활비,없음,8,예산·보장 재검토
45,남성,9000,1,기혼,1,흡연,고혈압,심혈관,유병자 보장,노후 자금,12,수호천사 간편심사(유병자)보험
45,남성,9000,1,미혼,0,비흡연,없음,없음,가족 생활비,없음,12,예산·보장 재검토
45,남성,9000,2,미혼,0,비흡연,없음,없음,노후 자금,없음,12,수호천사 행복 연금보험
45,남성,12000,1,기혼,1,비흡연,없음,없음,암·건강,없음,10,수호천사 암/건강보험
45,남성,12000,1,미혼,0,비흡연,없음,없음,유병자 보장,없음,10,수호천사 간편심사(유병자)보험
45,남성,12000,2,기혼,1,비흡연,고혈압,없음,암·건강,유병자 보장,10,수호천사 암/건강보험
45,여성,3000,1,기혼,0,비흡연,당뇨,없음,노후 자금,유병자 보장,20,수호천사 간편심사(유병자)보험
45,여성,3000,1,기혼,0,흡연,고혈압,심혈관,유병자 보장,없음,8,수호천사 암/건강보험
45,여성,3000,1,기혼,0,흡연,없음,없음,가족 생활비,암·건강,10,수호천사 암/건강보험
45,여성,3000,1,기혼,1,비흡연,고혈압,심혈관,가족 생활비,없음,10,수호천사 간편심사(유병자)보험
45,여성,3000,1,기혼,1,비흡연,고혈압,없음,노후 자금,가족 생활비,15,수호천사 우리가족 종신보험
45,여성,3000,1,기혼,1,비흡연,없음,없음,유병자 보장,없음,8,예산·보장 재검토
45,여성,3000,1,기혼,2,비흡연,없음,없음,가족 생활비,없음,8,예산·보장 재검토
45,여성,3000,1,미혼,0,비흡연,당뇨,없음,노후 자금,암·건강,15,수호천사 행복 연금보험
45,여성,3000,2,기혼,1,비흡연,고혈압,심혈관,암·건강,없음,6,예산·보장 재검토
45,여성,3000,2,기혼,1,비흡연,고혈압,심혈관,가족 생활비,유병자 보장,10,수호천사 간편심사(유병자)보험
45,여성,4000,1,기혼,0,비흡연,없음,심혈관,암·건강,없음,8,수호천사 암/건강보험
45,여성,4000,1,기혼,0,비흡연,없음,없음,가족 생활비,없음,20,수호천사 우리가족 종신보험
45,여성,4000,1,기혼,0,흡연,없음,없음,가족 생활비,없음,12,예산·보장 재검토
45,여성,4000,1,기혼,0,흡연,없음,없음,유병자 보장,암·건강,6,예산·보장 재검토
45,여성,4000,1,기혼,1,비흡연,없음,암,암·건강,유병자 보장,15,수호천사 암/건강보험
45,여성,4000,1,기혼,1,비흡연,없음,암,암·건강,없음,12,수호천사 암/건강보험
45,여성,4000,1,기혼,1,비흡연,없음,없음,암·건강,없음,10,수호천사 암/건강보험
45,여성,4000,1,기혼,1,비흡연,없음,없음,가족 생활비,없음,8,예산·보장 재검토
45,여성,4000,1,기혼,1,비흡연,없음,없음,가족 생활비,유병자 보장,6,예산·보장 재검토
45,여성,4000,1,기혼,1,흡연,고혈압,암,암·건강,없음,10,수호천사 암/건강보험
45,여성,4000,1,기혼,1,흡연,고혈압,없음,가족 생활비,없음,8,예산·보장 재검토
45,여성,4000,1,기혼,2,흡연,고혈압,암,가족 생활비,유병자 보장,15,수호천사 우리가족 종신보험
45,여성,4000,1,미혼,0,비흡연,없음,심혈관,유병자 보장,없음,8,예산·보장 재검토
45,여성,4000,2,기혼,0,비흡연,고혈압,없음,노후 자금,가족 생활비,10,수호천사 간편심사(유병자)보험
45,여성,4000,2,기혼,1,비흡연,없음,암,유병자 보장,없음,8,예산·보장 재검토
45,여성,4000,2,기혼,1,흡연,없음,암,가족 생활비,없음,10,수호천사 암/건강보험
45,여성,4000,2,기혼,2,비흡연,없음,없음,암·건강,유병자 보장,6,예산·보장 재검토
45,여성,4000,3,기혼,1,비흡연,당뇨,암,가족 생활비,없음,8,예산·보장 재검토
45,여성,4000,3,기혼,1,비흡연,없음,없음,노후 자금,없음,6,예산·보장 재검토
45,여성,4000,3,기혼,1,비흡연,없음,없음,가족 생활비,암·건강,10,수호천사 암/건강보험
45,여성,5000,1,기혼,0,비흡연,없음,없음,가족 생활비,노후 자금,8,예산·보장 재검토
45,여성,5000,1,기혼,0,비흡연,없음,없음,가족 생활비,암·건강,12,수호천사 암/건강보험
45,여성,5000,1,기혼,0,비흡연,없음,없음,유병자 보장,없음,6,예산·보장 재검토
45,여성,5000,1,기혼,0,비흡연,없음,없음,가족 생활비,유병자 보장,10,수호천사 간편심사(유병자)보험
45,여성,5000,1,기혼,1,비흡연,없음,없음,가족 생활비,없음,10,예산·보장 재검토
45,여성,5000,1,기혼,1,흡연,고혈압,없음,노후 자금,없음,6,예산·보장 재검토
45,여성,5000,1,기혼,1,흡연,없음,없음,가족 생활비,없음,6,예산·보장 재검토
45,여성,5000,1,기혼,2,비흡연,없음,없음,암·건강,없음,8,수호천사 암/건강보험
45,여성,5000,1,기혼,2,비흡연,없음,없음,가족 생활비,없음,12,예산·보장 재검토
45,여성,5000,1,기혼,2,흡연,고혈압,심혈관,암·건강,없음,20,수호천사 암/건강보험
45,여성,5000,1,기혼,2,흡연,없음,없음,유병자 보장,없음,6,예산·보장 재검토
45,여성,5000,2,기혼,1,비흡연,없음,암,암·건강,없음,12,수호천사 암/건강보험
45,여성,5000,2,기혼,1,비흡연,없음,없음,가족 생활비,없음,12,예산·보장 재검토
45,여성,5000,2,기혼,2,비흡연,없음,없음,유병자 보장,노후 자금,12,수호천사 간편심사(유병자)보험
45,여성,6000,1,기혼,0,비흡연,없음,없음,암·건강,유병자 보장,10,수호천사 암/건강보험
45,여성,6000,1,기혼,1,비흡연,당뇨,심혈관,암·건강,유병자 보장,20,수호천사 암/건강보험
45,여성,6000,1,기혼,1,비흡연,없음,암,가족 생활비,없음,10,예산·보장 재검토
45,여성,6000,1,기혼,1,비흡연,없음,없음,가족 생활비,없음,15,수호천사 우리가족 종신보험
45,여성,6000,1,기혼,1,비흡연,없음,없음,암·건강,없음,8,수호천사 암/건강보험
45,여성,6000,1,기혼,1,흡연,없음,심혈관,암·건강,없음,15,수호천사 암/건강보험
45,여성,6000,1,기혼,2,흡연,없음,심혈관,가족 생활비,없음,20,수호천사 우리가족 종신보험
45,여성,6000,1,기혼,2,흡연,없음,없음,유병자 보장,없음,20,수호천사 간편심사(유병자)보험
45,여성,6000,1,미혼,0,흡연,당뇨,없음,유병자 보장,없음,8,예산·보장 재검토
45,여성,6000,2,미혼,0,비흡연,없음,심혈관,암·건강,노후 자금,15,수호천사 암/건강보험
45,여성,6000,2,미혼,0,비흡연,없음,없음,노후 자금,없음,6,예산·보장 재검토
45,여성,6000,3,기혼,0,비흡연,당뇨,없음,유병자 보장,없음,12,수호천사 간편심사(유병자)보험
45,여성,6000,3,기혼,1,흡연,고혈압,심혈관,가족 생활비,없음,8,수호천사 암/건강보험
45,여성,6000,3,기혼,2,비흡연,없음,암,암·건강,없음,12,수호천사 암/건강보험
45,여성,7500,1,기혼,0,흡연,없음,심혈관,노후 자금,없음,10,수호천사 암/건강보험
45,여성,7500,1,기혼,1,비흡연,없음,암,노후 자금,없음,6,예산·보장 재검토
45,여성,7500,1,기혼,2,비흡연,없음,심혈관,가족 생활비,노후 자금,8,예산·보장 재검토
45,여성,9000,1,기혼,1,비흡연,없음,없음,가족 생활비,없음,6,예산·보장 재검토
45,여성,9000,2,기혼,0,비흡연,없음,없음,암·건강,없음,10,수호천사 암/건강보험
45,여성,12000,1,기혼,1,비흡연,없음,없음,가족 생활비,없음,20,수호천사 우리가족 종신보험
46,남성,3000,1,기혼,1,비흡연,없음,암,가족 생활비,유병자 보장,12,수호천사 간편심사(유병자)보험
46,남성,3000,1,기혼,1,비흡연,없음,암,암·건강,없음,15,수호천사 암/건강보험
46,남성,3000,1,기혼,1,흡연,없음,없음,가족 생활비,없음,15,수호천사 우리가족 종신보험
46,남성,3000,1,미혼,0,비흡연,없음,심혈관,암·건강,없음,8,수호천사 암/건강보험
46,남성,3000,2,기혼,1,비흡연,당뇨,심혈관,가족 생활비,없음,10,수호천사 간편심사(유병자)보험
46,남성,4000,1,기혼,1,비흡연,고혈압,암,가족 생활비,없음,10,수호천사 간편심사(유병자)보험
46,남성,4000,1,기혼,1,비흡연,없음,심혈관,가족 생활비,없음,6,예산·보장 재검토
46,남성,4000,1,기혼,1,비흡연,없음,심혈관,가족 생활비,암·건강,10,수호천사 암/건강보험
46,남성,4000,1,기혼,1,비흡연,없음,없음,유병자 보장,없음,12,수호천사 간편심사(유병자)보험
46,남성,4000,1,기혼,1,비흡연,없음,없음,가족 생활비,없음,10,예산·보장 재검토
46,남성,4000,1,기혼,2,비흡연,없음,심혈관,암·건강,없음,12,수호천사 암/건강보험
46,남성,4000,1,기혼,2,비흡연,없음,없음,가족 생활비,암·건강,6,예산·보장 재검토
46,남성,4000,1,기혼,2,비흡연,없음,없음,가족 생활비,암·건강,12,수호천사 암/건강보험
46,남성,4000,1,기혼,2,비흡연,없음,없음,가족 생활비,없음,6,예산·보장 재검토
46,남성,4000,1,미혼,0,비흡연,없음,없음,암·건강,없음,15,수호천사 암/건강보험
46,남성,4000,2,기혼,1,비흡연,없음,없음,유병자 보장,없음,8,예산·보장 재검토
46,남성,4000,2,기혼,1,비흡연,없음,없음,가족 생활비,암·건강,10,수호천사 암/건강보험
46,남성,5000,1,기혼,1,비흡연,고혈압,암,암·건강,없음,10,수호천사 암/건강보험
46,남성,5000,1,기혼,1,흡연,고혈압,없음,암·건강,없음,8,수호천사 암/건강보험
46,남성,5000,1,기혼,2,비흡연,당뇨,암,가족 생활비,유병자 보장,8,예산·보장 재검토
46,남성,5000,1,미혼,0,비흡연,없음,없음,유병자 보장,없음,6,예산·보장 재검토
46,남성,5000,1,미혼,0,흡연,없음,없음,유병자 보장,노후 자금,10,수호천사 간편심사(유병자)보험
46,남성,5000,2,기혼,1,비흡연,없음,암,유병자 보장,가족 생활비,20,수호천사 간편심사(유병자)보험
46,남성,5000,3,기혼,1,비흡연,없음,없음,가족 생활비,없음,8,예산·보장 재검토
46,남성,6000,1,기혼,1,흡연,없음,심혈관,암·건강,없음,10,수호천사 암/건강보험
46,남성,6000,1,기혼,2,비흡연,고혈압,암,가족 생활비,없음,15,수호천사 우리가족 종신보험
46,남성,6000,1,기혼,2,비흡연,없음,암,노후 자금,없음,10,예산·보장 재검토
46,남성,6000,1,기혼,2,비흡연,없음,없음,가족 생활비,없음,15,수호천사 우리가족 종신보험
46,남성,6000,2,기혼,1,비흡연,없음,없음,가족 생활비,없음,10,예산·보장 재검토
46,남성,6000,3,기혼,1,비흡연,당뇨,없음,가족 생활비,노후 자금,10,수호천사 간편심사(유병자)보험
46,남성,6000,3,기혼,1,비흡연,없음,심혈관,가족 생활비,없음,6,예산·보장 재검토
46,남성,7500,1,기혼,1,비흡연,없음,심혈관,유병자 보장,암·건강,6,예산·보장 재검토
46,남성,7500,1,기혼,1,흡연,없음,없음,가족 생활비,없음,12,예산·보장 재검토
46,남성,7500,1,미혼,0,비흡연,없음,없음,유병자 보장,없음,15,수호천사 간편심사(유병자)보험
46,남성,7500,2,기혼,1,비흡연,고혈압,암,암·건강,유병자 보장,6,예산·보장 재검토
46,남성,7500,3,기혼,0,비흡연,고혈압,없음,유병자 보장,없음,20,수호천사 간편심사(유병자)보험
46,남성,9000,1,기혼,1,비흡연,당뇨,없음,유병자 보장,없음,10,수호천사 간편심사(유병자)보험
46,남성,9000,1,기혼,2,비흡연,고혈압,암,유병자 보장,암·건강,10,수호천사 간편심사(유병자)보험
46,남성,9000,1,미혼,0,비흡연,없음,없음,가족 생활비,없음,20,수호천사 우리가족 종신보험
46,남성,12000,3,미혼,0,비흡연,없음,없음,노후 자금,가족 생활비,20,수호천사 행복 연금보험
46,여성,3000,1,기혼,2,비흡연,없음,심혈관,암·건강,유병자 보장,10,수호천사 암/건강보험
46,여성,3000,1,기혼,2,비흡연,없음,없음,가족 생활비,노후 자금,8,예산·보장 재검토
46,여성,3000,1,기혼,2,비흡연,없음,없음,가족 생활비,암·건강,6,예산·보장 재검토
46,여성,3000,2,기혼,0,흡연,없음,심혈관,암·건강,없음,8,수호천사 암/건강보험
46,여성,3000,2,기혼,1,흡연,없음,심혈관,암·건강,없음,15,수호천사 암/건강보험
46,여성,3000,2,기혼,2,비흡연,고혈압,심혈관,암·건강,없음,8,수호천사 암/건강보험
46,여성,3000,2,미혼,0,비흡연,없음,없음,암·건강,없음,12,수호천사 암/건강보험
46,여성,4000,1,기혼,0,비흡연,없음,심혈관,암·건강,없음,6,예산·보장 재검토
46,여성,4000,1,기혼,1,비흡연,고혈압,암,유병자 보장,없음,10,수호천사 간편심사(유병자)보험
46,여성,4000,1,기혼,1,비흡연,당뇨,암,유병자 보장,없음,8,예산·보장 재검토
46,여성,4000,1,기혼,1,비흡연,없음,없음,암·건강,없음,10,수호천사 암/건강보험
46,여성,4000,1,기혼,1,비흡연,없음,없음,유병자 보장,없음,10,수호천사 간편심사(유병자)보험
46,여성,4000,1,기혼,2,비흡연,당뇨,심혈관,암·건강,노후 자금,20,수호천사 암/건강보험
46,여성,4000,1,기혼,2,비흡연,없음,암,가족 생활비,없음,20,수호천사 우리가족 종신보험
46,여성,4000,1,기혼,2,비흡연,없음,없음,가족 생활비,없음,12,예산·보장 재검토
46,여성,4000,1,기혼,2,흡연,없음,없음,가족 생활비,암·건강,6,예산·보장 재검토
46,여성,4000,2,기혼,0,비흡연,당뇨,없음,유병자 보장,없음,20,수호천사 간편심사(유병자)보험
46,여성,4000,2,기혼,1,비흡연,없음,없음,암·건강,없음,20,수호천사 암/건강보험
46,여성,4000,3,기혼,1,비흡연,없음,없음,노후 자금,유병자 보장,15,수호천사 행복 연금보험
46,여성,5000,1,기혼,0,비흡연,없음,없음,암·건강,가족 생활비,10,수호천사 암/건강보험
46,여성,5000,1,기혼,1,비흡연,고혈압,없음,유병자 보장,없음,6,예산·보장 재검토
46,여성,5000,1,기혼,1,비흡연,당뇨,심혈관,암·건강,없음,12,수호천사 암/건강보험
46,여성,5000,1,기혼,1,비흡연,없음,암,노후 자금,암·건강,8,수호천사 암/건강보험
46,여성,5000,1,기혼,1,비흡연,없음,암,가족 생활비,없음,8,예산·보장 재검토
46,여성,5000,1,기혼,1,비흡연,없음,없음,가족 생활비,노후 자금,8,예산·보장 재검토
46,여성,5000,1,기혼,2,비흡연,없음,없음,노후 자금,없음,10,예산·보장 재검토
46,여성,5000,1,기혼,2,흡연,없음,심혈관,암·건강,없음,8,수호천사 암/건강보험
46,여성,5000,1,기혼,2,흡연,없음,암,노후 자금,없음,12,수호천사 행복 연금보험
46,여성,5000,1,미혼,0,비흡연,없음,없음,암·건강,없음,12,수호천사 암/건강보험
46,여성,5000,2,기혼,0,흡연,없음,암,유병자 보장,없음,10,수호천사 간편심사(유병자)보험
46,여성,5000,2,기혼,1,비흡연,고혈압,없음,유병자 보장,암·건강,6,예산·보장 재검토
46,여성,5000,2,기혼,1,비흡연,없음,없음,가족 생활비,없음,20,수호천사 우리가족 종신보험
46,여성,5000,2,기혼,1,비흡연,없음,없음,노후 자금,없음,10,예산·보장 재검토
46,여성,5000,3,기혼,0,흡연,없음,없음,암·건강,가족 생활비,10,수호천사 암/건강보험
46,여성,5000,3,기혼,1,흡연,없음,없음,노후 자금,없음,10,예산·보장 재검토
46,여성,5000,3,기혼,2,비흡연,없음,없음,가족 생활비,없음,8,예산·보장 재검토
46,여성,5000,3,미혼,0,비흡연,당뇨,없음,유병자 보장,없음,12,수호천사 간편심사(유병자)보험
46,여성,6000,1,기혼,1,비흡연,없음,없음,노후 자금,없음,6,예산·보장 재검토
46,여성,6000,1,기혼,1,흡연,없음,없음,암·건강,노후 자금,15,수호천사 암/건강보험
46,여성,6000,1,기혼,2,비흡연,없음,심혈관,노후 자금,없음,6,예산·보장 재검토
46,여성,6000,1,기혼,2,비흡연,없음,없음,가족 생활비,없음,20,수호천사 우리가족 종신보험
46,여성,6000,1,기혼,2,흡연,없음,암,가족 생활비,노후 자금,12,수호천사 암/건강보험
46,여성,6000,1,기혼,2,흡연,없음,없음,유병자 보장,없음,6,예산·보장 재검토
46,여성,6000,1,미혼,0,비흡연,없음,없음,가족 생활비,암·건강,12,수호천사 암/건강보험
46,여성,6000,1,미혼,0,비흡연,없음,없음,가족 생활비,없음,8,예산·보장 재검토
46,여성,6000,2,기혼,1,비흡연,없음,없음,가족 생활비,없음,20,수호천사 우리가족 종신보험
46,여성,6000,2,기혼,2,비흡연,없음,암,암·건강,유병자 보장,15,수호천사 암/건강보험
46,여성,6000,3,기혼,2,비흡연,없음,없음,유병자 보장,가족 생활비,10,수호천사 간편심사(유병자)보험
46,여성,7500,1,기혼,0,흡연,없음,없음,노후 자금,없음,10,예산·보장 재검토
46,여성,7500,1,기혼,1,비흡연,당뇨,심혈관,암·건강,없음,20,수호천사 암/건강보험
46,여성,9000,1,기혼,1,비흡연,고혈압,없음,가족 생활비,암·건강,15,수호천사 우리가족 종신보험
47,남성,3000,1,기혼,1,비흡연,없음,심혈관,노후 자금,없음,10,예산·보장 재검토
47,남성,3000,1,기혼,1,비흡연,없음,없음,암·건강,없음,8,수호천사 암/건강보험
47,남성,3000,1,기혼,1,비흡연,없음,없음,유병자 보장,가족 생활비,8,예산·보장 재검토
47,남성,3000,1,기혼,1,흡연,없음,없음,가족 생활비,없음,12,예산·보장 재검토
47,남성,3000,1,기혼,2,비흡연,없음,암,암·건강,없음,10,수호천사 암/건강보험
47,남성,3000,1,기혼,2,비흡연,없음,암,가족 생활비,노후 자금,15,수호천사 우리가족 종신보험
47,남성,3000,1,기혼,2,비흡연,없음,암,가족 생활비,유병자 보장,10,수호천사 간편심사(유병자)보험
47,남성,3000,1,미혼,0,비흡연,없음,심혈관,유병자 보장,없음,10,수호천사 간편심사(유병자)보험
47,남성,3000,1,미혼,0,흡연,없음,암,암·건강,노후 자금,10,수호천사 암/건강보험
47,남성,3000,2,기혼,0,비흡연,없음,없음,가족 생활비,없음,12,예산·보장 재검토
47,남성,3000,2,미혼,0,비흡연,없음,없음,가족 생활비,노후 자금,8,예산·보장 재검토
47,남성,3000,3,기혼,1,비흡연,고혈압,없음,유병자 보장,없음,15,수호천사 간편심사(유병자)보험
47,남성,3000,3,기혼,2,비흡연,없음,없음,가족 생활비,없음,8,예산·보장 재검토
47,남성,4000,1,기혼,0,비흡연,없음,암,노후 자금,없음,12,수호천사 행복 연금보험
47,남성,4000,1,기혼,0,비흡연,없음,없음,가족 생활비,없음,20,수호천사 우리가족 종신보험
47,남성,4000,1,기혼,1,비흡연,고혈압,암,유병자 보장,가족 생활비,12,수호천사 간편심사(유병자)보험
47,남성,4000,1,기혼,1,비흡연,고혈압,없음,유병자 보장,가족 생활비,8,예산·보장 재검토
47,남성,4000,1,기혼,1,흡연,당뇨,없음,암·건강,노후 자금,12,수호천사 암/건강보험
47,남성,4000,1,기혼,2,비흡연,고혈압,없음,유병자 보장,없음,6,예산·보장 재검토
47,남성,4000,1,기혼,2,비흡연,고혈압,없음,암·건강,노후 자금,6,예산·보장 재검토
47,남성,4000,1,기혼,2,비흡연,당뇨,심혈관,노후 자금,암·건강,15,수호천사 행복 연금보험
47,남성,4000,1,기혼,2,비흡연,없음,심혈관,암·건강,노후 자금,15,수호천사 암/건강보험
47,남성,4000,1,기혼,2,흡연,없음,심혈관,가족 생활비,암·건강,6,예산·보장 재검토
47,남성,4000,1,미혼,0,비흡연,없음,없음,암·건강,유병자 보장,20,수호천사 암/건강보험
47,남성,4000,2,기혼,0,비흡연,당뇨,심혈관,암·건강,노후 자금,10,수호천사 암/건강보험
47,남성,4000,2,기혼,0,비흡연,없음,심혈관,암·건강,노후 자금,20,수호천사 암/건강보험
47,남성,4000,2,기혼,0,비흡연,없음,암,암·건강,없음,15,수호천사 암/건강보험
47,남성,4000,2,기혼,0,비흡연,없음,없음,노후 자금,없음,20,수호천사 행복 연금보험
47,남성,4000,2,기혼,1,흡연,당뇨,암,노후 자금,없음,15,수호천사 행복 연금보험
47,남성,4000,3,미혼,0,흡연,없음,암,노후 자금,없음,20,수호천사 행복 연금보험
47,남성,5000,1,기혼,0,비흡연,당뇨,심혈관,암·건강,없음,12,수호천사 암/건강보험
47,남성,5000,1,기혼,0,흡연,없음,없음,노후 자금,없음,8,예산·보장 재검토
47,남성,5000,1,기혼,1,비흡연,당뇨,암,암·건강,없음,8,수호천사 암/건강보험
47,남성,5000,1,기혼,1,비흡연,없음,암,노후 자금,없음,12,수호천사 행복 연금보험
47,남성,5000,1,기혼,1,비흡연,없음,없음,가족 생활비,없음,6,예산·보장 재검토
47,남성,5000,1,기혼,1,비흡연,없음,없음,가족 생활비,없음,20,수호천사 우리가족 종신보험
47,남성,5000,1,기혼,1,비흡연,없음,없음,유병자 보장,가족 생활비,8,예산·보장 재검토
47,남성,5000,1,기혼,1,흡연,없음,없음,암·건강,없음,15,수호천사 암/건강보험
47,남성,5000,1,기혼,1,흡연,없음,없음,유병자 보장,노후 자금,10,수호천사 간편심사(유병자)보험
47,남성,5000,1,기혼,2,비흡연,없음,없음,노후 자금,없음,15,수호천사 행복 연금보험
47,남성,5000,1,미혼,0,비흡연,당뇨,없음,가족 생활비,유병자 보장,20,수호천사 간편심사(유병자)보험
47,남성,5000,2,기혼,0,비흡연,고혈압,없음,노후 자금,없음,10,수호천사 간편심사(유병자)보험
47,남성,5000,2,기혼,0,비흡연,없음,심혈관,암·건강,유병자 보장,12,수호천사 암/건강보험
47,남성,5000,2,기혼,0,흡연,없음,암,유병자 보장,없음,8,수호천사 암/건강보험
47,남성,5000,2,기혼,1,비흡연,없음,암,암·건강,노후 자금,15,수호천사 암/건강보험
47,남성,5000,2,기혼,2,비흡연,없음,암,가족 생활비,없음,15,수호천사 우리가족 종신보험
47,남성,6000,1,기혼,0,비흡연,고혈압,없음,유병자 보장,없음,8,예산·보장 재검토
47,남성,6000,1,기혼,1,비흡연,없음,암,암·건강,없음,6,예산·보장 재검토
47,남성,6000,1,기혼,1,비흡연,없음,없음,가족 생활비,없음,10,예산·보장 재검토
47,남성,6000,1,기혼,1,흡연,고혈압,없음,유병자 보장,없음,6,예산·보장 재검토
47,남성,6000,1,기혼,2,비흡연,없음,없음,가족 생활비,없음,15,수호천사 우리가족 종신보험
47,남성,6000,1,기혼,2,흡연,없음,없음,가족 생활비,없음,8,예산·보장 재검토
47,남성,6000,3,기혼,1,비흡연,고혈압,암,암·건강,없음,20,수호천사 암/건강보험
47,남성,6000,3,기혼,1,비흡연,없음,암,노후 자금,없음,20,수호천사 행복 연금보험
47,남성,6000,3,미혼,0,흡연,당뇨,없음,유병자 보장,노후 자금,15,수호천사 간편심사(유병자)보험
47,남성,7500,1,기혼,0,비흡연,고혈압,없음,가족 생활비,암·건강,12,수호천사 암/건강보험
47,남성,7500,1,기혼,1,비흡연,없음,없음,가족 생활비,유병자 보장,8,예산·보장 재검토
47,남성,7500,2,기혼,1,흡연,고혈압,심혈관,가족 생활비,없음,15,수호천사 우리가족 종신보험
47,남성,7500,2,기혼,2,비흡연,없음,없음,가족 생활비,암·건강,15,수호천사 우리가족 종신보험
47,남성,7500,3,기혼,1,흡연,고혈압,없음,가족 생활비,유병자 보장,20,수호천사 우리가족 종신보험
47,남성,9000,1,기혼,1,비흡연,고혈압,없음,가족 생활비,없음,10,수호천사 간편심사(유병자)보험
47,남성,9000,1,기혼,1,비흡연,없음,암,암·건강,가족 생활비,6,예산·보장 재검토
47,남성,9000,2,기혼,1,비흡연,없음,없음,암·건강,없음,20,수호천사 암/건강보험
47,남성,9000,2,기혼,1,비흡연,없음,없음,가족 생활비,없음,20,수호천사 우리가족 종신보험
47,여성,3000,1,기혼,0,비흡연,없음,심혈관,암·건강,없음,6,예산·보장 재검토
47,여성,3000,1,기혼,1,비흡연,없음,심혈관,암·건강,없음,12,수호천사 암/건강보험
47,여성,3000,1,기혼,1,비흡연,없음,심혈관,암·건강,유병자 보장,6,예산·보장 재검토
47,여성,3000,1,기혼,1,비흡연,없음,없음,가족 생활비,없음,10,예산·보장 재검토
47,여성,3000,1,기혼,1,비흡연,없음,없음,유병자 보장,없음,8,예산·보장 재검토
47,여성,3000,1,기혼,1,흡연,고혈압,심혈관,가족 생활비,암·건강,8,수호천사 암/건강보험
47,여성,3000,1,기혼,1,흡연,없음,없음,가족 생활비,없음,8,예산·보장 재검토
47,여성,3000,1,기혼,2,비흡연,고혈압,없음,가족 생활비,없음,8,예산·보장 재검토
47,여성,3000,1,기혼,2,비흡연,당뇨,없음,유병자 보장,없음,10,수호천사 간편심사(유병자)보험
47,여성,3000,2,기혼,1,비흡연,없음,심혈관,가족 생활비,없음,8,예산·보장 재검토
47,여성,3000,2,기혼,1,비흡연,없음,없음,가족 생활비,없음,10,예산·보장 재검토
47,여성,3000,2,기혼,1,비흡연,없음,없음,가족 생활비,노후 자금,10,예산·보장 재검토
47,여성,3000,2,기혼,1,흡연,없음,심혈관,가족 생활비,유병자 보장,12,수호천사 암/건강보험
47,여성,3000,2,기혼,2,비흡연,고혈압,심혈관,암·건강,없음,12,수호천사 암/건강보험
47,여성,3000,3,기혼,2,비흡연,없음,없음,노후 자금,없음,8,예산·보장 재검토
47,여성,4000,1,기혼,0,비흡연,당뇨,없음,암·건강,노후 자금,6,예산·보장 재검토
47,여성,4000,1,기혼,0,비흡연,없음,없음,노후 자금,없음,15,수호천사 행복 연금보험
47,여성,4000,1,기혼,1,비흡연,고혈압,심혈관,가족 생활비,노후 자금,15,수호천사 우리가족 종신보험
47,여성,4000,1,기혼,1,비흡연,고혈압,없음,유병자 보장,암·건강,20,수호천사 간편심사(유병자)보험
47,여성,4000,1,기혼,1,비흡연,없음,없음,가족 생활비,없음,20,수호천사 우리가족 종신보험
47,여성,4000,1,기혼,1,흡연,당뇨,없음,암·건강,없음,10,수호천사 암/건강보험
47,여성,4000,1,기혼,1,흡연,없음,없음,가족 생활비,유병자 보장,20,수호천사 우리가족 종신보험
47,여성,4000,1,기혼,2,비흡연,없음,심혈관,가족 생활비,없음,10,예산·보장 재검토
47,여성,4000,1,기혼,2,비흡연,없음,암,암·건강,없음,15,수호천사 암/건강보험
47,여성,4000,2,기혼,1,비흡연,고혈압,없음,암·건강,없음,20,수호천사 암/건강보험
47,여성,4000,2,기혼,1,비흡연,없음,없음,가족 생활비,암·건강,15,수호천사 우리가족 종신보험
47,여성,4000,2,기혼,2,비흡연,없음,없음,가족 생활비,없음,8,예산·보장 재검토
47,여성,4000,3,기혼,0,비흡연,고혈압,없음,노후 자금,없음,8,예산·보장 재검토
47,여성,5000,1,기혼,0,비흡연,고혈압,암,유병자 보장,없음,8,예산·보장 재검토
47,여성,5000,1,기혼,0,비흡연,고혈압,암,유병자 보장,가족 생활비,8,예산·보장 재검토
47,여성,5000,1,기혼,0,비흡연,없음,암,암·건강,노후 자금,15,수호천사 암/건강보험
47,여성,5000,1,기혼,1,비흡연,고혈압,암,가족 생활비,노후 자금,12,수호천사 간편심사(유병자)보험
47,여성,5000,1,기혼,1,비흡연,당뇨,없음,노후 자금,없음,8,예산·보장 재검토
47,여성,5000,1,기혼,1,비흡연,없음,심혈관,암·건강,없음,12,수호천사 암/건강보험
47,여성,5000,1,기혼,2,비흡연,고혈압,암,유병자 보장,없음,8,예산·보장 재검토
47,여성,5000,1,기혼,2,비흡연,고혈압,없음,유병자 보장,없음,10,수호천사 간편심사(유병자)보험
47,여성,5000,1,기혼,2,비흡연,없음,없음,가족 생활비,없음,8,예산·보장 재검토
47,여성,5000,1,기혼,2,흡연,없음,암,가족 생활비,암·건강,10,수호천사 암/건강보험
47,여성,5000,1,기혼,2,흡연,없음,없음,가족 생활비,없음,12,예산·보장 재검토
47,여성,5000,2,기혼,1,비흡연,없음,심혈관,가족 생활비,암·건강,12,수호천사 암/건강보험
47,여성,5000,2,기혼,1,비흡연,없음,암,암·건강,가족 생활비,12,수호천사 암/건강보험
47,여성,5000,2,기혼,1,흡연,없음,없음,암·건강,유병자 보장,8,수호천사 암/건강보험
47,여성,6000,1,기혼,0,비흡연,없음,없음,유병자 보장,가족 생활비,12,수호천사 간편심사(유병자)보험
47,여성,6000,1,기혼,1,흡연,없음,없음,노후 자금,유병자 보장,8,예산·보장 재검토
47,여성,6000,1,기혼,2,비흡연,없음,없음,가족 생활비,노후 자금,10,예산·보장 재검토
47,여성,6000,2,기혼,1,비흡연,없음,없음,가족 생활비,암·건강,12,수호천사 암/건강보험
47,여성,6000,3,기혼,1,비흡연,없음,없음,가족 생활비,암·건강,12,수호천사 암/건강보험
47,여성,6000,3,기혼,1,흡연,없음,암,암·건강,없음,20,수호천사 암/건강보험
47,여성,7500,1,기혼,0,비흡연,없음,심혈관,암·건강,가족 생활비,8,수호천사 암/건강보험
47,여성,7500,1,기혼,0,흡연,고혈압,없음,유병자 보장,없음,20,수호천사 간편심사(유병자)보험
47,여성,7500,1,기혼,1,비흡연,없음,암,노후 자금,유병자 보장,8,예산·보장 재검토
47,여성,7500,1,기혼,2,비흡연,당뇨,암,가족 생활비,없음,12,수호천사 간편심사(유병자)보험
47,여성,7500,1,기혼,2,비흡연,없음,암,가족 생활비,없음,15,수호천사 우리가족 종신보험
47,여성,7500,1,기혼,2,비흡연,없음,없음,암·건강,유병자 보장,15,수호천사 암/건강보험
47,여성,7500,1,기혼,2,흡연,고혈압,암,암·건강,가족 생활비,20,수호천사 암/건강보험
47,여성,7500,2,기혼,1,비흡연,없음,없음,가족 생활비,유병자 보장,15,수호천사 우리가족 종신보험
47,여성,9000,1,기혼,1,흡연,없음,없음,가족 생활비,없음,8,예산·보장 재검토
47,여성,12000,1,기혼,1,비흡연,없음,심혈관,노후 자금,없음,20,수호천사 행복 연금보험
47,여성,12000,1,기혼,1,비흡연,없음,없음,가족 생활비,유병자 보장,20,수호천사 우리가족 종신보험
47,여성,12000,1,기혼,2,비흡연,고혈압,없음,유병자 보장,노후 자금,10,수호천사 간편심사(유병자)보험
47,여성,12000,1,기혼,2,비흡연,없음,없음,가족 생활비,없음,6,예산·보장 재검토
48,남성,3000,1,기혼,0,비흡연,없음,없음,노후 자금,가족 생활비,8,예산·보장 재검토
48,남성,3000,1,기혼,1,비흡연,고혈압,심혈관,유병자 보장,없음,15,수호천사 간편심사(유병자)보험
48,남성,3000,1,기혼,1,비흡연,당뇨,없음,가족 생활비,없음,20,수호천사 우리가족 종신보험
48,남성,3000,1,기혼,1,비흡연,없음,심혈관,노후 자금,없음,15,수호천사 행복 연금보험
48,남성,3000,1,기혼,1,비흡연,없음,암,암·건강,없음,8,수호천사 암/건강보험
48,남성,3000,1,기혼,1,비흡연,없음,없음,노후 자금,없음,6,예산·보장 재검토
48,남성,3000,1,기혼,1,흡연,고혈압,없음,암·건강,유병자 보장,10,수호천사 암/건강보험
48,남성,3000,1,기혼,1,흡연,고혈압,없음,가족 생활비,없음,8,예산·보장 재검토
48,남성,3000,1,기혼,1,흡연,당뇨,없음,가족 생활비,유병자 보장,6,예산·보장 재검토
48,남성,3000,1,기혼,2,흡연,없음,없음,가족 생활비,유병자 보장,6,예산·보장 재검토
48,남성,3000,2,기혼,2,비흡연,없음,없음,가족 생활비,없음,6,예산·보장 재검토
48,남성,4000,1,기혼,0,흡연,당뇨,암,유병자 보장,없음,6,예산·보장 재검토
48,남성,4000,1,기혼,1,비흡연,없음,암,암·건강,없음,12,수호천사 암/건강보험
48,남성,4000,1,기혼,1,비흡연,없음,없음,유병자 보장,없음,8,예산·보장 재검토
48,남성,4000,1,기혼,1,흡연,고혈압,암,유병자 보장,노후 자금,8,수호천사 암/건강보험
48,남성,4000,1,기혼,1,흡연,없음,없음,가족 생활비,없음,10,예산·보장 재검토
48,남성,4000,1,기혼,2,비흡연,고혈압,없음,유병자 보장,없음,20,수호천사 간편심사(유병자)보험
48,남성,4000,1,기혼,2,비흡연,고혈압,없음,유병자 보장,없음,12,수호천사 간편심사(유병자)보험
48,남성,4000,1,기혼,2,비흡연,없음,암,가족 생활비,노후 자금,10,예산·보장 재검토
48,남성,4000,1,기혼,2,비흡연,없음,없음,가족 생활비,없음,12,예산·보장 재검토
48,남성,4000,1,기혼,2,비흡연,없음,없음,가족 생활비,암·건강,12,수호천사 암/건강보험
48,남성,4000,1,기혼,2,흡연,당뇨,없음,유병자 보장,암·건강,12,수호천사 간편심사(유병자)보험
48,남성,4000,1,미혼,0,비흡연,없음,없음,암·건강,없음,10,수호천사 암/건강보험
48,남성,4000,2,기혼,0,비흡연,고혈압,심혈관,유병자 보장,노후 자금,10,수호천사 간편심사(유병자)보험
48,남성,4000,2,기혼,0,비흡연,없음,암,암·건강,노후 자금,10,수호천사 암/건강보험
48,남성,4000,2,기혼,0,흡연,없음,없음,암·건강,없음,8,수호천사 암/건강보험
48,남성,4000,2,기혼,1,흡연,없음,심혈관,노후 자금,없음,8,수호천사 암/건강보험
48,남성,4000,3,기혼,2,비흡연,없음,암,가족 생활비,암·건강,8,수호천사 암/건강보험
48,남성,4000,3,기혼,2,비흡연,없음,없음,가족 생활비,유병자 보장,8,예산·보장 재검토
48,남성,4000,3,미혼,0,흡연,고혈압,없음,노후 자금,암·건강,10,수호천사 암/건강보험
48,남성,4000,3,미혼,0,흡연,없음,없음,노후 자금,암·건강,10,수호천사 암/건강보험
48,남성,5000,1,기혼,1,비흡연,고혈압,심혈관,유병자 보장,가족 생활비,6,예산·보장 재검토
48,남성,5000,1,기혼,1,비흡연,없음,심혈관,가족 생활비,유병자 보장,8,예산·보장 재검토
48,남성,5000,1,기혼,1,비흡연,없음,없음,가족 생활비,없음,8,예산·보장 재검토
48,남성,5000,1,기혼,1,흡연,당뇨,암,유병자 보장,가족 생활비,12,수호천사 간편심사(유병자)보험
48,남성,5000,1,기혼,1,흡연,없음,심혈관,암·건강,가족 생활비,8,수호천사 암/건강보험
48,남성,5000,1,기혼,2,비흡연,없음,없음,암·건강,유병자 보장,6,예산·보장 재검토
48,남성,5000,2,기혼,1,비흡연,없음,암,가족 생활비,없음,6,예산·보장 재검토
48,남성,5000,2,기혼,2,비흡연,없음,암,가족 생활비,유병자 보장,10,수호천사 간편심사(유병자)보험
48,남성,5000,2,기혼,2,비흡연,없음,없음,가족 생활비,없음,6,예산·보장 재검토
48,남성,6000,1,기혼,1,비흡연,고혈압,심혈관,유병자 보장,노후 자금,10,수호천사 간편심사(유병자)보험
48,남성,6000,1,기혼,1,비흡연,없음,암,암·건강,가족 생활비,12,수호천사 암/건강보험
48,남성,6000,1,기혼,1,흡연,없음,암,가족 생활비,암·건강,20,수호천사 우리가족 종신보험
48,남성,6000,1,기혼,2,흡연,없음,심혈관,가족 생활비,없음,12,수호천사 암/건강보험
48,남성,6000,3,기혼,2,비흡연,당뇨,없음,노후 자금,유병자 보장,6,예산·보장 재검토
48,남성,7500,1,기혼,1,비흡연,고혈압,암,가족 생활비,없음,10,수호천사 간편심사(유병자)보험
48,남성,7500,1,기혼,1,비흡연,고혈압,없음,노후 자금,없음,15,수호천사 행복 연금보험
48,남성,7500,1,기혼,1,비흡연,당뇨,암,가족 생활비,없음,8,예산·보장 재검토
48,남성,7500,1,기혼,1,흡연,고혈압,암,노후 자금,없음,20,수호천사 행복 연금보험
48,남성,7500,1,기혼,2,흡연,없음,암,가족 생활비,없음,12,수호천사 암/건강보험
48,남성,7500,1,기혼,2,흡연,없음,암,암·건강,없음,6,예산·보장 재검토
48,남성,7500,1,미혼,0,흡연,없음,없음,암·건강,노후 자금,8,수호천사 암/건강보험
48,남성,7500,3,기혼,1,비흡연,없음,없음,가족 생활비,노후 자금,20,수호천사 우리가족 종신보험
48,남성,9000,1,미혼,0,비흡연,고혈압,심혈관,암·건강,가족 생활비,20,수호천사 암/건강보험
48,남성,9000,2,기혼,0,비흡연,고혈압,심혈관,암·건강,없음,20,수호천사 암/건강보험
48,남성,12000,1,기혼,1,비흡연,없음,없음,노후 자금,가족 생활비,8,예산·보장 재검토
48,남성,12000,1,기혼,2,흡연,없음,없음,유병자 보장,없음,15,수호천사 간편심사(유병자)보험
48,여성,3000,1,기혼,0,비흡연,당뇨,없음,노후 자금,유병자 보장,8,예산·보장 재검토
48,여성,3000,1,기혼,1,비흡연,없음,암,가족 생활비,없음,8,예산·보장 재검토
48,여성,3000,1,기혼,1,비흡연,없음,없음,가족 생활비,암·건강,12,수호천사 암/건강보험
48,여성,3000,1,기혼,1,비흡연,없음,없음,가족 생활비,없음,20,수호천사 우리가족 종신보험
48,여성,3000,1,기혼,1,비흡연,없음,없음,가족 생활비,노후 자금,8,예산·보장 재검토
48,여성,3000,1,기혼,1,흡연,없음,없음,가족 생활비,없음,10,예산·보장 재검토
48,여성,3000,1,기혼,2,비흡연,없음,암,암·건강,노후 자금,6,예산·보장 재검토
48,여성,3000,1,기혼,2,비흡연,없음,없음,노후 자금,없음,8,예산·보장 재검토
48,여성,3000,1,기혼,2,비흡연,없음,없음,가족 생활비,없음,6,예산·보장 재검토
48,여성,3000,1,기혼,2,흡연,고혈압,없음,유병자 보장,없음,15,수호천사 간편심사(유병자)보험
48,여성,3000,1,미혼,0,비흡연,당뇨,없음,유병자 보장,없음,6,예산·보장 재검토
48,여성,3000,2,기혼,1,비흡연,당뇨,없음,가족 생활비,없음,12,수호천사 간편심사(유병자)보험
48,여성,3000,2,기혼,1,비흡연,없음,암,가족 생활비,없음,8,예산·보장 재검토
48,여성,3000,2,기혼,2,흡연,없음,암,가족 생활비,없음,10,수호천사 암/건강보험
48,여성,4000,1,기혼,0,비흡연,고혈압,없음,유병자 보장,없음,8,예산·보장 재검토
48,여성,4000,1,기혼,0,비흡연,당뇨,없음,유병자 보장,없음,8,예산·보장 재검토
48,여성,4000,1,기혼,0,흡연,당뇨,없음,유병자 보장,없음,10,수호천사 간편심사(유병자)보험
48,여성,4000,1,기혼,1,비흡연,고혈압,없음,유병자 보장,노후 자금,10,수호천사 간편심사(유병자)보험
48,여성,4000,1,기혼,1,비흡연,없음,심혈관,암·건강,유병자 보장,20,수호천사 암/건강보험
48,여성,4000,1,기혼,1,비흡연,없음,심혈관,암·건강,유병자 보장,8,수호천사 암/건강보험
48,여성,4000,1,기혼,1,비흡연,없음,암,암·건강,유병자 보장,10,수호천사 암/건강보험
48,여성,4000,1,기혼,1,비흡연,없음,없음,가족 생활비,없음,20,수호천사 우리가족 종신보험
48,여성,4000,1,기혼,1,비흡연,없음,없음,유병자 보장,암·건강,8,수호천사 암/건강보험
48,여성,4000,1,기혼,2,비흡연,없음,없음,유병자 보장,암·건강,15,수호천사 간편심사(유병자)보험
48,여성,4000,1,미혼,0,비흡연,없음,없음,가족 생활비,유병자 보장,20,수호천사 우리가족 종신보험
48,여성,4000,2,기혼,1,비흡연,없음,없음,암·건강,없음,15,수호천사 암/건강보험
48,여성,4000,2,기혼,1,비흡연,없음,없음,가족 생활비,없음,10,예산·보장 재검토
48,여성,4000,2,기혼,1,흡연,없음,암,노후 자금,없음,12,수호천사 행복 연금보험
48,여성,4000,3,기혼,1,비흡연,없음,심혈관,유병자 보장,없음,10,수호천사 간편심사(유병자)보험
48,여성,4000,3,기혼,2,비흡연,없음,없음,노후 자금,가족 생활비,10,예산·보장 재검토
48,여성,5000,1,기혼,0,비흡연,고혈압,없음,암·건강,없음,20,수호천사 암/건강보험
48,여성,5000,1,기혼,0,비흡연,없음,암,암·건강,없음,8,수호천사 암/건강보험
48,여성,5000,1,기혼,0,비흡연,없음,없음,가족 생활비,없음,12,예산·보장 재검토
48,여성,5000,1,기혼,1,비흡연,없음,심혈관,가족 생활비,없음,10,예산·보장 재검토
48,여성,5000,1,기혼,1,비흡연,없음,없음,가족 생활비,암·건강,6,예산·보장 재검토
48,여성,5000,1,기혼,1,흡연,없음,심혈관,암·건강,없음,12,수호천사 암/건강보험
48,여성,5000,1,기혼,2,비흡연,고혈압,심혈관,가족 생활비,없음,12,수호천사 간편심사(유병자)보험
48,여성,5000,1,기혼,2,비흡연,없음,암,유병자 보장,없음,10,수호천사 간편심사(유병자)보험
48,여성,5000,1,기혼,2,비흡연,없음,암,암·건강,유병자 보장,15,수호천사 암/건강보험
48,여성,5000,1,기혼,2,비흡연,없음,없음,유병자 보장,가족 생활비,8,예산·보장 재검토
48,여성,5000,1,미혼,0,비흡연,고혈압,없음,노후 자금,없음,20,수호천사 행복 연금보험
48,여성,5000,3,기혼,0,비흡연,없음,암,암·건강,가족 생활비,12,수호천사 암/건강보험
48,여성,5000,3,미혼,0,비흡연,없음,없음,노후 자금,가족 생활비,15,수호천사 행복 연금보험
48,여성,5000,3,미혼,0,비흡연,없음,없음,가족 생활비,없음,8,예산·보장 재검토
48,여성,6000,1,기혼,1,비흡연,고혈압,없음,가족 생활비,없음,10,수호천사 간편심사(유병자)보험
48,여성,6000,1,기혼,1,비흡연,당뇨,암,가족 생활비,노후 자금,20,수호천사 우리가족 종신보험
48,여성,6000,1,기혼,1,비흡연,없음,없음,노후 자금,없음,6,예산·보장 재검토
48,여성,6000,1,기혼,2,비흡연,없음,심혈관,암·건강,없음,10,수호천사 암/건강보험
48,여성,6000,1,기혼,2,비흡연,없음,없음,암·건강,노후 자금,15,수호천사 암/건강보험
48,여성,6000,2,기혼,0,비흡연,없음,없음,가족 생활비,없음,15,수호천사 우리가족 종신보험
48,여성,6000,3,기혼,1,흡연,없음,없음,가족 생활비,없음,15,수호천사 우리가족 종신보험
48,여성,7500,1,기혼,0,비흡연,없음,암,암·건강,없음,15,수호천사 암/건강보험
48,여성,7500,1,기혼,1,비흡연,고혈압,암,암·건강,없음,20,수호천사 암/건강보험
48,여성,7500,1,기혼,1,비흡연,없음,암,암·건강,없음,10,수호천사 암/건강보험
48,여성,7500,1,기혼,1,흡연,고혈압,없음,암·건강,유병자 보장,12,수호천사 암/건강보험
48,여성,7500,1,기혼,2,비흡연,고혈압,암,암·건강,가족 생활비,20,수호천사 암/건강보험
48,여성,7500,1,기혼,2,흡연,당뇨,암,가족 생활비,노후 자금,15,수호천사 우리가족 종신보험
48,여성,7500,1,미혼,0,비흡연,없음,없음,유병자 보장,암·건강,6,예산·보장 재검토
48,여성,7500,3,기혼,0,비흡연,없음,심혈관,노후 자금,없음,10,예산·보장 재검토
48,여성,7500,3,기혼,0,흡연,없음,없음,노후 자금,없음,12,수호천사 행복 연금보험
48,여성,9000,1,기혼,1,흡연,고혈압,없음,유병자 보장,암·건강,15,수호천사 간편심사(유병자)보험
48,여성,12000,1,기혼,0,비흡연,없음,암,가족 생활비,없음,12,예산·보장 재검토
48,여성,12000,1,기혼,1,비흡연,고혈압,없음,가족 생활비,없음,15,수호천사 우리가족 종신보험
48,여성,12000,1,기혼,2,비흡연,없음,없음,가족 생활비,없음,20,수호천사 우리가족 종신보험
48,여성,12000,2,기혼,2,비흡연,당뇨,암,암·건강,없음,8,수호천사 암/건강보험
49,남성,3000,1,기혼,0,비흡연,당뇨,없음,유병자 보장,없음,10,수호천사 간편심사(유병자)보험
49,남성,3000,1,기혼,0,비흡연,없음,없음,암·건강,없음,10,수호천사 암/건강보험
49,남성,3000,1,기혼,1,비흡연,고혈압,암,가족 생활비,없음,8,예산·보장 재검토
49,남성,3000,1,기혼,1,비흡연,고혈압,없음,노후 자금,가족 생활비,10,수호천사 간편심사(유병자)보험
49,남성,3000,1,기혼,1,비흡연,고혈압,없음,가족 생활비,없음,10,수호천사 간편심사(유병자)보험
49,남성,3000,1,기혼,1,비흡연,없음,암,가족 생활비,없음,15,수호천사 우리가족 종신보험
49,남성,3000,1,기혼,1,비흡연,없음,없음,노후 자금,없음,10,예산·보장 재검토
49,남성,3000,1,기혼,1,흡연,없음,없음,가족 생활비,없음,6,예산·보장 재검토
49,남성,3000,1,기혼,2,비흡연,고혈압,암,암·건강,유병자 보장,10,수호천사 암/건강보험
49,남성,3000,1,기혼,2,비흡연,없음,암,가족 생활비,없음,15,수호천사 우리가족 종신보험
49,남성,3000,1,기혼,2,흡연,없음,없음,가족 생활비,없음,10,예산·보장 재검토
49,남성,3000,2,기혼,0,비흡연,없음,심혈관,암·건강,없음,8,수호천사 암/건강보험
49,남성,3000,2,기혼,0,흡연,고혈압,없음,유병자 보장,없음,20,수호천사 간편심사(유병자)보험
49,남성,4000,1,기혼,0,비흡연,없음,없음,노후 자금,없음,6,예산·보장 재검토
49,남성,4000,1,기혼,0,비흡연,없음,없음,유병자 보장,없음,8,예산·보장 재검토
49,남성,4000,1,기혼,1,비흡연,고혈압,심혈관,유병자 보장,가족 생활비,8,예산·보장 재검토
49,남성,4000,1,기혼,1,비흡연,고혈압,없음,유병자 보장,없음,12,수호천사 간편심사(유병자)보험
49,남성,4000,1,기혼,1,비흡연,없음,암,암·건강,가족 생활비,15,수호천사 암/건강보험
49,남성,4000,1,기혼,1,비흡연,없음,암,암·건강,가족 생활비,6,예산·보장 재검토
49,남성,4000,1,기혼,1,흡연,고혈압,없음,가족 생활비,없음,15,수호천사 우리가족 종신보험
49,남성,4000,1,기혼,1,흡연,없음,없음,노후 자금,유병자 보장,12,수호천사 행복 연금보험
49,남성,4000,1,기혼,2,비흡연,당뇨,암,암·건강,없음,20,수호천사 암/건강보험
49,남성,4000,1,기혼,2,비흡연,없음,없음,가족 생활비,없음,20,수호천사 우리가족 종신보험
49,남성,4000,1,기혼,2,비흡연,없음,없음,유병자 보장,암·건강,12,수호천사 간편심사(유병자)보험
49,남성,4000,1,미혼,0,비흡연,고혈압,암,암·건강,없음,6,예산·보장 재검토
49,남성,4000,1,미혼,0,비흡연,없음,없음,가족 생활비,유병자 보장,8,예산·보장 재검토
49,남성,4000,2,기혼,0,비흡연,없음,없음,가족 생활비,암·건강,20,수호천사 우리가족 종신보험
49,남성,4000,2,기혼,1,비흡연,고혈압,없음,가족 생활비,없음,10,수호천사 간편심사(유병자)보험
49,남성,4000,2,기혼,1,비흡연,당뇨,암,유병자 보장,없음,10,수호천사 간편심사(유병자)보험
49,남성,4000,2,기혼,1,비흡연,당뇨,없음,가족 생활비,없음,20,수호천사 우리가족 종신보험
49,남성,4000,2,기혼,2,비흡연,없음,없음,암·건강,없음,15,수호천사 암/건강보험
49,남성,4000,3,기혼,1,비흡연,고혈압,심혈관,암·건강,없음,12,수호천사 암/건강보험
49,남성,5000,1,기혼,0,흡연,당뇨,심혈관,노후 자금,없음,15,수호천사 행복 연금보험
49,남성,5000,1,기혼,1,비흡연,고혈압,없음,가족 생활비,없음,6,예산·보장 재검토
49,남성,5000,1,기혼,1,비흡연,없음,없음,노후 자금,암·건강,12,수호천사 행복 연금보험
49,남성,5000,1,기혼,1,비흡연,없음,없음,노후 자금,암·건강,20,수호천사 행복 연금보험
49,남성,5000,1,기혼,1,흡연,없음,없음,가족 생활비,없음,6,예산·보장 재검토
49,남성,5000,1,미혼,0,비흡연,없음,없음,노후 자금,없음,8,예산·보장 재검토
49,남성,5000,2,기혼,1,비흡연,없음,없음,가족 생활비,암·건강,12,수호천사 암/건강보험
49,남성,5000,3,기혼,1,흡연,없음,암,암·건강,없음,10,수호천사 암/건강보험
49,남성,5000,3,기혼,2,비흡연,없음,심혈관,암·건강,노후 자금,6,예산·보장 재검토
49,남성,5000,3,기혼,2,흡연,없음,암,암·건강,가족 생활비,8,수호천사 암/건강보험
49,남성,6000,1,기혼,1,비흡연,고혈압,없음,암·건강,유병자 보장,8,수호천사 암/건강보험
49,남성,6000,1,기혼,1,비흡연,당뇨,암,유병자 보장,없음,8,예산·보장 재검토
49,남성,6000,1,기혼,1,비흡연,당뇨,없음,가족 생활비,없음,15,수호천사 우리가족 종신보험
49,남성,6000,1,기혼,1,비흡연,없음,심혈관,가족 생활비,유병자 보장,12,수호천사 간편심사(유병자)보험
49,남성,6000,1,기혼,1,흡연,없음,심혈관,가족 생활비,유병자 보장,15,수호천사 우리가족 종신보험
49,남성,6000,1,기혼,1,흡연,없음,암,암·건강,없음,6,예산·보장 재검토
49,남성,6000,1,미혼,0,흡연,고혈압,암,유병자 보장,없음,10,수호천사 간편심사(유병자)보험
49,남성,6000,2,기혼,1,흡연,없음,없음,가족 생활비,없음,8,예산·보장 재검토
49,남성,6000,3,기혼,0,비흡연,없음,암,암·건강,없음,15,수호천사 암/건강보험
49,남성,6000,3,기혼,1,흡연,고혈압,심혈관,유병자 보장,없음,20,수호천사 간편심사(유병자)보험
49,남성,7500,1,기혼,1,비흡연,고혈압,없음,유병자 보장,암·건강,10,수호천사 간편심사(유병자)보험
49,남성,7500,1,기혼,1,비흡연,당뇨,심혈관,유병자 보장,노후 자금,20,수호천사 간편심사(유병자)보험
49,남성,7500,1,기혼,1,비흡연,없음,암,가족 생활비,노후 자금,6,예산·보장 재검토
49,남성,7500,1,기혼,1,흡연,고혈압,없음,가족 생활비,없음,8,예산·보장 재검토
49,남성,7500,1,기혼,1,흡연,없음,심혈관,가족 생활비,노후 자금,15,수호천사 우리가족 종신보험
49,남성,7500,1,기혼,1,흡연,없음,암,암·건강,없음,10,수호천사 암/건강보험
49,남성,7500,1,기혼,2,흡연,없음,암,가족 생활비,없음,20,수호천사 우리가족 종신보험
49,남성,7500,2,미혼,0,비흡연,없음,없음,가족 생활비,없음,8,예산·보장 재검토
49,남성,7500,3,기혼,1,비흡연,고혈압,심혈관,암·건강,없음,15,수호천사 암/건강보험
49,남성,9000,1,기혼,1,비흡연,없음,없음,가족 생활비,암·건강,8,수호천사 암/건강보험
49,남성,9000,1,기혼,2,비흡연,없음,없음,가족 생활비,유병자 보장,8,예산·보장 재검토
49,남성,9000,2,기혼,1,비흡연,당뇨,없음,유병자 보장,암·건강,10,수호천사 간편심사(유병자)보험
49,남성,12000,1,기혼,2,비흡연,없음,암,암·건강,없음,20,수호천사 암/건강보험
49,여성,3000,1,기혼,0,비흡연,없음,없음,가족 생활비,유병자 보장,10,수호천사 간편심사(유병자)보험
49,여성,3000,1,기혼,1,비흡연,고혈압,없음,암·건강,없음,10,수호천사 암/건강보험
49,여성,3000,1,기혼,2,흡연,없음,없음,유병자 보장,없음,6,예산·보장 재검토
49,여성,3000,1,미혼,0,비흡연,없음,심혈관,암·건강,없음,6,예산·보장 재검토
49,여성,3000,2,기혼,1,비흡연,고혈압,없음,노후 자금,암·건강,6,예산·보장 재검토
49,여성,3000,2,기혼,1,비흡연,없음,없음,유병자 보장,가족 생활비,15,수호천사 간편심사(유병자)보험
49,여성,3000,3,기혼,0,비흡연,없음,암,암·건강,가족 생활비,8,수호천사 암/건강보험
49,여성,4000,1,기혼,0,흡연,없음,암,암·건강,유병자 보장,8,수호천사 암/건강보험
49,여성,4000,1,기혼,1,비흡연,고혈압,심혈관,가족 생활비,암·건강,10,수호천사 암/건강보험
49,여성,4000,1,기혼,1,비흡연,없음,암,가족 생활비,없음,10,예산·보장 재검토
49,여성,4000,1,기혼,1,비흡연,없음,없음,노후 자금,없음,8,예산·보장 재검토
49,여성,4000,1,기혼,2,비흡연,없음,암,암·건강,유병자 보장,6,예산·보장 재검토
49,여성,4000,1,미혼,0,비흡연,없음,없음,암·건강,없음,10,수호천사 암/건강보험
49,여성,4000,3,기혼,1,비흡연,고혈압,없음,가족 생활비,노후 자금,12,수호천사 간편심사(유병자)보험
49,여성,4000,3,기혼,2,비흡연,당뇨,암,유병자 보장,없음,8,예산·보장 재검토
49,여성,5000,1,기혼,0,비흡연,고혈압,없음,가족 생활비,없음,12,수호천사 간편심사(유병자)보험
49,여성,5000,1,기혼,0,비흡연,없음,암,노후 자금,유병자 보장,6,예산·보장 재검토
49,여성,5000,1,기혼,1,비흡연,없음,없음,가족 생활비,암·건강,20,수호천사 우리가족 종신보험
49,여성,5000,1,기혼,1,흡연,없음,심혈관,노후 자금,없음,20,수호천사 행복 연금보험
49,여성,5000,1,기혼,2,비흡연,없음,심혈관,가족 생활비,없음,6,예산·보장 재검토
49,여성,5000,1,미혼,0,비흡연,고혈압,없음,유병자 보장,없음,10,수호천사 간편심사(유병자)보험
49,여성,5000,1,미혼,0,흡연,없음,심혈관,암·건강,가족 생활비,10,수호천사 암/건강보험
49,여성,5000,2,기혼,1,흡연,없음,없음,암·건강,없음,15,수호천사 암/건강보험
49,여성,5000,2,기혼,2,비흡연,당뇨,없음,가족 생활비,암·건강,10,수호천사 암/건강보험
49,여성,5000,3,기혼,0,흡연,없음,없음,암·건강,없음,12,수호천사 암/건강보험
49,여성,5000,3,기혼,1,비흡연,없음,암,암·건강,없음,8,수호천사 암/건강보험
49,여성,6000,1,기혼,0,비흡연,없음,암,유병자 보장,없음,6,예산·보장 재검토
49,여성,6000,1,기혼,1,비흡연,고혈압,암,암·건강,노후 자금,12,수호천사 암/건강보험
49,여성,6000,1,기혼,1,비흡연,고혈압,암,암·건강,노후 자금,12,수호천사 암/건강보험
49,여성,6000,1,기혼,1,비흡연,당뇨,심혈관,가족 생활비,없음,15,수호천사 우리가족 종신보험
49,여성,6000,1,기혼,1,비흡연,당뇨,암,암·건강,없음,15,수호천사 암/건강보험
49,여성,6000,1,기혼,1,비흡연,없음,심혈관,가족 생활비,없음,12,예산·보장 재검토
49,여성,6000,1,기혼,1,비흡연,없음,없음,가족 생활비,유병자 보장,10,수호천사 간편심사(유병자)보험
49,여성,6000,1,기혼,1,비흡연,없음,없음,유병자 보장,노후 자금,20,수호천사 간편심사(유병자)보험
49,여성,6000,1,기혼,1,흡연,없음,없음,유병자 보장,가족 생활비,15,수호천사 간편심사(유병자)보험
49,여성,6000,1,기혼,2,비흡연,고혈압,없음,가족 생활비,유병자 보장,15,수호천사 우리가족 종신보험
49,여성,6000,1,미혼,0,비흡연,고혈압,암,노후 자금,없음,20,수호천사 행복 연금보험
49,여성,6000,2,기혼,2,비흡연,당뇨,없음,유병자 보장,없음,10,수호천사 간편심사(유병자)보험
49,여성,6000,3,기혼,2,비흡연,없음,암,노후 자금,가족 생활비,12,수호천사 행복 연금보험
49,여성,7500,1,기혼,0,비흡연,고혈압,암,유병자 보장,가족 생활비,15,수호천사 간편심사(유병자)보험
49,여성,7500,1,미혼,0,흡연,없음,없음,가족 생활비,없음,8,예산·보장 재검토
49,여성,7500,2,기혼,1,비흡연,없음,없음,가족 생활비,유병자 보장,12,수호천사 간편심사(유병자)보험
49,여성,9000,1,기혼,1,비흡연,당뇨,없음,가족 생활비,암·건강,10,수호천사 암/건강보험
49,여성,9000,1,기혼,1,비흡연,없음,없음,가족 생활비,없음,10,예산·보장 재검토
49,여성,9000,1,기혼,1,비흡연,없음,없음,가족 생활비,없음,8,예산·보장 재검토
49,여성,12000,1,기혼,2,비흡연,없음,없음,가족 생활비,없음,15,수호천사 우리가족 종신보험
50,남성,3000,1,기혼,1,비흡연,고혈압,없음,유병자 보장,암·건강,12,수호천사 간편심사(유병자)보험
50,남성,3000,1,기혼,2,비흡연,없음,없음,암·건강,없음,10,수호천사 암/건강보험
50,남성,3000,1,미혼,0,비흡연,없음,암,노후 자금,없음,6,예산·보장 재검토
50,남성,3000,1,미혼,0,흡연,없음,심혈관,암·건강,유병자 보장,10,수호천사 암/건강보험
50,남성,3000,3,기혼,0,비흡연,없음,암,암·건강,없음,6,예산·보장 재검토
50,남성,3000,3,기혼,1,비흡연,없음,없음,암·건강,유병자 보장,8,수호천사 암/건강보험
50,남성,4000,1,기혼,0,비흡연,고혈압,없음,유병자 보장,없음,8,예산·보장 재검토
50,남성,4000,1,기혼,1,비흡연,당뇨,암,가족 생활비,없음,15,수호천사 우리가족 종신보험
50,남성,4000,1,기혼,1,비흡연,없음,암,가족 생활비,암·건강,8,수호천사 암/건강보험
50,남성,4000,1,기혼,1,비흡연,없음,없음,가족 생활비,없음,10,예산·보장 재검토
50,남성,4000,1,기혼,1,비흡연,없음,없음,암·건강,노후 자금,15,수호천사 암/건강보험
50,남성,4000,1,기혼,1,흡연,고혈압,없음,가족 생활비,없음,8,예산·보장 재검토
50,남성,4000,1,기혼,1,흡연,고혈압,없음,유병자 보장,노후 자금,15,수호천사 간편심사(유병자)보험
50,남성,4000,1,기혼,1,흡연,없음,없음,노후 자금,없음,6,예산·보장 재검토
50,남성,4000,1,미혼,0,비흡연,없음,암,가족 생활비,없음,8,예산·보장 재검토
50,남성,4000,2,기혼,0,비흡연,당뇨,없음,유병자 보장,가족 생활비,6,예산·보장 재검토
50,남성,4000,2,기혼,2,비흡연,없음,없음,가족 생활비,노후 자금,10,예산·보장 재검토
50,남성,4000,2,미혼,0,흡연,없음,없음,노후 자금,유병자 보장,20,수호천사 행복 연금보험
50,남성,5000,1,기혼,0,비흡연,없음,없음,노후 자금,없음,12,수호천사 행복 연금보험
50,남성,5000,1,기혼,1,비흡연,없음,심혈관,가족 생활비,없음,12,예산·보장 재검토
50,남성,5000,1,기혼,1,흡연,없음,암,가족 생활비,없음,8,예산·보장 재검토
50,남성,5000,1,기혼,2,비흡연,없음,없음,암·건강,노후 자금,20,수호천사 암/건강보험
50,남성,5000,2,미혼,0,비흡연,없음,심혈관,노후 자금,가족 생활비,10,예산·보장 재검토
50,남성,5000,2,미혼,0,비흡연,없음,심혈관,암·건강,노후 자금,8,수호천사 암/건강보험
50,남성,5000,2,미혼,0,비흡연,없음,없음,유병자 보장,암·건강,20,수호천사 간편심사(유병자)보험
50,남성,6000,1,기혼,0,비흡연,없음,없음,노후 자금,없음,10,예산·보장 재검토
50,남성,6000,1,기혼,1,비흡연,당뇨,없음,가족 생활비,없음,10,예산·보장 재검토
50,남성,6000,1,기혼,1,비흡연,없음,암,암·건강,없음,6,예산·보장 재검토
50,남성,6000,1,기혼,1,비흡연,없음,없음,암·건강,없음,6,예산·보장 재검토
50,남성,6000,1,기혼,1,흡연,없음,심혈관,암·건강,없음,15,수호천사 암/건강보험
50,남성,6000,1,기혼,2,비흡연,고혈압,없음,가족 생활비,없음,10,예산·보장 재검토
50,남성,7500,1,기혼,1,비흡연,고혈압,암,암·건강,없음,20,수호천사 암/건강보험
50,남성,7500,1,기혼,2,비흡연,고혈압,없음,노후 자금,없음,6,예산·보장 재검토
50,남성,7500,1,기혼,2,흡연,고혈압,없음,노후 자금,없음,12,수호천사 행복 연금보험
50,남성,9000,2,기혼,1,비흡연,없음,없음,가족 생활비,노후 자금,15,수호천사 우리가족 종신보험
50,남성,12000,1,기혼,0,비흡연,없음,심혈관,가족 생활비,노후 자금,12,수호천사 행복 연금보험
50,남성,12000,1,기혼,0,흡연,고혈압,없음,유병자 보장,암·건강,12,수호천사 간편심사(유병자)보험
50,남성,12000,1,기혼,1,비흡연,없음,심혈관,암·건강,노후 자금,12,수호천사 암/건강보험
50,남성,12000,2,기혼,1,흡연,없음,암,노후 자금,가족 생활비,15,수호천사 행복 연금보험
50,여성,3000,1,기혼,0,비흡연,고혈압,없음,암·건강,없음,15,수호천사 암/건강보험
50,여성,3000,1,기혼,1,비흡연,없음,심혈관,암·건강,없음,8,수호천사 암/건강보험
50,여성,3000,1,기혼,2,비흡연,없음,암,유병자 보장,없음,10,수호천사 간편심사(유병자)보험
50,여성,3000,1,기혼,2,비흡연,없음,없음,암·건강,없음,10,수호천사 암/건강보험
50,여성,3000,2,기혼,1,비흡연,당뇨,심혈관,유병자 보장,없음,8,예산·보장 재검토
50,여성,3000,2,기혼,1,비흡연,당뇨,없음,가족 생활비,없음,6,예산·보장 재검토
50,여성,3000,2,기혼,1,비흡연,없음,없음,노후 자금,없음,20,수호천사 행복 연금보험
50,여성,3000,2,미혼,0,비흡연,없음,없음,노후 자금,유병자 보장,6,예산·보장 재검토
50,여성,3000,3,기혼,0,비흡연,없음,없음,노후 자금,없음,8,예산·보장 재검토
50,여성,3000,3,미혼,0,비흡연,고혈압,없음,유병자 보장,가족 생활비,10,예산·보장 재검토
50,여성,4000,1,기혼,1,비흡연,고혈압,없음,노후 자금,없음,6,예산·보장 재검토
50,여성,4000,1,기혼,1,비흡연,없음,심혈관,가족 생활비,암·건강,6,예산·보장 재검토
50,여성,4000,1,기혼,1,흡연,당뇨,암,유병자 보장,없음,6,예산·보장 재검토
50,여성,4000,1,기혼,2,비흡연,고혈압,심혈관,노후 자금,없음,6,예산·보장 재검토
50,여성,4000,1,기혼,2,비흡연,당뇨,없음,유병자 보장,노후 자금,8,예산·보장 재검토
50,여성,4000,1,미혼,0,비흡연,없음,암,암·건강,없음,15,수호천사 암/건강보험
50,여성,4000,2,기혼,1,비흡연,없음,없음,가족 생활비,없음,8,예산·보장 재검토
50,여성,4000,2,기혼,1,비흡연,없음,없음,가족 생활비,유병자 보장,8,예산·보장 재검토
50,여성,4000,3,기혼,0,비흡연,없음,없음,가족 생활비,없음,10,예산·보장 재검토
50,여성,4000,3,기혼,1,비흡연,없음,없음,가족 생활비,없음,8,예산·보장 재검토
50,여성,4000,3,기혼,2,비흡연,없음,없음,노후 자금,없음,8,예산·보장 재검토
50,여성,5000,1,기혼,1,비흡연,없음,없음,가족 생활비,유병자 보장,8,예산·보장 재검토
50,여성,5000,1,기혼,2,비흡연,없음,없음,가족 생활비,없음,8,예산·보장 재검토
50,여성,5000,1,기혼,2,비흡연,없음,없음,가족 생활비,노후 자금,8,예산·보장 재검토
50,여성,5000,3,미혼,0,흡연,없음,없음,노후 자금,없음,6,예산·보장 재검토
50,여성,6000,1,기혼,0,비흡연,고혈압,없음,유병자 보장,없음,15,수호천사 간편심사(유병자)보험
50,여성,6000,1,기혼,0,비흡연,고혈압,없음,암·건강,없음,20,수호천사 암/건강보험
50,여성,6000,1,기혼,1,비흡연,당뇨,암,가족 생활비,없음,15,수호천사 우리가족 종신보험
50,여성,6000,1,기혼,2,비흡연,없음,없음,노후 자금,없음,6,예산·보장 재검토
50,여성,6000,2,기혼,0,흡연,고혈압,암,노후 자금,없음,15,수호천사 행복 연금보험
50,여성,6000,2,기혼,1,비흡연,없음,없음,가족 생활비,없음,12,예산·보장 재검토
50,여성,6000,2,미혼,0,비흡연,없음,없음,노후 자금,유병자 보장,6,예산·보장 재검토
50,여성,6000,3,기혼,1,흡연,없음,암,가족 생활비,암·건강,20,수호천사 우리가족 종신보험
50,여성,7500,1,기혼,0,흡연,없음,없음,암·건강,없음,15,수호천사 암/건강보험
50,여성,7500,1,기혼,1,비흡연,고혈압,암,암·건강,유병자 보장,6,예산·보장 재검토
50,여성,7500,1,기혼,1,비흡연,당뇨,심혈관,암·건강,없음,20,수호천사 암/건강보험
50,여성,9000,2,기혼,0,비흡연,당뇨,없음,유병자 보장,노후 자금,6,예산·보장 재검토
50,여성,12000,1,기혼,2,비흡연,없음,암,가족 생활비,없음,10,예산·보장 재검토
51,남성,3000,1,기혼,0,비흡연,고혈압,없음,유병자 보장,없음,6,예산·보장 재검토
51,남성,3000,1,기혼,0,비흡연,없음,심혈관,가족 생활비,암·건강,6,예산·보장 재검토
51,남성,3000,1,기혼,1,흡연,없음,없음,가족 생활비,암·건강,20,수호천사 우리가족 종신보험
51,남성,3000,2,기혼,1,비흡연,당뇨,없음,가족 생활비,노후 자금,10,예산·보장 재검토
51,남성,3000,3,기혼,0,비흡연,없음,없음,노후 자금,없음,8,예산·보장 재검토
51,남성,3000,3,기혼,2,흡연,없음,없음,가족 생활비,유병자 보장,12,수호천사 간편심사(유병자)보험
51,남성,4000,1,기혼,0,비흡연,고혈압,없음,유병자 보장,가족 생활비,15,수호천사 간편심사(유병자)보험
51,남성,4000,1,기혼,0,비흡연,없음,없음,노후 자금,없음,20,수호천사 행복 연금보험
51,남성,4000,1,기혼,0,흡연,없음,암,가족 생활비,없음,20,수호천사 우리가족 종신보험
51,남성,4000,1,기혼,0,흡연,없음,암,암·건강,유병자 보장,20,수호천사 암/건강보험
51,남성,4000,1,기혼,1,비흡연,고혈압,없음,유병자 보장,가족 생활비,10,예산·보장 재검토
51,남성,4000,1,기혼,1,비흡연,고혈압,없음,가족 생활비,없음,8,예산·보장 재검토
51,남성,4000,1,기혼,1,비흡연,당뇨,암,가족 생활비,없음,20,수호천사 우리가족 종신보험
51,남성,4000,1,기혼,1,비흡연,당뇨,없음,유병자 보장,없음,6,예산·보장 재검토
51,남성,4000,1,기혼,1,비흡연,없음,심혈관,가족 생활비,없음,6,예산·보장 재검토
51,남성,4000,1,기혼,1,비흡연,없음,심혈관,노후 자금,없음,8,예산·보장 재검토
51,남성,4000,1,기혼,1,비흡연,없음,암,암·건강,없음,8,수호천사 암/건강보험
51,남성,4000,1,기혼,1,흡연,없음,암,노후 자금,유병자 보장,10,수호천사 암/건강보험
51,남성,4000,1,기혼,2,비흡연,당뇨,없음,유병자 보장,없음,20,수호천사 간편심사(유병자)보험
51,남성,4000,1,미혼,0,비흡연,당뇨,없음,유병자 보장,없음,10,예산·보장 재검토
51,남성,4000,1,미혼,0,흡연,없음,없음,가족 생활비,없음,10,예산·보장 재검토
51,남성,4000,2,기혼,0,비흡연,없음,없음,암·건강,없음,8,수호천사 암/건강보험
51,남성,4000,2,기혼,0,비흡연,없음,없음,노후 자금,없음,12,수호천사 행복 연금보험
51,남성,4000,2,기혼,0,비흡연,없음,없음,가족 생활비,유병자 보장,6,예산·보장 재검토
51,남성,4000,2,기혼,1,비흡연,고혈압,암,노후 자금,유병자 보장,6,예산·보장 재검토
51,남성,4000,2,기혼,1,비흡연,없음,없음,가족 생활비,없음,10,예산·보장 재검토
51,남성,5000,1,기혼,0,비흡연,당뇨,심혈관,노후 자금,없음,10,예산·보장 재검토
51,남성,5000,1,기혼,1,비흡연,고혈압,없음,노후 자금,유병자 보장,10,예산·보장 재검토
51,남성,5000,1,기혼,1,비흡연,고혈압,없음,가족 생활비,암·건강,8,수호천사 암/건강보험
51,남성,5000,1,기혼,1,비흡연,고혈압,없음,유병자 보장,없음,6,예산·보장 재검토
51,남성,5000,1,기혼,1,비흡연,당뇨,암,가족 생활비,없음,12,수호천사 간편심사(유병자)보험
51,남성,5000,1,기혼,1,비흡연,없음,심혈관,가족 생활비,없음,10,예산·보장 재검토
51,남성,5000,1,기혼,1,비흡연,없음,암,노후 자금,유병자 보장,10,수호천사 간편심사(유병자)보험
51,남성,5000,1,기혼,1,비흡연,없음,없음,가족 생활비,없음,15,수호천사 우리가족 종신보험
51,남성,5000,1,기혼,2,비흡연,없음,없음,가족 생활비,노후 자금,12,수호천사 행복 연금보험
51,남성,5000,1,기혼,2,흡연,당뇨,없음,유병자 보장,노후 자금,8,예산·보장 재검토
51,남성,5000,1,미혼,0,흡연,없음,없음,노후 자금,유병자 보장,12,수호천사 행복 연금보험
51,남성,5000,2,기혼,0,비흡연,없음,없음,노후 자금,가족 생활비,6,예산·보장 재검토
51,남성,5000,2,기혼,2,비흡연,당뇨,없음,암·건강,유병자 보장,6,예산·보장 재검토
51,남성,5000,2,미혼,0,비흡연,없음,심혈관,노후 자금,유병자 보장,12,수호천사 행복 연금보험
51,남성,6000,1,기혼,0,흡연,고혈압,암,노후 자금,없음,6,예산·보장 재검토
51,남성,6000,1,기혼,1,비흡연,당뇨,암,암·건강,없음,8,수호천사 암/건강보험
51,남성,6000,1,기혼,1,비흡연,당뇨,없음,유병자 보장,없음,15,수호천사 간편심사(유병자)보험
51,남성,6000,1,기혼,1,비흡연,당뇨,없음,가족 생활비,없음,15,수호천사 우리가족 종신보험
51,남성,6000,1,기혼,1,비흡연,없음,심혈관,가족 생활비,없음,20,수호천사 우리가족 종신보험
51,남성,6000,1,기혼,1,비흡연,없음,암,암·건강,유병자 보장,15,수호천사 암/건강보험
51,남성,6000,1,기혼,1,흡연,없음,없음,노후 자금,암·건강,8,예산·보장 재검토
51,남성,6000,1,기혼,2,흡연,없음,암,가족 생활비,없음,12,수호천사 암/건강보험
51,남성,6000,2,기혼,0,비흡연,없음,암,노후 자금,없음,10,예산·보장 재검토
51,남성,7500,1,기혼,1,비흡연,없음,암,노후 자금,암·건강,15,수호천사 행복 연금보험
51,남성,7500,1,기혼,1,흡연,고혈압,심혈관,노후 자금,없음,10,수호천사 암/건강보험
51,남성,7500,1,기혼,1,흡연,없음,없음,가족 생활비,없음,6,예산·보장 재검토
51,남성,7500,2,기혼,1,비흡연,없음,없음,가족 생활비,노후 자금,6,예산·보장 재검토
51,남성,9000,1,기혼,2,흡연,없음,없음,가족 생활비,없음,15,수호천사 우리가족 종신보험
51,남성,9000,2,미혼,0,흡연,고혈압,암,암·건강,없음,6,예산·보장 재검토
51,남성,9000,3,미혼,0,비흡연,고혈압,암,가족 생활비,없음,12,수호천사 간편심사(유병자)보험
51,남성,12000,1,기혼,0,비흡연,고혈압,암,암·건강,없음,20,수호천사 암/건강보험
51,남성,12000,1,기혼,2,비흡연,고혈압,없음,가족 생활비,유병자 보장,15,수호천사 우리가족 종신보험
51,남성,12000,1,미혼,0,흡연,없음,없음,암·건강,없음,10,수호천사 암/건강보험
51,남성,12000,3,기혼,1,흡연,고혈압,없음,유병자 보장,없음,8,예산·보장 재검토
51,여성,3000,1,기혼,0,비흡연,없음,없음,유병자 보장,노후 자금,20,수호천사 간편심사(유병자)보험
51,여성,3000,1,기혼,0,비흡연,없음,없음,노후 자금,가족 생활비,10,예산·보장 재검토
51,여성,3000,1,기혼,1,비흡연,당뇨,없음,노후 자금,없음,8,예산·보장 재검토
51,여성,3000,1,기혼,1,비흡연,없음,암,암·건강,없음,20,수호천사 암/건강보험
51,여성,3000,1,기혼,1,비흡연,없음,없음,노후 자금,없음,6,예산·보장 재검토
51,여성,3000,1,기혼,1,비흡연,없음,없음,노후 자금,없음,8,예산·보장 재검토
51,여성,3000,1,기혼,2,비흡연,고혈압,없음,유병자 보장,암·건강,6,예산·보장 재검토
51,여성,3000,1,기혼,2,비흡연,없음,없음,가족 생활비,없음,6,예산·보장 재검토
51,여성,3000,1,기혼,2,흡연,고혈압,없음,유병자 보장,없음,8,예산·보장 재검토
51,여성,3000,2,기혼,0,비흡연,고혈압,암,암·건강,없음,12,수호천사 암/건강보험
51,여성,3000,2,기혼,2,비흡연,고혈압,없음,가족 생활비,없음,8,예산·보장 재검토
51,여성,3000,2,미혼,0,비흡연,없음,없음,암·건강,없음,12,수호천사 암/건강보험
51,여성,3000,2,미혼,0,비흡연,없음,없음,노후 자금,유병자 보장,15,수호천사 행복 연금보험
51,여성,3000,3,기혼,1,비흡연,고혈압,없음,노후 자금,없음,15,수호천사 행복 연금보험
51,여성,4000,1,기혼,0,비흡연,없음,없음,노후 자금,없음,6,예산·보장 재검토
51,여성,4000,1,기혼,1,비흡연,당뇨,없음,가족 생활비,유병자 보장,12,수호천사 간편심사(유병자)보험
51,여성,4000,1,기혼,1,비흡연,없음,심혈관,가족 생활비,유병자 보장,6,예산·보장 재검토
51,여성,4000,1,기혼,1,비흡연,없음,없음,노후 자금,없음,12,수호천사 행복 연금보험
51,여성,4000,1,기혼,1,비흡연,없음,없음,가족 생활비,암·건강,8,수호천사 암/건강보험
51,여성,4000,1,기혼,2,비흡연,없음,암,암·건강,없음,12,수호천사 암/건강보험
51,여성,4000,1,기혼,2,비흡연,없음,없음,가족 생활비,없음,6,예산·보장 재검토
51,여성,4000,1,미혼,0,비흡연,고혈압,없음,유병자 보장,노후 자금,10,예산·보장 재검토
51,여성,4000,1,미혼,0,비흡연,없음,암,암·건강,없음,6,예산·보장 재검토
51,여성,4000,1,미혼,0,흡연,고혈압,없음,암·건강,없음,6,예산·보장 재검토
51,여성,4000,2,기혼,0,비흡연,당뇨,없음,가족 생활비,없음,10,예산·보장 재검토
51,여성,4000,2,기혼,0,비흡연,없음,없음,유병자 보장,노후 자금,8,예산·보장 재검토
51,여성,4000,2,기혼,1,비흡연,고혈압,암,암·건강,없음,12,수호천사 암/건강보험
51,여성,4000,2,기혼,1,비흡연,없음,없음,암·건강,없음,12,수호천사 암/건강보험
51,여성,4000,2,기혼,2,비흡연,없음,없음,가족 생활비,암·건강,10,수호천사 암/건강보험
51,여성,4000,3,기혼,0,비흡연,당뇨,없음,노후 자금,없음,12,수호천사 행복 연금보험
51,여성,4000,3,기혼,1,흡연,고혈압,없음,유병자 보장,노후 자금,15,수호천사 간편심사(유병자)보험
51,여성,5000,1,기혼,0,비흡연,없음,심혈관,노후 자금,가족 생활비,20,수호천사 행복 연금보험
51,여성,5000,1,기혼,1,비흡연,고혈압,없음,노후 자금,없음,6,예산·보장 재검토
51,여성,5000,1,기혼,1,비흡연,고혈압,없음,유병자 보장,암·건강,10,수호천사 암/건강보험
51,여성,5000,1,기혼,1,비흡연,없음,암,노후 자금,암·건강,12,수호천사 행복 연금보험
51,여성,5000,1,기혼,2,비흡연,고혈압,없음,가족 생활비,노후 자금,8,예산·보장 재검토
51,여성,5000,1,미혼,0,비흡연,고혈압,심혈관,유병자 보장,없음,8,예산·보장 재검토
51,여성,5000,1,미혼,0,비흡연,없음,암,암·건강,없음,8,수호천사 암/건강보험
51,여성,5000,1,미혼,0,비흡연,없음,암,암·건강,없음,10,수호천사 암/건강보험
51,여성,5000,2,기혼,2,흡연,없음,없음,노후 자금,없음,8,예산·보장 재검토
51,여성,5000,3,기혼,1,비흡연,없음,없음,노후 자금,유병자 보장,12,수호천사 행복 연금보험
51,여성,6000,1,기혼,1,비흡연,고혈압,없음,노후 자금,암·건강,12,수호천사 행복 연금보험
51,여성,6000,1,기혼,2,비흡연,고혈압,없음,노후 자금,유병자 보장,12,수호천사 행복 연금보험
51,여성,6000,1,기혼,2,비흡연,없음,심혈관,암·건강,없음,8,수호천사 암/건강보험
51,여성,6000,1,기혼,2,비흡연,없음,암,노후 자금,없음,15,수호천사 행복 연금보험
51,여성,6000,1,기혼,2,비흡연,없음,암,가족 생활비,없음,12,예산·보장 재검토
51,여성,6000,1,기혼,2,비흡연,없음,없음,노후 자금,없음,6,예산·보장 재검토
51,여성,6000,1,기혼,2,비흡연,없음,없음,암·건강,노후 자금,8,수호천사 암/건강보험
51,여성,6000,2,기혼,1,비흡연,없음,없음,가족 생활비,유병자 보장,8,예산·보장 재검토
51,여성,6000,2,기혼,2,흡연,고혈압,심혈관,가족 생활비,노후 자금,20,수호천사 우리가족 종신보험
51,여성,6000,3,기혼,0,비흡연,없음,없음,노후 자금,암·건강,8,수호천사 암/건강보험
51,여성,7500,1,기혼,0,비흡연,당뇨,없음,가족 생활비,없음,6,예산·보장 재검토
51,여성,7500,1,기혼,1,비흡연,고혈압,없음,유병자 보장,암·건강,6,예산·보장 재검토
51,여성,7500,1,기혼,1,비흡연,없음,심혈관,유병자 보장,없음,6,예산·보장 재검토
51,여성,7500,1,기혼,2,비흡연,없음,암,노후 자금,없음,10,예산·보장 재검토
51,여성,7500,1,기혼,2,흡연,고혈압,없음,가족 생활비,없음,15,수호천사 우리가족 종신보험
51,여성,9000,1,기혼,1,흡연,없음,암,가족 생활비,없음,10,수호천사 암/건강보험
51,여성,9000,1,기혼,2,흡연,없음,없음,가족 생활비,없음,20,수호천사 우리가족 종신보험
51,여성,9000,3,기혼,2,비흡연,없음,없음,가족 생활비,암·건강,6,예산·보장 재검토
51,여성,12000,1,기혼,1,비흡연,없음,없음,가족 생활비,없음,10,예산·보장 재검토
52,남성,3000,1,기혼,0,비흡연,없음,암,유병자 보장,가족 생활비,15,수호천사 간편심사(유병자)보험
52,남성,3000,1,기혼,1,비흡연,없음,없음,노후 자금,없음,12,수호천사 행복 연금보험
52,남성,3000,1,기혼,1,흡연,없음,없음,노후 자금,없음,15,수호천사 행복 연금보험
52,남성,3000,1,기혼,2,비흡연,고혈압,심혈관,노후 자금,없음,8,예산·보장 재검토
52,남성,3000,1,기혼,2,비흡연,없음,없음,가족 생활비,없음,10,예산·보장 재검토
52,남성,3000,1,기혼,2,비흡연,없음,없음,가족 생활비,없음,12,예산·보장 재검토
52,남성,3000,1,미혼,0,비흡연,고혈압,암,가족 생활비,없음,6,예산·보장 재검토
52,남성,3000,1,미혼,0,흡연,고혈압,심혈관,노후 자금,없음,15,수호천사 행복 연금보험
52,남성,3000,2,기혼,0,비흡연,당뇨,암,유병자 보장,없음,8,예산·보장 재검토
52,남성,3000,2,기혼,0,흡연,없음,없음,노후 자금,유병자 보장,6,예산·보장 재검토
52,남성,3000,2,기혼,2,비흡연,고혈압,없음,가족 생활비,없음,12,수호천사 간편심사(유병자)보험
52,남성,3000,3,기혼,1,비흡연,고혈압,없음,가족 생활비,노후 자금,12,수호천사 행복 연금보험
52,남성,3000,3,기혼,1,비흡연,없음,없음,노후 자금,유병자 보장,15,수호천사 행복 연금보험
52,남성,3000,3,기혼,1,흡연,없음,암,암·건강,없음,20,수호천사 암/건강보험
52,남성,4000,1,기혼,0,비흡연,당뇨,심혈관,유병자 보장,암·건강,8,수호천사 암/건강보험
52,남성,4000,1,기혼,0,비흡연,없음,없음,노후 자금,없음,10,예산·보장 재검토
52,남성,4000,1,기혼,0,비흡연,없음,없음,암·건강,유병자 보장,20,수호천사 암/건강보험
52,남성,4000,1,기혼,0,흡연,고혈압,심혈관,노후 자금,없음,8,예산·보장 재검토
52,남성,4000,1,기혼,1,비흡연,고혈압,암,가족 생활비,없음,10,예산·보장 재검토
52,남성,4000,1,기혼,1,비흡연,당뇨,심혈관,암·건강,유병자 보장,20,수호천사 암/건강보험
52,남성,4000,1,기혼,1,비흡연,당뇨,없음,노후 자금,없음,6,예산·보장 재검토
52,남성,4000,1,기혼,1,비흡연,없음,심혈관,가족 생활비,없음,20,수호천사 우리가족 종신보험
52,남성,4000,1,기혼,1,비흡연,없음,암,노후 자금,없음,10,예산·보장 재검토
52,남성,4000,1,기혼,1,비흡연,없음,없음,가족 생활비,암·건강,20,수호천사 우리가족 종신보험
52,남성,4000,1,기혼,1,흡연,없음,없음,노후 자금,없음,10,예산·보장 재검토
52,남성,4000,1,기혼,2,비흡연,고혈압,암,유병자 보장,없음,12,수호천사 간편심사(유병자)보험
52,남성,4000,1,기혼,2,흡연,고혈압,없음,가족 생활비,노후 자금,12,수호천사 행복 연금보험
52,남성,4000,1,기혼,2,흡연,없음,없음,암·건강,유병자 보장,6,예산·보장 재검토
52,남성,4000,1,기혼,2,흡연,없음,없음,가족 생활비,노후 자금,10,예산·보장 재검토
52,남성,4000,2,기혼,0,비흡연,없음,심혈관,노후 자금,없음,20,수호천사 행복 연금보험
52,남성,4000,2,기혼,1,비흡연,없음,없음,가족 생활비,없음,20,수호천사 우리가족 종신보험
52,남성,4000,2,기혼,1,비흡연,없음,없음,가족 생활비,없음,20,수호천사 우리가족 종신보험
52,남성,5000,1,기혼,1,비흡연,고혈압,없음,노후 자금,가족 생활비,12,수호천사 행복 연금보험
52,남성,5000,1,기혼,1,비흡연,없음,심혈관,가족 생활비,없음,12,예산·보장 재검토
52,남성,5000,1,기혼,1,비흡연,없음,심혈관,유병자 보장,암·건강,10,수호천사 간편심사(유병자)보험
52,남성,5000,1,기혼,1,비흡연,없음,암,노후 자금,없음,12,수호천사 행복 연금보험
52,남성,5000,1,기혼,2,비흡연,없음,심혈관,가족 생활비,유병자 보장,12,수호천사 간편심사(유병자)보험
52,남성,5000,1,기혼,2,비흡연,없음,암,노후 자금,없음,6,예산·보장 재검토
52,남성,5000,2,기혼,2,비흡연,없음,암,노후 자금,없음,6,예산·보장 재검토
52,남성,5000,3,기혼,1,비흡연,없음,없음,노후 자금,없음,12,수호천사 행복 연금보험
52,남성,6000,1,기혼,0,비흡연,없음,심혈관,노후 자금,없음,8,예산·보장 재검토
52,남성,6000,1,기혼,1,비흡연,없음,암,가족 생활비,노후 자금,8,예산·보장 재검토
52,남성,6000,1,기혼,2,비흡연,고혈압,심혈관,암·건강,없음,8,수호천사 암/건강보험
52,남성,6000,1,기혼,2,비흡연,당뇨,암,가족 생활비,없음,15,수호천사 우리가족 종신보험
52,남성,7500,1,기혼,1,비흡연,고혈압,심혈관,가족 생활비,없음,20,수호천사 우리가족 종신보험
52,남성,7500,1,기혼,1,흡연,고혈압,없음,가족 생활비,암·건강,12,수호천사 암/건강보험
52,남성,7500,1,기혼,2,비흡연,고혈압,암,노후 자금,유병자 보장,20,수호천사 행복 연금보험
52,남성,7500,1,기혼,2,흡연,없음,암,암·건강,없음,20,수호천사 암/건강보험
52,남성,7500,1,기혼,2,흡연,없음,없음,가족 생활비,없음,8,예산·보장 재검토
52,남성,7500,3,기혼,1,비흡연,고혈압,없음,가족 생활비,없음,6,예산·보장 재검토
52,남성,9000,1,기혼,1,비흡연,고혈압,암,유병자 보장,가족 생활비,8,예산·보장 재검토
52,남성,9000,1,기혼,1,비흡연,없음,암,암·건강,없음,6,예산·보장 재검토
52,남성,9000,1,기혼,2,비흡연,없음,심혈관,암·건강,노후 자금,12,수호천사 암/건강보험
52,남성,9000,1,기혼,2,흡연,없음,심혈관,노후 자금,암·건강,8,예산·보장 재검토
52,남성,9000,2,기혼,1,비흡연,없음,없음,가족 생활비,없음,20,수호천사 우리가족 종신보험
52,남성,9000,2,미혼,0,비흡연,없음,없음,암·건강,없음,12,수호천사 암/건강보험
52,남성,12000,1,기혼,1,흡연,없음,암,암·건강,가족 생활비,10,수호천사 암/건강보험
52,남성,12000,2,기혼,2,비흡연,없음,심혈관,가족 생활비,없음,20,수호천사 우리가족 종신보험
52,여성,3000,1,기혼,0,비흡연,없음,없음,암·건강,가족 생활비,20,수호천사 암/건강보험
52,여성,3000,1,기혼,0,비흡연,없음,없음,노후 자금,유병자 보장,15,수호천사 행복 연금보험
52,여성,3000,1,기혼,0,비흡연,없음,없음,노후 자금,없음,15,수호천사 행복 연금보험
52,여성,3000,1,기혼,0,비흡연,없음,없음,유병자 보장,없음,20,수호천사 간편심사(유병자)보험
52,여성,3000,1,기혼,1,비흡연,없음,심혈관,가족 생활비,노후 자금,10,예산·보장 재검토
52,여성,3000,1,기혼,1,비흡연,없음,없음,유병자 보장,없음,15,수호천사 간편심사(유병자)보험
52,여성,3000,1,기혼,1,흡연,고혈압,없음,유병자 보장,없음,6,예산·보장 재검토
52,여성,3000,1,기혼,2,비흡연,없음,암,노후 자금,유병자 보장,10,수호천사 간편심사(유병자)보험
52,여성,3000,1,미혼,0,비흡연,없음,암,가족 생활비,없음,10,예산·보장 재검토
52,여성,3000,2,기혼,0,비흡연,당뇨,없음,노후 자금,유병자 보장,6,예산·보장 재검토
52,여성,3000,3,기혼,1,비흡연,없음,없음,가족 생활비,없음,6,예산·보장 재검토
52,여성,3000,3,기혼,2,비흡연,없음,없음,가족 생활비,없음,6,예산·보장 재검토
52,여성,3000,3,기혼,2,흡연,없음,없음,가족 생활비,암·건강,8,예산·보장 재검토
52,여성,4000,1,기혼,0,비흡연,고혈압,심혈관,유병자 보장,없음,6,예산·보장 재검토
52,여성,4000,1,기혼,0,비흡연,없음,없음,노후 자금,없음,8,예산·보장 재검토
52,여성,4000,1,기혼,0,비흡연,없음,없음,암·건강,없음,15,수호천사 암/건강보험
52,여성,4000,1,기혼,0,비흡연,없음,없음,노후 자금,없음,10,예산·보장 재검토
52,여성,4000,1,기혼,0,흡연,고혈압,없음,노후 자금,가족 생활비,12,수호천사 행복 연금보험
52,여성,4000,1,기혼,1,비흡연,고혈압,암,가족 생활비,없음,6,예산·보장 재검토
52,여성,4000,1,기혼,1,비흡연,없음,암,유병자 보장,없음,15,수호천사 간편심사(유병자)보험
52,여성,4000,1,기혼,1,비흡연,없음,암,가족 생활비,없음,6,예산·보장 재검토
52,여성,4000,1,기혼,1,비흡연,없음,없음,가족 생활비,없음,8,예산·보장 재검토
52,여성,4000,1,기혼,1,비흡연,없음,없음,노후 자금,가족 생활비,10,예산·보장 재검토
52,여성,4000,1,기혼,1,흡연,고혈압,없음,가족 생활비,노후 자금,20,수호천사 우리가족 종신보험
52,여성,4000,1,기혼,2,비흡연,없음,없음,노후 자금,가족 생활비,20,수호천사 행복 연금보험
52,여성,4000,1,미혼,0,비흡연,고혈압,없음,가족 생활비,없음,15,수호천사 우리가족 종신보험
52,여성,4000,1,미혼,0,비흡연,없음,없음,노후 자금,없음,12,수호천사 행복 연금보험
52,여성,4000,2,기혼,0,흡연,없음,없음,노후 자금,없음,10,예산·보장 재검토
52,여성,4000,2,기혼,1,비흡연,없음,없음,가족 생활비,노후 자금,10,예산·보장 재검토
52,여성,4000,2,기혼,1,흡연,없음,없음,노후 자금,없음,6,예산·보장 재검토
52,여성,4000,3,기혼,2,비흡연,없음,없음,유병자 보장,가족 생활비,8,예산·보장 재검토
52,여성,5000,1,기혼,0,흡연,없음,암,노후 자금,없음,20,수호천사 행복 연금보험
52,여성,5000,1,기혼,1,비흡연,고혈압,심혈관,노후 자금,없음,20,수호천사 행복 연금보험
52,여성,5000,1,기혼,1,비흡연,고혈압,없음,노후 자금,가족 생활비,8,예산·보장 재검토
52,여성,5000,1,기혼,1,비흡연,없음,없음,가족 생활비,없음,8,예산·보장 재검토
52,여성,5000,1,기혼,1,흡연,당뇨,암,노후 자금,없음,8,예산·보장 재검토
52,여성,5000,2,기혼,2,비흡연,없음,암,유병자 보장,없음,10,수호천사 간편심사(유병자)보험
52,여성,5000,3,기혼,1,흡연,고혈압,암,가족 생활비,암·건강,8,예산·보장 재검토
52,여성,6000,1,기혼,0,비흡연,없음,없음,암·건강,유병자 보장,12,수호천사 암/건강보험
52,여성,6000,1,기혼,1,비흡연,고혈압,심혈관,유병자 보장,노후 자금,6,예산·보장 재검토
52,여성,6000,1,기혼,1,비흡연,고혈압,없음,가족 생활비,없음,6,예산·보장 재검토
52,여성,6000,1,기혼,1,비흡연,고혈압,없음,유병자 보장,노후 자금,8,예산·보장 재검토
52,여성,6000,1,기혼,1,비흡연,없음,없음,가족 생활비,없음,15,수호천사 우리가족 종신보험
52,여성,6000,1,기혼,1,흡연,고혈압,심혈관,노후 자금,암·건강,8,예산·보장 재검토
52,여성,6000,2,기혼,1,비흡연,없음,없음,가족 생활비,없음,10,예산·보장 재검토
52,여성,6000,2,기혼,2,비흡연,없음,없음,노후 자금,암·건강,12,수호천사 행복 연금보험
52,여성,7500,1,기혼,1,비흡연,없음,심혈관,암·건강,없음,15,수호천사 암/건강보험
52,여성,7500,1,기혼,2,비흡연,고혈압,없음,노후 자금,없음,8,예산·보장 재검토
52,여성,7500,1,기혼,2,비흡연,없음,심혈관,노후 자금,없음,15,수호천사 행복 연금보험
52,여성,7500,3,기혼,1,흡연,없음,없음,가족 생활비,노후 자금,8,예산·보장 재검토
52,여성,9000,1,기혼,0,비흡연,없음,없음,노후 자금,유병자 보장,12,수호천사 행복 연금보험
52,여성,9000,3,미혼,0,흡연,없음,없음,노후 자금,없음,10,예산·보장 재검토
52,여성,12000,1,미혼,0,비흡연,없음,심혈관,노후 자금,가족 생활비,20,수호천사 행복 연금보험
52,여성,12000,2,기혼,2,비흡연,없음,없음,가족 생활비,유병자 보장,20,수호천사 우리가족 종신보험
52,여성,12000,3,미혼,0,비흡연,고혈압,없음,유병자 보장,없음,15,수호천사 간편심사(유병자)보험
53,남성,3000,1,기혼,0,비흡연,없음,없음,노후 자금,없음,20,수호천사 행복 연금보험
53,남성,3000,1,기혼,1,흡연,고혈압,없음,유병자 보장,노후 자금,6,예산·보장 재검토
53,남성,3000,1,기혼,1,흡연,당뇨,없음,노후 자금,가족 생활비,10,예산·보장 재검토
53,남성,3000,1,기혼,1,흡연,없음,없음,가족 생활비,없음,6,예산·보장 재검토
53,남성,3000,1,기혼,2,비흡연,고혈압,없음,노후 자금,유병자 보장,8,예산·보장 재검토
53,남성,3000,1,기혼,2,비흡연,없음,없음,암·건강,없음,10,수호천사 암/건강보험
53,남성,3000,1,기혼,2,흡연,당뇨,없음,암·건강,없음,12,수호천사 암/건강보험
53,남성,3000,2,기혼,0,비흡연,고혈압,암,노후 자금,없음,12,수호천사 행복 연금보험
53,남성,3000,2,기혼,1,비흡연,당뇨,심혈관,노후 자금,없음,15,수호천사 행복 연금보험
53,남성,3000,3,기혼,0,비흡연,없음,암,노후 자금,암·건강,10,수호천사 암/건강보험
53,남성,3000,3,기혼,0,비흡연,없음,없음,노후 자금,가족 생활비,20,수호천사 행복 연금보험
53,남성,4000,1,기혼,1,비흡연,당뇨,없음,가족 생활비,없음,15,수호천사 우리가족 종신보험
53,남성,4000,1,기혼,1,비흡연,없음,암,유병자 보장,가족 생활비,15,수호천사 간편심사(유병자)보험
53,남성,4000,1,기혼,1,비흡연,없음,없음,유병자 보장,암·건강,8,수호천사 암/건강보험
53,남성,4000,1,기혼,1,흡연,없음,없음,가족 생활비,없음,10,예산·보장 재검토
53,남성,4000,1,기혼,2,흡연,없음,없음,유병자 보장,없음,12,수호천사 간편심사(유병자)보험
53,남성,4000,1,미혼,0,비흡연,없음,암,노후 자금,없음,20,수호천사 행복 연금보험
53,남성,4000,2,기혼,0,비흡연,없음,없음,암·건강,없음,6,예산·보장 재검토
53,남성,4000,2,기혼,2,비흡연,당뇨,암,암·건강,없음,8,수호천사 암/건강보험
53,남성,4000,2,기혼,2,비흡연,없음,없음,가족 생활비,유병자 보장,8,예산·보장 재검토
53,남성,4000,3,기혼,0,비흡연,없음,암,암·건강,노후 자금,8,수호천사 암/건강보험
53,남성,4000,3,기혼,2,비흡연,당뇨,암,유병자 보장,없음,15,수호천사 간편심사(유병자)보험
53,남성,4000,3,기혼,2,비흡연,없음,없음,가족 생활비,암·건강,6,예산·보장 재검토
53,남성,5000,1,기혼,0,흡연,없음,없음,유병자 보장,없음,8,예산·보장 재검토
53,남성,5000,1,기혼,1,비흡연,고혈압,없음,가족 생활비,없음,12,수호천사 간편심사(유병자)보험
53,남성,5000,1,기혼,1,비흡연,고혈압,없음,노후 자금,암·건강,10,수호천사 암/건강보험
53,남성,5000,1,기혼,1,비흡연,고혈압,없음,가족 생활비,없음,6,예산·보장 재검토
53,남성,5000,1,기혼,1,비흡연,고혈압,없음,가족 생활비,노후 자금,12,수호천사 행복 연금보험
53,남성,5000,1,기혼,1,비흡연,없음,심혈관,가족 생활비,없음,10,예산·보장 재검토
53,남성,5000,1,기혼,1,비흡연,없음,없음,유병자 보장,없음,20,수호천사 간편심사(유병자)보험
53,남성,5000,1,기혼,1,비흡연,없음,없음,가족 생활비,노후 자금,12,수호천사 행복 연금보험
53,남성,5000,1,기혼,2,비흡연,없음,암,노후 자금,없음,20,수호천사 행복 연금보험
53,남성,5000,1,미혼,0,비흡연,당뇨,없음,가족 생활비,노후 자금,6,예산·보장 재검토
53,남성,5000,1,미혼,0,흡연,없음,없음,유병자 보장,없음,12,수호천사 간편심사(유병자)보험
53,남성,5000,2,기혼,1,흡연,고혈압,없음,가족 생활비,없음,10,예산·보장 재검토
53,남성,6000,1,기혼,0,비흡연,없음,암,노후 자금,없음,12,수호천사 행복 연금보험
53,남성,6000,1,기혼,1,비흡연,고혈압,심혈관,가족 생활비,노후 자금,10,예산·보장 재검토
53,남성,6000,1,기혼,2,비흡연,없음,없음,가족 생활비,없음,8,예산·보장 재검토
53,남성,6000,1,미혼,0,비흡연,없음,없음,노후 자금,없음,6,예산·보장 재검토
53,남성,6000,2,미혼,0,흡연,없음,심혈관,노후 자금,없음,15,수호천사 행복 연금보험
53,남성,7500,1,기혼,0,비흡연,없음,없음,노후 자금,없음,15,수호천사 행복 연금보험
53,남성,7500,1,기혼,2,비흡연,없음,암,암·건강,유병자 보장,6,예산·보장 재검토
53,남성,7500,2,기혼,0,비흡연,당뇨,없음,암·건강,없음,12,수호천사 암/건강보험
53,남성,9000,1,기혼,0,비흡연,없음,암,노후 자금,없음,15,수호천사 행복 연금보험
53,남성,9000,1,기혼,1,비흡연,없음,없음,가족 생활비,없음,12,예산·보장 재검토
53,남성,9000,1,기혼,2,비흡연,고혈압,심혈관,유병자 보장,없음,8,예산·보장 재검토
53,남성,9000,1,기혼,2,비흡연,없음,없음,가족 생활비,없음,20,수호천사 우리가족 종신보험
53,남성,9000,2,기혼,1,비흡연,당뇨,없음,암·건강,유병자 보장,12,수호천사 암/건강보험
53,남성,12000,2,기혼,1,흡연,없음,없음,노후 자금,없음,15,수호천사 행복 연금보험
53,남성,12000,3,기혼,2,비흡연,없음,없음,유병자 보장,없음,12,수호천사 간편심사(유병자)보험
53,남성,12000,3,기혼,2,비흡연,없음,없음,노후 자금,가족 생활비,15,수호천사 행복 연금보험
53,여성,3000,1,기혼,0,비흡연,없음,없음,노후 자금,없음,6,예산·보장 재검토
53,여성,3000,1,기혼,1,비흡연,고혈압,없음,유병자 보장,암·건강,20,수호천사 간편심사(유병자)보험
53,여성,3000,1,기혼,1,비흡연,없음,없음,암·건강,가족 생활비,8,수호천사 암/건강보험
53,여성,3000,1,기혼,1,흡연,고혈압,없음,노후 자금,없음,15,수호천사 행복 연금보험
53,여성,3000,1,기혼,2,비흡연,없음,심혈관,암·건강,없음,20,수호천사 암/건강보험
53,여성,3000,1,기혼,2,비흡연,없음,없음,암·건강,없음,10,수호천사 암/건강보험
53,여성,3000,2,기혼,0,비흡연,없음,없음,노후 자금,없음,10,예산·보장 재검토
53,여성,3000,2,기혼,1,비흡연,없음,심혈관,유병자 보장,없음,6,예산·보장 재검토
53,여성,3000,2,기혼,1,흡연,없음,없음,가족 생활비,없음,8,예산·보장 재검토
53,여성,3000,2,기혼,2,흡연,당뇨,암,유병자 보장,없음,10,수호천사 암/건강보험
53,여성,3000,3,기혼,1,비흡연,당뇨,없음,노후 자금,없음,6,예산·보장 재검토
53,여성,3000,3,기혼,2,흡연,없음,없음,가족 생활비,노후 자금,6,예산·보장 재검토
53,여성,3000,3,미혼,0,비흡연,없음,없음,유병자 보장,없음,20,수호천사 간편심사(유병자)보험
53,여성,4000,1,기혼,0,비흡연,당뇨,없음,유병자 보장,없음,8,예산·보장 재검토
53,여성,4000,1,기혼,0,흡연,없음,없음,유병자 보장,없음,8,예산·보장 재검토
53,여성,4000,1,기혼,1,비흡연,고혈압,암,유병자 보장,암·건강,8,수호천사 암/건강보험
53,여성,4000,1,기혼,1,비흡연,고혈압,암,암·건강,없음,10,수호천사 암/건강보험
53,여성,4000,1,기혼,1,비흡연,없음,암,암·건강,없음,10,수호천사 암/건강보험
53,여성,4000,1,기혼,1,비흡연,없음,없음,가족 생활비,없음,15,수호천사 우리가족 종신보험
53,여성,4000,1,기혼,1,비흡연,없음,없음,노후 자금,없음,10,예산·보장 재검토
53,여성,4000,1,기혼,1,흡연,당뇨,없음,암·건강,없음,6,예산·보장 재검토
53,여성,4000,1,기혼,1,흡연,없음,없음,유병자 보장,없음,10,수호천사 간편심사(유병자)보험
53,여성,4000,1,기혼,2,비흡연,고혈압,암,노후 자금,없음,6,예산·보장 재검토
53,여성,4000,1,기혼,2,비흡연,고혈압,없음,노후 자금,없음,15,수호천사 행복 연금보험
53,여성,4000,1,기혼,2,비흡연,없음,없음,노후 자금,없음,6,예산·보장 재검토
53,여성,4000,1,기혼,2,흡연,없음,심혈관,암·건강,없음,6,예산·보장 재검토
53,여성,4000,2,기혼,1,비흡연,없음,없음,가족 생활비,없음,10,예산·보장 재검토
53,여성,4000,2,기혼,1,비흡연,없음,없음,유병자 보장,없음,6,예산·보장 재검토
53,여성,4000,2,기혼,2,흡연,없음,암,암·건강,없음,10,수호천사 암/건강보험
53,여성,4000,3,기혼,0,비흡연,없음,없음,가족 생활비,유병자 보장,10,수호천사 간편심사(유병자)보험
53,여성,4000,3,기혼,1,비흡연,고혈압,없음,가족 생활비,없음,20,수호천사 우리가족 종신보험
53,여성,5000,1,기혼,1,비흡연,고혈압,암,유병자 보장,노후 자금,6,예산·보장 재검토
53,여성,5000,1,기혼,1,비흡연,없음,없음,가족 생활비,암·건강,10,수호천사 암/건강보험
53,여성,5000,1,기혼,1,비흡연,없음,없음,가족 생활비,없음,12,예산·보장 재검토
53,여성,5000,1,기혼,1,흡연,없음,암,유병자 보장,없음,6,예산·보장 재검토
53,여성,5000,1,기혼,2,흡연,없음,없음,노후 자금,없음,12,수호천사 행복 연금보험
53,여성,5000,1,기혼,2,흡연,없음,없음,노후 자금,없음,15,수호천사 행복 연금보험
53,여성,5000,1,기혼,2,흡연,없음,없음,가족 생활비,없음,12,예산·보장 재검토
53,여성,5000,1,미혼,0,비흡연,없음,심혈관,가족 생활비,없음,20,수호천사 우리가족 종신보험
53,여성,5000,2,기혼,1,비흡연,없음,암,유병자 보장,없음,12,수호천사 간편심사(유병자)보험
53,여성,5000,2,기혼,1,비흡연,없음,없음,암·건강,유병자 보장,8,수호천사 암/건강보험
53,여성,5000,2,기혼,1,비흡연,없음,없음,노후 자금,유병자 보장,20,수호천사 행복 연금보험
53,여성,5000,2,기혼,1,흡연,없음,암,암·건강,가족 생활비,8,예산·보장 재검토
53,여성,6000,1,기혼,1,비흡연,고혈압,암,유병자 보장,없음,12,수호천사 간편심사(유병자)보험
53,여성,6000,1,기혼,1,비흡연,고혈압,암,유병자 보장,없음,15,수호천사 간편심사(유병자)보험
53,여성,6000,1,기혼,1,흡연,없음,없음,유병자 보장,암·건강,15,수호천사 간편심사(유병자)보험
53,여성,6000,1,기혼,2,비흡연,없음,암,암·건강,없음,20,수호천사 암/건강보험
53,여성,6000,1,미혼,0,비흡연,없음,심혈관,암·건강,없음,6,예산·보장 재검토
53,여성,6000,3,기혼,0,비흡연,고혈압,심혈관,노후 자금,없음,12,수호천사 행복 연금보험
53,여성,6000,3,기혼,1,비흡연,없음,없음,가족 생활비,유병자 보장,8,예산·보장 재검토
53,여성,7500,1,기혼,0,흡연,없음,암,유병자 보장,없음,15,수호천사 간편심사(유병자)보험
53,여성,7500,1,기혼,1,비흡연,없음,심혈관,암·건강,없음,15,수호천사 암/건강보험
53,여성,7500,1,기혼,1,비흡연,없음,암,가족 생활비,없음,8,예산·보장 재검토
53,여성,7500,1,기혼,1,비흡연,없음,없음,암·건강,없음,15,수호천사 암/건강보험
53,여성,7500,1,기혼,2,비흡연,고혈압,없음,가족 생활비,유병자 보장,10,예산·보장 재검토
53,여성,7500,1,기혼,2,흡연,없음,없음,노후 자금,없음,12,수호천사 행복 연금보험
53,여성,7500,1,미혼,0,비흡연,없음,없음,가족 생활비,노후 자금,20,수호천사 우리가족 종신보험
53,여성,7500,2,미혼,0,비흡연,당뇨,암,유병자 보장,없음,12,수호천사 간편심사(유병자)보험
53,여성,7500,2,미혼,0,비흡연,없음,암,암·건강,없음,12,수호천사 암/건강보험
53,여성,7500,3,기혼,1,비흡연,없음,없음,암·건강,없음,6,예산·보장 재검토
53,여성,7500,3,기혼,2,비흡연,당뇨,없음,가족 생활비,유병자 보장,8,예산·보장 재검토
53,여성,9000,2,기혼,0,비흡연,없음,없음,노후 자금,가족 생활비,6,예산·보장 재검토
53,여성,12000,1,기혼,2,비흡연,없음,없음,가족 생활비,없음,8,예산·보장 재검토
53,여성,12000,2,기혼,2,비흡연,없음,없음,가족 생활비,없음,10,예산·보장 재검토
54,남성,3000,1,기혼,0,비흡연,없음,없음,노후 자금,유병자 보장,10,수호천사 간편심사(유병자)보험
54,남성,3000,1,기혼,1,비흡연,고혈압,없음,암·건강,없음,12,수호천사 암/건강보험
54,남성,3000,1,기혼,1,비흡연,없음,암,암·건강,가족 생활비,6,예산·보장 재검토
54,남성,3000,1,기혼,2,비흡연,고혈압,없음,유병자 보장,없음,10,예산·보장 재검토
54,남성,3000,1,기혼,2,비흡연,없음,없음,노후 자금,없음,20,수호천사 행복 연금보험
54,남성,3000,1,기혼,2,흡연,없음,없음,가족 생활비,없음,6,예산·보장 재검토
54,남성,3000,2,기혼,0,흡연,고혈압,심혈관,노후 자금,유병자 보장,10,수호천사 암/건강보험
54,남성,3000,3,기혼,1,비흡연,없음,심혈관,노후 자금,암·건강,6,예산·보장 재검토
54,남성,4000,1,기혼,0,비흡연,없음,심혈관,노후 자금,없음,10,예산·보장 재검토
54,남성,4000,1,기혼,0,흡연,고혈압,심혈관,노후 자금,없음,12,수호천사 행복 연금보험
54,남성,4000,1,기혼,0,흡연,고혈압,암,노후 자금,없음,6,예산·보장 재검토
54,남성,4000,1,기혼,1,비흡연,당뇨,암,노후 자금,암·건강,8,수호천사 암/건강보험
54,남성,4000,1,기혼,1,비흡연,당뇨,없음,노후 자금,암·건강,15,수호천사 행복 연금보험
54,남성,4000,1,기혼,1,비흡연,없음,없음,노후 자금,없음,8,예산·보장 재검토
54,남성,4000,1,기혼,1,비흡연,없음,없음,노후 자금,가족 생활비,12,수호천사 행복 연금보험
54,남성,4000,1,기혼,1,비흡연,없음,없음,노후 자금,없음,10,예산·보장 재검토
54,남성,4000,1,기혼,1,비흡연,없음,없음,가족 생활비,없음,6,예산·보장 재검토
54,남성,4000,1,기혼,2,비흡연,고혈압,없음,가족 생활비,암·건강,12,수호천사 암/건강보험
54,남성,4000,1,기혼,2,비흡연,고혈압,없음,가족 생활비,없음,10,예산·보장 재검토
54,남성,4000,1,기혼,2,비흡연,없음,없음,노후 자금,암·건강,6,예산·보장 재검토
54,남성,4000,2,기혼,1,비흡연,없음,없음,가족 생활비,암·건강,20,수호천사 우리가족 종신보험
54,남성,4000,2,기혼,2,비흡연,고혈압,없음,노후 자금,암·건강,10,수호천사 암/건강보험
54,남성,4000,2,기혼,2,비흡연,없음,없음,노후 자금,없음,12,수호천사 행복 연금보험
54,남성,4000,2,기혼,2,비흡연,없음,없음,노후 자금,없음,6,예산·보장 재검토
54,남성,4000,3,기혼,2,비흡연,없음,없음,가족 생활비,노후 자금,6,예산·보장 재검토
54,남성,5000,1,기혼,1,비흡연,고혈압,없음,가족 생활비,없음,12,수호천사 간편심사(유병자)보험
54,남성,5000,1,기혼,1,비흡연,당뇨,암,가족 생활비,없음,12,수호천사 간편심사(유병자)보험
54,남성,5000,1,기혼,1,비흡연,없음,심혈관,노후 자금,가족 생활비,8,예산·보장 재검토
54,남성,5000,1,기혼,1,비흡연,없음,없음,노후 자금,없음,12,수호천사 행복 연금보험
54,남성,5000,1,기혼,2,비흡연,없음,심혈관,가족 생활비,없음,10,예산·보장 재검토
54,남성,5000,1,미혼,0,비흡연,없음,심혈관,가족 생활비,노후 자금,8,예산·보장 재검토
54,남성,5000,2,기혼,0,비흡연,고혈압,심혈관,암·건강,없음,12,수호천사 암/건강보험
54,남성,5000,2,기혼,0,비흡연,없음,없음,노후 자금,없음,12,수호천사 행복 연금보험
54,남성,5000,2,기혼,1,비흡연,없음,없음,가족 생활비,없음,10,예산·보장 재검토
54,남성,6000,1,기혼,1,비흡연,당뇨,없음,가족 생활비,없음,15,수호천사 우리가족 종신보험
54,남성,6000,1,기혼,1,비흡연,없음,암,노후 자금,유병자 보장,10,수호천사 간편심사(유병자)보험
54,남성,6000,1,기혼,1,흡연,당뇨,심혈관,유병자 보장,없음,20,수호천사 간편심사(유병자)보험
54,남성,6000,1,기혼,2,비흡연,고혈압,없음,유병자 보장,없음,15,수호천사 간편심사(유병자)보험
54,남성,6000,1,기혼,2,비흡연,없음,없음,유병자 보장,노후 자금,8,예산·보장 재검토
54,남성,6000,1,기혼,2,비흡연,없음,없음,노후 자금,가족 생활비,10,예산·보장 재검토
54,남성,6000,2,기혼,0,비흡연,없음,없음,노후 자금,암·건강,20,수호천사 행복 연금보험
54,남성,7500,1,기혼,0,비흡연,없음,없음,암·건강,없음,20,수호천사 암/건강보험
54,남성,7500,1,기혼,0,비흡연,없음,없음,노후 자금,유병자 보장,8,예산·보장 재검토
54,남성,7500,1,기혼,1,비흡연,없음,없음,가족 생활비,없음,8,예산·보장 재검토
54,남성,7500,1,기혼,1,흡연,없음,없음,노후 자금,없음,10,예산·보장 재검토
54,남성,7500,2,기혼,2,비흡연,고혈압,없음,유병자 보장,노후 자금,20,수호천사 간편심사(유병자)보험
54,남성,9000,1,기혼,0,비흡연,당뇨,없음,유병자 보장,없음,20,수호천사 간편심사(유병자)보험
54,남성,9000,1,기혼,1,비흡연,당뇨,없음,유병자 보장,없음,15,수호천사 간편심사(유병자)보험
54,남성,9000,1,기혼,1,흡연,없음,없음,가족 생활비,없음,8,예산·보장 재검토
54,남성,9000,1,기혼,2,비흡연,고혈압,암,유병자 보장,가족 생활비,20,수호천사 간편심사(유병자)보험
54,남성,9000,1,기혼,2,비흡연,당뇨,없음,노후 자금,가족 생활비,6,예산·보장 재검토
54,남성,9000,1,미혼,0,비흡연,없음,없음,가족 생활비,없음,10,예산·보장 재검토
54,남성,9000,2,기혼,1,비흡연,없음,없음,가족 생활비,없음,10,예산·보장 재검토
54,남성,9000,2,기혼,2,흡연,없음,없음,가족 생활비,암·건강,12,수호천사 암/건강보험
54,남성,9000,3,기혼,2,비흡연,없음,없음,가족 생활비,노후 자금,12,수호천사 행복 연금보험
54,남성,12000,1,기혼,1,비흡연,고혈압,없음,노후 자금,없음,8,예산·보장 재검토
54,남성,12000,3,기혼,2,비흡연,없음,심혈관,암·건강,없음,8,수호천사 암/건강보험
54,여성,3000,1,기혼,1,비흡연,고혈압,없음,노후 자금,암·건강,15,수호천사 행복 연금보험
54,여성,3000,1,기혼,1,비흡연,없음,암,유병자 보장,암·건강,6,예산·보장 재검토
54,여성,3000,1,기혼,1,비흡연,없음,없음,암·건강,없음,10,수호천사 암/건강보험
54,여성,3000,1,기혼,1,흡연,없음,심혈관,암·건강,없음,6,예산·보장 재검토
54,여성,3000,1,기혼,1,흡연,없음,암,암·건강,노후 자금,8,예산·보장 재검토
54,여성,3000,1,기혼,2,비흡연,없음,없음,노후 자금,유병자 보장,8,예산·보장 재검토
54,여성,3000,1,기혼,2,흡연,없음,심혈관,가족 생활비,없음,12,수호천사 암/건강보험
54,여성,3000,1,미혼,0,비흡연,없음,심혈관,암·건강,없음,10,수호천사 암/건강보험
54,여성,3000,2,기혼,1,흡연,고혈압,없음,가족 생활비,유병자 보장,8,예산·보장 재검토
54,여성,3000,3,기혼,0,비흡연,없음,암,노후 자금,가족 생활비,15,수호천사 행복 연금보험
54,여성,3000,3,기혼,1,비흡연,없음,없음,노후 자금,없음,6,예산·보장 재검토
54,여성,3000,3,기혼,1,흡연,고혈압,심혈관,노후 자금,없음,12,수호천사 행복 연금보험
54,여성,4000,1,기혼,0,비흡연,고혈압,암,가족 생활비,없음,8,예산·보장 재검토
54,여성,4000,1,기혼,0,비흡연,고혈압,암,노후 자금,없음,20,수호천사 행복 연금보험
54,여성,4000,1,기혼,0,비흡연,고혈압,없음,노후 자금,없음,6,예산·보장 재검토
54,여성,4000,1,기혼,0,흡연,당뇨,없음,유병자 보장,가족 생활비,10,예산·보장 재검토
54,여성,4000,1,기혼,1,비흡연,고혈압,암,가족 생활비,노후 자금,10,예산·보장 재검토
54,여성,4000,1,기혼,1,비흡연,없음,심혈관,암·건강,없음,10,수호천사 암/건강보험
54,여성,4000,1,기혼,1,비흡연,없음,없음,노후 자금,암·건강,15,수호천사 행복 연금보험
54,여성,4000,1,기혼,1,비흡연,없음,없음,노후 자금,없음,6,예산·보장 재검토
54,여성,4000,1,기혼,1,흡연,고혈압,암,암·건강,없음,8,예산·보장 재검토
54,여성,4000,1,기혼,2,비흡연,고혈압,암,노후 자금,없음,15,수호천사 행복 연금보험
54,여성,4000,1,기혼,2,비흡연,당뇨,암,노후 자금,없음,15,수호천사 행복 연금보험
54,여성,4000,1,기혼,2,비흡연,없음,없음,가족 생활비,노후 자금,10,예산·보장 재검토
54,여성,4000,1,기혼,2,흡연,고혈압,없음,가족 생활비,없음,10,예산·보장 재검토
54,여성,4000,1,기혼,2,흡연,당뇨,암,노후 자금,없음,12,수호천사 행복 연금보험
54,여성,4000,1,기혼,2,흡연,없음,암,노후 자금,없음,15,수호천사 행복 연금보험
54,여성,4000,1,미혼,0,비흡연,없음,없음,암·건강,노후 자금,15,수호천사 암/건강보험
54,여성,4000,1,미혼,0,비흡연,없음,없음,가족 생활비,노후 자금,15,수호천사 우리가족 종신보험
54,여성,4000,1,미혼,0,흡연,없음,없음,노후 자금,없음,8,예산·보장 재검토
54,여성,4000,2,기혼,0,비흡연,고혈압,없음,유병자 보장,가족 생활비,10,예산·보장 재검토
54,여성,4000,2,기혼,0,비흡연,없음,없음,유병자 보장,암·건강,10,수호천사 간편심사(유병자)보험
54,여성,4000,2,기혼,0,비흡연,없음,없음,암·건강,유병자 보장,6,예산·보장 재검토
54,여성,4000,2,기혼,1,비흡연,없음,없음,유병자 보장,없음,15,수호천사 간편심사(유병자)보험
54,여성,4000,2,기혼,2,흡연,고혈압,없음,가족 생활비,없음,10,예산·보장 재검토
54,여성,4000,3,기혼,1,비흡연,없음,암,가족 생활비,없음,6,예산·보장 재검토
54,여성,4000,3,기혼,1,비흡연,없음,없음,가족 생활비,유병자 보장,12,수호천사 간편심사(유병자)보험
54,여성,4000,3,미혼,0,비흡연,없음,없음,노후 자금,유병자 보장,8,예산·보장 재검토
54,여성,5000,1,기혼,0,비흡연,없음,없음,가족 생활비,없음,6,예산·보장 재검토
54,여성,5000,1,기혼,0,흡연,없음,없음,유병자 보장,없음,12,수호천사 간편심사(유병자)보험
54,여성,5000,1,기혼,1,비흡연,없음,없음,암·건강,가족 생활비,12,수호천사 암/건강보험
54,여성,5000,1,기혼,1,비흡연,없음,없음,유병자 보장,없음,10,수호천사 간편심사(유병자)보험
54,여성,5000,1,기혼,1,흡연,없음,없음,가족 생활비,암·건강,6,예산·보장 재검토
54,여성,5000,1,기혼,2,비흡연,고혈압,없음,유병자 보장,가족 생활비,10,예산·보장 재검토
54,여성,5000,1,기혼,2,흡연,없음,암,암·건강,없음,6,예산·보장 재검토
54,여성,5000,2,기혼,1,비흡연,없음,심혈관,암·건강,없음,20,수호천사 암/건강보험
54,여성,5000,2,기혼,1,비흡연,없음,없음,가족 생활비,없음,8,예산·보장 재검토
54,여성,5000,3,기혼,0,비흡연,없음,없음,노후 자금,암·건강,15,수호천사 행복 연금보험
54,여성,5000,3,기혼,1,비흡연,없음,심혈관,노후 자금,유병자 보장,6,예산·보장 재검토
54,여성,6000,1,기혼,1,비흡연,고혈압,없음,노후 자금,없음,6,예산·보장 재검토
54,여성,6000,1,기혼,1,비흡연,고혈압,없음,가족 생활비,유병자 보장,10,예산·보장 재검토
54,여성,6000,1,기혼,1,비흡연,없음,심혈관,암·건강,없음,15,수호천사 암/건강보험
54,여성,6000,1,기혼,1,비흡연,없음,없음,가족 생활비,암·건강,20,수호천사 우리가족 종신보험
54,여성,6000,1,기혼,1,흡연,없음,없음,암·건강,가족 생활비,10,수호천사 암/건강보험
54,여성,6000,1,기혼,1,흡연,없음,없음,가족 생활비,없음,8,예산·보장 재검토
54,여성,6000,1,기혼,2,비흡연,없음,암,가족 생활비,없음,6,예산·보장 재검토
54,여성,6000,1,기혼,2,비흡연,없음,없음,가족 생활비,노후 자금,12,수호천사 행복 연금보험
54,여성,6000,2,기혼,0,비흡연,없음,없음,유병자 보장,없음,10,수호천사 간편심사(유병자)보험
54,여성,6000,2,미혼,0,흡연,없음,없음,노후 자금,없음,20,수호천사 행복 연금보험
54,여성,6000,3,기혼,0,비흡연,없음,없음,노후 자금,가족 생활비,10,예산·보장 재검토
54,여성,7500,1,기혼,0,비흡연,고혈압,없음,노후 자금,가족 생활비,15,수호천사 행복 연금보험
54,여성,7500,1,기혼,2,비흡연,없음,암,가족 생활비,없음,20,수호천사 우리가족 종신보험
54,여성,7500,1,기혼,2,흡연,고혈압,없음,가족 생활비,없음,6,예산·보장 재검토
54,여성,9000,1,기혼,2,비흡연,없음,암,암·건강,없음,10,수호천사 암/건강보험
54,여성,12000,1,기혼,1,비흡연,당뇨,없음,가족 생활비,없음,20,수호천사 우리가족 종신보험
54,여성,12000,1,미혼,0,비흡연,없음,없음,노후 자금,가족 생활비,10,예산·보장 재검토
54,여성,12000,3,기혼,0,비흡연,없음,없음,유병자 보장,없음,12,수호천사 간편심사(유병자)보험
55,남성,3000,1,기혼,0,비흡연,고혈압,없음,유병자 보장,없음,15,수호천사 간편심사(유병자)보험
55,남성,3000,1,기혼,0,비흡연,당뇨,심혈관,노후 자금,없음,8,예산·보장 재검토
55,남성,3000,1,기혼,0,흡연,당뇨,암,유병자 보장,가족 생활비,20,수호천사 간편심사(유병자)보험
55,남성,3000,1,기혼,1,비흡연,없음,암,가족 생활비,없음,8,예산·보장 재검토
55,남성,3000,1,기혼,1,흡연,고혈압,암,가족 생활비,노후 자금,10,수호천사 암/건강보험
55,남성,3000,1,기혼,2,비흡연,고혈압,없음,유병자 보장,없음,8,예산·보장 재검토
55,남성,3000,1,기혼,2,비흡연,없음,없음,가족 생활비,없음,10,예산·보장 재검토
55,남성,3000,1,기혼,2,흡연,고혈압,없음,유병자 보장,없음,6,예산·보장 재검토
55,남성,3000,2,기혼,0,비흡연,없음,없음,가족 생활비,없음,6,예산·보장 재검토
55,남성,3000,2,기혼,2,비흡연,없음,없음,노후 자금,암·건강,8,수호천사 암/건강보험
55,남성,4000,1,기혼,0,흡연,없음,없음,암·건강,없음,8,예산·보장 재검토
55,남성,4000,1,기혼,1,비흡연,고혈압,암,노후 자금,없음,10,예산·보장 재검토
55,남성,4000,1,기혼,1,비흡연,고혈압,암,유병자 보장,없음,6,예산·보장 재검토
55,남성,4000,1,기혼,1,비흡연,고혈압,없음,가족 생활비,암·건강,6,예산·보장 재검토
55,남성,4000,1,기혼,1,비흡연,당뇨,암,가족 생활비,없음,6,예산·보장 재검토
55,남성,4000,1,기혼,1,비흡연,당뇨,없음,가족 생활비,암·건강,8,수호천사 암/건강보험
55,남성,4000,1,기혼,1,비흡연,없음,암,가족 생활비,암·건강,8,수호천사 암/건강보험
55,남성,4000,1,기혼,1,비흡연,없음,없음,노후 자금,없음,6,예산·보장 재검토
55,남성,4000,1,기혼,1,비흡연,없음,없음,가족 생활비,유병자 보장,10,수호천사 간편심사(유병자)보험
55,남성,4000,1,기혼,1,비흡연,없음,없음,노후 자금,없음,12,수호천사 행복 연금보험
55,남성,4000,1,기혼,1,흡연,고혈압,없음,가족 생활비,없음,12,수호천사 간편심사(유병자)보험
55,남성,4000,1,기혼,1,흡연,없음,심혈관,암·건강,없음,8,예산·보장 재검토
55,남성,4000,1,기혼,2,비흡연,고혈압,없음,유병자 보장,없음,15,수호천사 간편심사(유병자)보험
55,남성,4000,1,기혼,2,비흡연,고혈압,없음,가족 생활비,없음,10,예산·보장 재검토
55,남성,4000,1,기혼,2,비흡연,고혈압,없음,유병자 보장,암·건강,10,수호천사 암/건강보험
55,남성,4000,1,기혼,2,흡연,당뇨,없음,유병자 보장,없음,6,예산·보장 재검토
55,남성,4000,1,미혼,0,비흡연,당뇨,암,유병자 보장,없음,8,예산·보장 재검토
55,남성,4000,1,미혼,0,비흡연,없음,암,가족 생활비,없음,10,예산·보장 재검토
55,남성,4000,2,기혼,0,비흡연,고혈압,없음,유병자 보장,없음,8,예산·보장 재검토
55,남성,4000,2,기혼,1,비흡연,고혈압,심혈관,노후 자금,유병자 보장,12,수호천사 행복 연금보험
55,남성,4000,2,기혼,1,비흡연,없음,암,가족 생활비,암·건강,8,수호천사 암/건강보험
55,남성,4000,2,기혼,2,비흡연,당뇨,심혈관,가족 생활비,유병자 보장,6,예산·보장 재검토
55,남성,4000,3,기혼,1,비흡연,당뇨,없음,암·건강,없음,6,예산·보장 재검토
55,남성,5000,1,기혼,0,비흡연,고혈압,암,유병자 보장,없음,6,예산·보장 재검토
55,남성,5000,1,기혼,1,비흡연,당뇨,암,암·건강,없음,10,수호천사 암/건강보험
55,남성,5000,1,기혼,1,흡연,고혈압,암,가족 생활비,노후 자금,6,예산·보장 재검토
55,남성,5000,1,기혼,1,흡연,고혈압,없음,유병자 보장,노후 자금,10,예산·보장 재검토
55,남성,5000,1,기혼,2,비흡연,고혈압,심혈관,노후 자금,없음,8,예산·보장 재검토
55,남성,5000,1,기혼,2,비흡연,없음,없음,가족 생활비,노후 자금,10,예산·보장 재검토
55,남성,5000,1,미혼,0,비흡연,고혈압,암,유병자 보장,없음,20,수호천사 간편심사(유병자)보험
55,남성,5000,2,미혼,0,비흡연,없음,심혈관,암·건강,없음,15,수호천사 암/건강보험
55,남성,5000,3,기혼,2,비흡연,고혈압,암,가족 생활비,없음,10,예산·보장 재검토
55,남성,5000,3,기혼,2,비흡연,당뇨,없음,가족 생활비,노후 자금,10,예산·보장 재검토
55,남성,6000,1,기혼,1,비흡연,고혈압,없음,유병자 보장,없음,12,수호천사 간편심사(유병자)보험
55,남성,6000,1,기혼,1,흡연,당뇨,암,암·건강,없음,20,수호천사 암/건강보험
55,남성,6000,1,미혼,0,비흡연,당뇨,없음,유병자 보장,없음,10,예산·보장 재검토
55,남성,6000,1,미혼,0,비흡연,없음,없음,암·건강,가족 생활비,6,예산·보장 재검토
55,남성,6000,1,미혼,0,비흡연,없음,없음,노후 자금,없음,15,수호천사 행복 연금보험
55,남성,6000,2,기혼,1,비흡연,당뇨,없음,유병자 보장,없음,6,예산·보장 재검토
55,남성,6000,2,기혼,1,흡연,당뇨,없음,암·건강,없음,15,수호천사 암/건강보험
55,남성,6000,2,기혼,1,흡연,없음,없음,노후 자금,가족 생활비,6,예산·보장 재검토
55,남성,6000,2,기혼,2,비흡연,없음,암,암·건강,없음,6,예산·보장 재검토
55,남성,6000,2,기혼,2,비흡연,없음,암,가족 생활비,유병자 보장,15,수호천사 우리가족 종신보험
55,남성,6000,2,기혼,2,흡연,없음,심혈관,가족 생활비,없음,12,수호천사 암/건강보험
55,남성,7500,1,기혼,1,비흡연,없음,심혈관,노후 자금,유병자 보장,12,수호천사 행복 연금보험
55,남성,7500,2,기혼,2,비흡연,없음,없음,노후 자금,없음,15,수호천사 행복 연금보험
55,남성,9000,1,기혼,1,비흡연,고혈압,암,유병자 보장,노후 자금,20,수호천사 간편심사(유병자)보험
55,남성,9000,1,기혼,1,비흡연,고혈압,없음,노후 자금,없음,10,예산·보장 재검토
55,남성,9000,1,기혼,1,비흡연,없음,없음,암·건강,없음,20,수호천사 암/건강보험
55,남성,9000,1,기혼,1,흡연,당뇨,없음,노후 자금,없음,10,예산·보장 재검토
55,남성,9000,1,기혼,2,흡연,없음,없음,노후 자금,없음,8,예산·보장 재검토
55,남성,9000,1,미혼,0,비흡연,고혈압,없음,노후 자금,가족 생활비,20,수호천사 행복 연금보험
55,남성,12000,3,기혼,1,비흡연,없음,없음,가족 생활비,없음,10,예산·보장 재검토
55,여성,3000,1,기혼,1,흡연,없음,없음,유병자 보장,없음,15,수호천사 간편심사(유병자)보험
55,여성,3000,1,기혼,2,비흡연,고혈압,없음,가족 생활비,없음,6,예산·보장 재검토
55,여성,3000,1,기혼,2,비흡연,당뇨,없음,가족 생활비,없음,6,예산·보장 재검토
55,여성,3000,1,기혼,2,흡연,당뇨,없음,가족 생활비,암·건강,6,예산·보장 재검토
55,여성,3000,2,기혼,0,비흡연,고혈압,암,노후 자금,없음,10,예산·보장 재검토
55,여성,3000,2,기혼,1,비흡연,고혈압,심혈관,가족 생활비,없음,15,수호천사 우리가족 종신보험
55,여성,3000,3,기혼,1,비흡연,고혈압,없음,유병자 보장,없음,8,예산·보장 재검토
55,여성,3000,3,기혼,1,흡연,당뇨,없음,유병자 보장,없음,6,예산·보장 재검토
55,여성,4000,1,기혼,0,비흡연,없음,암,암·건강,가족 생활비,8,수호천사 암/건강보험
55,여성,4000,1,기혼,1,비흡연,고혈압,심혈관,암·건강,없음,8,수호천사 암/건강보험
55,여성,4000,1,기혼,2,비흡연,없음,암,암·건강,가족 생활비,10,수호천사 암/건강보험
55,여성,4000,2,기혼,1,비흡연,고혈압,없음,노후 자금,암·건강,10,수호천사 암/건강보험
55,여성,4000,3,기혼,0,비흡연,없음,없음,노후 자금,없음,6,예산·보장 재검토
55,여성,4000,3,기혼,1,흡연,당뇨,심혈관,가족 생활비,없음,8,예산·보장 재검토
55,여성,5000,1,기혼,1,비흡연,고혈압,암,유병자 보장,암·건강,12,수호천사 간편심사(유병자)보험
55,여성,5000,1,기혼,1,비흡연,당뇨,없음,가족 생활비,없음,8,예산·보장 재검토
55,여성,5000,1,기혼,1,비흡연,없음,없음,노후 자금,암·건강,10,수호천사 암/건강보험
55,여성,5000,1,기혼,2,비흡연,고혈압,심혈관,노후 자금,없음,12,수호천사 행복 연금보험
55,여성,5000,1,기혼,2,비흡연,고혈압,없음,가족 생활비,노후 자금,10,예산·보장 재검토
55,여성,5000,1,기혼,2,비흡연,없음,암,노후 자금,유병자 보장,6,예산·보장 재검토
55,여성,5000,1,기혼,2,흡연,당뇨,암,가족 생활비,없음,8,예산·보장 재검토
55,여성,5000,1,미혼,0,흡연,고혈압,심혈관,유병자 보장,없음,12,수호천사 간편심사(유병자)보험
55,여성,5000,2,기혼,0,비흡연,당뇨,없음,노후 자금,암·건강,8,수호천사 암/건강보험
55,여성,5000,2,기혼,1,비흡연,고혈압,없음,유병자 보장,암·건강,15,수호천사 간편심사(유병자)보험
55,여성,6000,1,기혼,1,비흡연,고혈압,심혈관,유병자 보장,암·건강,10,수호천사 암/건강보험
55,여성,6000,1,기혼,1,비흡연,고혈압,암,유병자 보장,노후 자금,10,예산·보장 재검토
55,여성,6000,1,기혼,1,흡연,당뇨,심혈관,가족 생활비,암·건강,15,수호천사 우리가족 종신보험
55,여성,6000,1,기혼,1,흡연,없음,심혈관,가족 생활비,없음,10,수호천사 암/건강보험
55,여성,6000,2,기혼,1,비흡연,당뇨,없음,가족 생활비,없음,8,예산·보장 재검토
55,여성,6000,2,기혼,2,흡연,고혈압,없음,가족 생활비,없음,6,예산·보장 재검토
55,여성,6000,2,미혼,0,비흡연,고혈압,없음,유병자 보장,없음,12,수호천사 간편심사(유병자)보험
55,여성,6000,3,미혼,0,비흡연,당뇨,암,노후 자금,없음,10,예산·보장 재검토
55,여성,7500,1,기혼,0,비흡연,고혈압,없음,유병자 보장,없음,15,수호천사 간편심사(유병자)보험
55,여성,7500,1,기혼,0,비흡연,당뇨,심혈관,노후 자금,없음,10,예산·보장 재검토
55,여성,7500,1,기혼,1,비흡연,고혈압,암,암·건강,없음,10,수호천사 암/건강보험
55,여성,7500,1,기혼,1,비흡연,당뇨,없음,가족 생활비,암·건강,8,수호천사 암/건강보험
55,여성,7500,1,기혼,1,비흡연,당뇨,없음,가족 생활비,없음,8,예산·보장 재검토
55,여성,7500,1,기혼,1,흡연,당뇨,없음,노후 자금,유병자 보장,15,수호천사 행복 연금보험
55,여성,7500,1,기혼,1,흡연,없음,없음,유병자 보장,없음,6,예산·보장 재검토
55,여성,7500,1,기혼,1,흡연,없음,없음,노후 자금,암·건강,20,수호천사 행복 연금보험
55,여성,7500,1,미혼,0,비흡연,고혈압,없음,유병자 보장,없음,6,예산·보장 재검토
55,여성,7500,2,기혼,1,비흡연,당뇨,없음,가족 생활비,없음,12,수호천사 간편심사(유병자)보험
55,여성,9000,1,기혼,0,비흡연,고혈압,없음,유병자 보장,없음,6,예산·보장 재검토
55,여성,9000,1,기혼,1,비흡연,고혈압,심혈관,암·건강,유병자 보장,15,수호천사 암/건강보험
55,여성,9000,1,기혼,1,비흡연,고혈압,심혈관,유병자 보장,없음,8,예산·보장 재검토
55,여성,9000,1,기혼,1,흡연,당뇨,없음,유병자 보장,가족 생활비,12,수호천사 간편심사(유병자)보험
55,여성,9000,1,기혼,2,비흡연,고혈압,암,유병자 보장,가족 생활비,20,수호천사 간편심사(유병자)보험
55,여성,9000,1,미혼,0,비흡연,없음,심혈관,노후 자금,없음,12,수호천사 행복 연금보험
55,여성,12000,1,기혼,0,비흡연,없음,없음,가족 생활비,유병자 보장,8,예산·보장 재검토
56,남성,3000,1,기혼,0,비흡연,없음,심혈관,암·건강,노후 자금,15,수호천사 암/건강보험
56,남성,3000,1,기혼,0,비흡연,없음,없음,암·건강,노후 자금,8,수호천사 암/건강보험
56,남성,3000,1,기혼,1,비흡연,고혈압,암,암·건강,가족 생활비,6,예산·보장 재검토
56,남성,3000,1,기혼,2,비흡연,없음,심혈관,암·건강,가족 생활비,10,수호천사 암/건강보험
56,남성,3000,2,기혼,0,흡연,당뇨,없음,가족 생활비,유병자 보장,15,수호천사 간편심사(유병자)보험
56,남성,3000,2,미혼,0,비흡연,없음,없음,유병자 보장,없음,8,예산·보장 재검토
56,남성,3000,3,기혼,1,비흡연,고혈압,없음,노후 자금,없음,12,수호천사 행복 연금보험
56,남성,4000,1,기혼,0,비흡연,당뇨,없음,유병자 보장,가족 생활비,12,수호천사 간편심사(유병자)보험
56,남성,4000,1,기혼,0,흡연,고혈압,없음,암·건강,없음,10,수호천사 암/건강보험
56,남성,4000,1,기혼,0,흡연,당뇨,없음,노후 자금,없음,8,예산·보장 재검토
56,남성,4000,1,기혼,1,비흡연,없음,없음,가족 생활비,없음,12,예산·보장 재검토
56,남성,4000,1,기혼,1,흡연,당뇨,없음,가족 생활비,없음,8,예산·보장 재검토
56,남성,4000,1,기혼,2,비흡연,고혈압,없음,노후 자금,없음,6,예산·보장 재검토
56,남성,4000,1,기혼,2,비흡연,없음,암,노후 자금,없음,8,예산·보장 재검토
56,남성,4000,1,기혼,2,비흡연,없음,암,가족 생활비,없음,15,수호천사 우리가족 종신보험
56,남성,4000,1,기혼,2,흡연,당뇨,없음,암·건강,유병자 보장,8,예산·보장 재검토
56,남성,4000,1,미혼,0,비흡연,고혈압,암,유병자 보장,없음,8,예산·보장 재검토
56,남성,4000,1,미혼,0,비흡연,고혈압,없음,노후 자금,가족 생활비,6,예산·보장 재검토
56,남성,4000,2,기혼,0,비흡연,없음,암,노후 자금,가족 생활비,6,예산·보장 재검토
56,남성,4000,2,기혼,0,비흡연,없음,암,암·건강,없음,20,수호천사 암/건강보험
56,남성,4000,2,기혼,1,흡연,고혈압,심혈관,유병자 보장,없음,10,수호천사 암/건강보험
56,남성,4000,2,기혼,2,비흡연,없음,심혈관,유병자 보장,없음,12,수호천사 간편심사(유병자)보험
56,남성,4000,2,기혼,2,흡연,없음,심혈관,암·건강,가족 생활비,12,수호천사 암/건강보험
56,남성,4000,2,미혼,0,비흡연,당뇨,없음,노후 자금,유병자 보장,8,예산·보장 재검토
56,남성,4000,2,미혼,0,비흡연,없음,심혈관,암·건강,노후 자금,15,수호천사 암/건강보험
56,남성,4000,3,기혼,1,비흡연,없음,암,유병자 보장,없음,20,수호천사 간편심사(유병자)보험
56,남성,5000,1,기혼,1,비흡연,고혈압,암,암·건강,노후 자금,12,수호천사 암/건강보험
56,남성,5000,1,기혼,1,비흡연,고혈압,암,유병자 보장,없음,12,수호천사 간편심사(유병자)보험
56,남성,5000,1,기혼,1,비흡연,당뇨,없음,유병자 보장,가족 생활비,10,예산·보장 재검토
56,남성,5000,1,기혼,1,비흡연,없음,암,가족 생활비,없음,15,수호천사 우리가족 종신보험
56,남성,5000,1,기혼,1,비흡연,없음,암,암·건강,없음,6,예산·보장 재검토
56,남성,5000,1,기혼,1,흡연,없음,암,노후 자금,가족 생활비,12,수호천사 행복 연금보험
56,남성,5000,1,미혼,0,비흡연,당뇨,없음,유병자 보장,없음,8,예산·보장 재검토
56,남성,5000,1,미혼,0,비흡연,당뇨,없음,유병자 보장,없음,10,예산·보장 재검토
56,남성,5000,2,기혼,0,비흡연,고혈압,암,암·건강,없음,15,수호천사 암/건강보험
56,남성,5000,2,기혼,1,비흡연,고혈압,없음,암·건강,없음,12,수호천사 암/건강보험
56,남성,5000,2,기혼,1,비흡연,없음,암,암·건강,가족 생활비,6,예산·보장 재검토
56,남성,5000,2,기혼,1,비흡연,없음,없음,암·건강,유병자 보장,12,수호천사 암/건강보험
56,남성,5000,2,기혼,1,흡연,당뇨,암,암·건강,없음,20,수호천사 암/건강보험
56,남성,6000,1,기혼,1,비흡연,고혈압,없음,가족 생활비,없음,12,수호천사 간편심사(유병자)보험
56,남성,6000,1,기혼,2,비흡연,고혈압,암,가족 생활비,유병자 보장,15,수호천사 우리가족 종신보험
56,남성,6000,1,기혼,2,흡연,없음,심혈관,암·건강,없음,15,수호천사 암/건강보험
56,남성,6000,1,기혼,2,흡연,없음,없음,가족 생활비,없음,15,수호천사 우리가족 종신보험
56,남성,6000,1,미혼,0,흡연,당뇨,암,유병자 보장,암·건강,8,예산·보장 재검토
56,남성,6000,2,기혼,1,흡연,고혈압,암,유병자 보장,없음,10,수호천사 암/건강보험
56,남성,6000,2,기혼,2,비흡연,고혈압,없음,유병자 보장,가족 생활비,15,수호천사 간편심사(유병자)보험
56,남성,6000,2,기혼,2,흡연,없음,암,암·건강,가족 생활비,20,수호천사 암/건강보험
56,남성,6000,2,기혼,2,흡연,없음,없음,유병자 보장,없음,6,예산·보장 재검토
56,남성,6000,2,기혼,2,흡연,없음,없음,가족 생활비,암·건강,6,예산·보장 재검토
56,남성,7500,1,기혼,1,비흡연,고혈압,없음,노후 자금,암·건강,10,수호천사 암/건강보험
56,남성,7500,1,기혼,1,비흡연,고혈압,없음,노후 자금,암·건강,15,수호천사 행복 연금보험
56,남성,7500,1,기혼,1,비흡연,없음,암,노후 자금,암·건강,20,수호천사 행복 연금보험
56,남성,7500,1,기혼,1,비흡연,없음,없음,가족 생활비,유병자 보장,12,수호천사 간편심사(유병자)보험
56,남성,7500,1,기혼,2,비흡연,없음,없음,암·건강,노후 자금,6,예산·보장 재검토
56,남성,7500,2,기혼,1,비흡연,당뇨,없음,유병자 보장,없음,8,예산·보장 재검토
56,남성,9000,1,기혼,1,흡연,고혈압,없음,유병자 보장,암·건강,20,수호천사 간편심사(유병자)보험
56,남성,9000,1,기혼,2,비흡연,고혈압,없음,암·건강,없음,10,수호천사 암/건강보험
56,남성,9000,1,기혼,2,비흡연,없음,심혈관,암·건강,없음,6,예산·보장 재검토
56,남성,9000,1,기혼,2,비흡연,없음,암,가족 생활비,없음,8,예산·보장 재검토
56,남성,9000,1,미혼,0,비흡연,고혈압,암,유병자 보장,암·건강,15,수호천사 간편심사(유병자)보험
56,남성,9000,2,기혼,2,비흡연,당뇨,없음,유병자 보장,없음,10,예산·보장 재검토
56,남성,9000,3,기혼,2,비흡연,고혈압,암,가족 생활비,노후 자금,8,예산·보장 재검토
56,남성,12000,1,기혼,0,비흡연,고혈압,없음,유병자 보장,없음,8,예산·보장 재검토
56,남성,12000,1,기혼,0,비흡연,없음,심혈관,노후 자금,없음,20,수호천사 행복 연금보험
56,남성,12000,2,기혼,1,흡연,없음,암,암·건강,가족 생활비,10,수호천사 암/건강보험
56,여성,3000,1,기혼,0,비흡연,고혈압,심혈관,유병자 보장,없음,8,예산·보장 재검토
56,여성,3000,1,기혼,0,흡연,고혈압,없음,유병자 보장,가족 생활비,6,예산·보장 재검토
56,여성,3000,1,기혼,1,비흡연,고혈압,심혈관,유병자 보장,없음,8,예산·보장 재검토
56,여성,3000,1,기혼,1,비흡연,고혈압,암,암·건강,유병자 보장,15,수호천사 암/건강보험
56,여성,3000,1,기혼,1,비흡연,없음,암,암·건강,유병자 보장,15,수호천사 암/건강보험
56,여성,3000,1,기혼,1,비흡연,없음,없음,가족 생활비,암·건강,8,수호천사 암/건강보험
56,여성,3000,1,기혼,2,비흡연,고혈압,없음,유병자 보장,없음,20,수호천사 간편심사(유병자)보험
56,여성,3000,1,기혼,2,비흡연,없음,없음,유병자 보장,없음,8,예산·보장 재검토
56,여성,3000,1,기혼,2,흡연,고혈압,없음,노후 자금,없음,15,수호천사 행복 연금보험
56,여성,3000,1,기혼,2,흡연,당뇨,심혈관,암·건강,없음,6,예산·보장 재검토
56,여성,3000,1,미혼,0,비흡연,고혈압,없음,가족 생활비,노후 자금,8,예산·보장 재검토
56,여성,3000,1,미혼,0,흡연,없음,없음,노후 자금,가족 생활비,15,수호천사 행복 연금보험
56,여성,3000,2,기혼,1,흡연,고혈압,암,유병자 보장,없음,20,수호천사 간편심사(유병자)보험
56,여성,4000,1,기혼,1,비흡연,고혈압,없음,가족 생활비,없음,12,수호천사 간편심사(유병자)보험
56,여성,4000,1,기혼,1,비흡연,고혈압,없음,유병자 보장,없음,12,수호천사 간편심사(유병자)보험
56,여성,4000,1,기혼,1,비흡연,없음,없음,노후 자금,없음,15,수호천사 행복 연금보험
56,여성,4000,1,기혼,1,흡연,고혈압,없음,유병자 보장,노후 자금,12,수호천사 간편심사(유병자)보험
56,여성,4000,1,기혼,2,비흡연,당뇨,심혈관,암·건강,없음,8,수호천사 암/건강보험
56,여성,4000,3,기혼,1,비흡연,없음,없음,가족 생활비,없음,10,예산·보장 재검토
56,여성,4000,3,기혼,2,비흡연,없음,심혈관,노후 자금,없음,10,예산·보장 재검토
56,여성,4000,3,기혼,2,흡연,고혈압,암,노후 자금,유병자 보장,10,수호천사 암/건강보험
56,여성,5000,1,기혼,1,비흡연,고혈압,심혈관,노후 자금,없음,15,수호천사 행복 연금보험
56,여성,5000,1,기혼,1,비흡연,당뇨,심혈관,가족 생활비,없음,10,예산·보장 재검토
56,여성,5000,1,기혼,1,흡연,고혈압,심혈관,가족 생활비,없음,6,예산·보장 재검토
56,여성,5000,1,기혼,2,비흡연,고혈압,암,유병자 보장,없음,8,예산·보장 재검토
56,여성,5000,1,기혼,2,비흡연,고혈압,없음,노후 자금,암·건강,15,수호천사 행복 연금보험
56,여성,5000,1,기혼,2,흡연,고혈압,없음,가족 생활비,노후 자금,6,예산·보장 재검토
56,여성,5000,1,기혼,2,흡연,없음,없음,가족 생활비,유병자 보장,15,수호천사 우리가족 종신보험
56,여성,5000,1,미혼,0,비흡연,당뇨,암,가족 생활비,없음,6,예산·보장 재검토
56,여성,5000,1,미혼,0,흡연,당뇨,없음,유병자 보장,없음,8,예산·보장 재검토
56,여성,5000,2,기혼,1,흡연,고혈압,심혈관,암·건강,가족 생활비,15,수호천사 암/건강보험
56,여성,5000,2,기혼,2,비흡연,고혈압,암,유병자 보장,가족 생활비,10,예산·보장 재검토
56,여성,5000,2,기혼,2,흡연,고혈압,없음,유병자 보장,가족 생활비,15,수호천사 간편심사(유병자)보험
56,여성,5000,2,미혼,0,비흡연,없음,암,노후 자금,가족 생활비,6,예산·보장 재검토
56,여성,5000,3,기혼,0,흡연,없음,심혈관,유병자 보장,가족 생활비,10,수호천사 간편심사(유병자)보험
56,여성,6000,1,기혼,0,비흡연,고혈압,없음,노후 자금,암·건강,12,수호천사 행복 연금보험
56,여성,6000,1,기혼,0,흡연,고혈압,없음,유병자 보장,없음,15,수호천사 간편심사(유병자)보험
56,여성,6000,1,기혼,1,비흡연,고혈압,암,가족 생활비,없음,6,예산·보장 재검토
56,여성,6000,1,기혼,1,비흡연,없음,암,암·건강,없음,8,수호천사 암/건강보험
56,여성,6000,1,기혼,2,흡연,당뇨,없음,노후 자금,없음,12,수호천사 행복 연금보험
56,여성,6000,2,기혼,1,비흡연,고혈압,없음,가족 생활비,유병자 보장,20,수호천사 우리가족 종신보험
56,여성,6000,2,기혼,1,흡연,고혈압,없음,유병자 보장,가족 생활비,15,수호천사 간편심사(유병자)보험
56,여성,6000,2,기혼,1,흡연,당뇨,없음,유병자 보장,없음,15,수호천사 간편심사(유병자)보험
56,여성,6000,2,기혼,1,흡연,없음,심혈관,암·건강,노후 자금,10,수호천사 암/건강보험
56,여성,6000,2,기혼,1,흡연,없음,심혈관,가족 생활비,유병자 보장,12,수호천사 암/건강보험
56,여성,6000,2,기혼,2,비흡연,고혈압,없음,가족 생활비,없음,15,수호천사 우리가족 종신보험
56,여성,6000,3,기혼,1,비흡연,없음,없음,노후 자금,암·건강,15,수호천사 행복 연금보험
56,여성,7500,1,기혼,0,비흡연,없음,없음,노후 자금,가족 생활비,15,수호천사 행복 연금보험
56,여성,7500,1,기혼,1,비흡연,고혈압,없음,가족 생활비,없음,15,수호천사 우리가족 종신보험
56,여성,7500,2,미혼,0,흡연,없음,암,유병자 보장,없음,20,수호천사 간편심사(유병자)보험
56,여성,9000,1,기혼,2,비흡연,고혈압,암,노후 자금,가족 생활비,6,예산·보장 재검토
56,여성,12000,1,기혼,1,비흡연,없음,없음,노후 자금,암·건강,8,수호천사 암/건강보험
56,여성,12000,1,기혼,1,비흡연,없음,없음,가족 생활비,없음,20,수호천사 우리가족 종신보험
56,여성,12000,1,기혼,1,흡연,당뇨,없음,노후 자금,없음,12,수호천사 행복 연금보험
56,여성,12000,2,기혼,2,비흡연,고혈압,없음,유병자 보장,암·건강,8,수호천사 암/건강보험
57,남성,3000,1,기혼,0,비흡연,고혈압,없음,노후 자금,유병자 보장,10,예산·보장 재검토
57,남성,3000,1,기혼,0,비흡연,없음,없음,노후 자금,가족 생활비,10,예산·보장 재검토
57,남성,3000,1,기혼,1,비흡연,고혈압,심혈관,가족 생활비,유병자 보장,15,수호천사 우리가족 종신보험
57,남성,3000,1,기혼,1,비흡연,없음,암,암·건강,가족 생활비,15,수호천사 암/건강보험
57,남성,3000,2,기혼,0,흡연,고혈압,없음,가족 생활비,없음,6,예산·보장 재검토
57,남성,3000,3,기혼,1,비흡연,없음,암,암·건강,없음,10,수호천사 암/건강보험
57,남성,3000,3,기혼,2,비흡연,고혈압,심혈관,노후 자금,가족 생활비,6,예산·보장 재검토
57,남성,3000,3,기혼,2,흡연,고혈압,없음,유병자 보장,없음,15,수호천사 간편심사(유병자)보험
57,남성,4000,1,기혼,0,비흡연,고혈압,없음,노후 자금,없음,6,예산·보장 재검토
57,남성,4000,1,기혼,1,비흡연,고혈압,없음,노후 자금,없음,10,예산·보장 재검토
57,남성,4000,1,기혼,1,비흡연,고혈압,없음,유병자 보장,노후 자금,10,예산·보장 재검토
57,남성,4000,1,기혼,2,비흡연,고혈압,없음,유병자 보장,없음,10,예산·보장 재검토
57,남성,4000,1,기혼,2,비흡연,당뇨,없음,가족 생활비,없음,10,예산·보장 재검토
57,남성,4000,1,기혼,2,비흡연,없음,없음,가족 생활비,없음,12,예산·보장 재검토
57,남성,4000,1,기혼,2,흡연,당뇨,암,암·건강,없음,10,수호천사 암/건강보험
57,남성,4000,1,미혼,0,비흡연,고혈압,없음,암·건강,없음,6,예산·보장 재검토
57,남성,4000,2,기혼,1,비흡연,고혈압,암,유병자 보장,없음,8,예산·보장 재검토
57,남성,4000,2,기혼,2,비흡연,고혈압,암,가족 생활비,노후 자금,10,예산·보장 재검토
57,남성,4000,2,미혼,0,흡연,고혈압,없음,가족 생활비,유병자 보장,8,예산·보장 재검토
57,남성,5000,1,기혼,0,흡연,없음,암,암·건강,없음,12,수호천사 암/건강보험
57,남성,5000,1,기혼,1,비흡연,당뇨,암,유병자 보장,없음,8,예산·보장 재검토
57,남성,5000,1,기혼,1,흡연,없음,암,가족 생활비,없음,15,수호천사 우리가족 종신보험
57,남성,5000,2,기혼,0,비흡연,고혈압,암,유병자 보장,없음,6,예산·보장 재검토
57,남성,5000,2,기혼,0,흡연,없음,없음,노후 자금,없음,12,수호천사 행복 연금보험
57,남성,5000,2,기혼,1,비흡연,고혈압,없음,유병자 보장,노후 자금,6,예산·보장 재검토
57,남성,5000,2,기혼,1,흡연,없음,암,가족 생활비,없음,10,수호천사 암/건강보험
57,남성,5000,2,기혼,2,비흡연,당뇨,없음,노후 자금,유병자 보장,8,예산·보장 재검토
57,남성,5000,3,기혼,0,비흡연,없음,암,가족 생활비,없음,12,예산·보장 재검토
57,남성,5000,3,기혼,1,비흡연,고혈압,없음,가족 생활비,유병자 보장,8,예산·보장 재검토
57,남성,6000,1,기혼,0,비흡연,고혈압,없음,암·건강,가족 생활비,15,수호천사 암/건강보험
57,남성,6000,1,기혼,0,비흡연,고혈압,없음,유병자 보장,없음,12,수호천사 간편심사(유병자)보험
57,남성,6000,1,기혼,0,비흡연,없음,암,암·건강,없음,20,수호천사 암/건강보험
57,남성,6000,1,기혼,0,흡연,없음,없음,노후 자금,암·건강,12,수호천사 행복 연금보험
57,남성,6000,1,기혼,1,비흡연,없음,심혈관,노후 자금,없음,12,수호천사 행복 연금보험
57,남성,6000,1,기혼,1,비흡연,없음,없음,유병자 보장,가족 생활비,15,수호천사 간편심사(유병자)보험
57,남성,6000,1,기혼,1,흡연,없음,암,암·건강,없음,8,예산·보장 재검토
57,남성,6000,1,기혼,1,흡연,없음,없음,가족 생활비,유병자 보장,12,수호천사 간편심사(유병자)보험
57,남성,6000,1,기혼,2,비흡연,없음,암,가족 생활비,암·건강,10,수호천사 암/건강보험
57,남성,6000,1,미혼,0,비흡연,고혈압,암,유병자 보장,없음,15,수호천사 간편심사(유병자)보험
57,남성,6000,1,미혼,0,비흡연,없음,없음,노후 자금,가족 생활비,6,예산·보장 재검토
57,남성,6000,3,기혼,2,비흡연,없음,없음,노후 자금,없음,10,예산·보장 재검토
57,남성,7500,1,기혼,1,비흡연,고혈압,없음,유병자 보장,없음,12,수호천사 간편심사(유병자)보험
57,남성,7500,1,기혼,1,비흡연,당뇨,없음,가족 생활비,노후 자금,10,예산·보장 재검토
57,남성,7500,1,기혼,2,비흡연,당뇨,없음,가족 생활비,없음,8,예산·보장 재검토
57,남성,7500,2,기혼,1,흡연,고혈압,없음,유병자 보장,노후 자금,10,예산·보장 재검토
57,남성,7500,2,기혼,1,흡연,없음,없음,노후 자금,없음,20,수호천사 행복 연금보험
57,남성,7500,2,기혼,2,비흡연,고혈압,암,암·건강,유병자 보장,8,수호천사 암/건강보험
57,남성,7500,2,기혼,2,비흡연,없음,암,가족 생활비,암·건강,10,수호천사 암/건강보험
57,남성,7500,2,미혼,0,비흡연,당뇨,없음,노후 자금,없음,20,수호천사 행복 연금보험
57,남성,9000,1,기혼,1,비흡연,고혈압,암,노후 자금,없음,20,수호천사 행복 연금보험
57,남성,9000,1,미혼,0,비흡연,당뇨,없음,유병자 보장,없음,6,예산·보장 재검토
57,남성,9000,2,기혼,2,비흡연,없음,암,유병자 보장,가족 생활비,12,수호천사 간편심사(유병자)보험
57,남성,12000,1,기혼,2,비흡연,없음,없음,노후 자금,없음,6,예산·보장 재검토
57,여성,3000,1,기혼,0,비흡연,고혈압,없음,노후 자금,가족 생활비,20,수호천사 행복 연금보험
57,여성,3000,1,기혼,0,비흡연,없음,암,가족 생활비,노후 자금,8,예산·보장 재검토
57,여성,3000,1,기혼,1,비흡연,고혈압,암,가족 생활비,노후 자금,8,예산·보장 재검토
57,여성,3000,1,기혼,1,비흡연,고혈압,없음,유병자 보장,없음,8,예산·보장 재검토
57,여성,3000,1,기혼,1,비흡연,고혈압,없음,가족 생활비,없음,10,예산·보장 재검토
57,여성,3000,2,기혼,0,비흡연,당뇨,암,노후 자금,유병자 보장,6,예산·보장 재검토
57,여성,3000,2,기혼,1,비흡연,고혈압,없음,유병자 보장,없음,15,수호천사 간편심사(유병자)보험
57,여성,3000,2,기혼,2,비흡연,고혈압,암,유병자 보장,없음,10,예산·보장 재검토
57,여성,3000,3,기혼,2,흡연,고혈압,없음,노후 자금,없음,10,예산·보장 재검토
57,여성,4000,1,기혼,0,비흡연,없음,암,노후 자금,없음,15,수호천사 행복 연금보험
57,여성,4000,1,기혼,1,비흡연,고혈압,암,노후 자금,없음,6,예산·보장 재검토
57,여성,4000,1,기혼,1,비흡연,없음,없음,가족 생활비,노후 자금,6,예산·보장 재검토
57,여성,4000,1,기혼,1,흡연,고혈압,없음,노후 자금,없음,8,예산·보장 재검토
57,여성,4000,1,기혼,1,흡연,당뇨,암,암·건강,유병자 보장,15,수호천사 암/건강보험
57,여성,4000,1,기혼,2,비흡연,고혈압,암,가족 생활비,없음,6,예산·보장 재검토
57,여성,4000,1,기혼,2,비흡연,고혈압,없음,가족 생활비,유병자 보장,15,수호천사 우리가족 종신보험
57,여성,4000,1,기혼,2,비흡연,당뇨,암,노후 자금,없음,10,예산·보장 재검토
57,여성,4000,1,기혼,2,흡연,고혈압,없음,노후 자금,유병자 보장,10,예산·보장 재검토
57,여성,4000,1,기혼,2,흡연,없음,암,노후 자금,암·건강,10,수호천사 암/건강보험
57,여성,4000,2,기혼,1,비흡연,없음,심혈관,가족 생활비,없음,6,예산·보장 재검토
57,여성,4000,2,기혼,2,흡연,없음,없음,가족 생활비,암·건강,8,예산·보장 재검토
57,여성,4000,3,기혼,1,비흡연,없음,없음,가족 생활비,없음,12,예산·보장 재검토
57,여성,5000,1,기혼,1,비흡연,고혈압,암,가족 생활비,유병자 보장,10,예산·보장 재검토
57,여성,5000,1,기혼,1,비흡연,당뇨,없음,암·건강,없음,10,수호천사 암/건강보험
57,여성,5000,1,기혼,1,비흡연,당뇨,없음,가족 생활비,유병자 보장,20,수호천사 우리가족 종신보험
57,여성,5000,1,기혼,1,흡연,없음,없음,노후 자금,유병자 보장,6,예산·보장 재검토
57,여성,5000,1,기혼,2,비흡연,고혈압,없음,가족 생활비,없음,10,예산·보장 재검토
57,여성,5000,1,기혼,2,비흡연,없음,암,노후 자금,없음,8,예산·보장 재검토
57,여성,5000,2,기혼,1,비흡연,없음,없음,가족 생활비,노후 자금,6,예산·보장 재검토
57,여성,5000,2,미혼,0,흡연,없음,없음,노후 자금,암·건강,20,수호천사 행복 연금보험
57,여성,6000,1,기혼,0,흡연,고혈압,없음,암·건강,가족 생활비,20,수호천사 암/건강보험
57,여성,6000,1,기혼,1,비흡연,고혈압,심혈관,유병자 보장,없음,8,예산·보장 재검토
57,여성,6000,1,기혼,1,비흡연,없음,없음,가족 생활비,없음,20,수호천사 우리가족 종신보험
57,여성,6000,1,미혼,0,비흡연,없음,없음,유병자 보장,없음,6,예산·보장 재검토
57,여성,6000,1,미혼,0,흡연,고혈압,없음,암·건강,없음,20,수호천사 암/건강보험
57,여성,6000,2,기혼,0,비흡연,당뇨,없음,노후 자금,없음,15,수호천사 행복 연금보험
57,여성,6000,2,기혼,1,비흡연,당뇨,없음,가족 생활비,노후 자금,8,예산·보장 재검토
57,여성,6000,2,기혼,1,흡연,없음,암,가족 생활비,유병자 보장,12,수호천사 암/건강보험
57,여성,6000,3,기혼,0,비흡연,없음,없음,유병자 보장,암·건강,15,수호천사 간편심사(유병자)보험
57,여성,7500,1,기혼,0,흡연,당뇨,없음,유병자 보장,가족 생활비,8,예산·보장 재검토
57,여성,7500,1,기혼,0,흡연,당뇨,없음,유병자 보장,암·건강,10,수호천사 암/건강보험
57,여성,7500,1,기혼,1,비흡연,당뇨,암,유병자 보장,없음,12,수호천사 간편심사(유병자)보험
57,여성,7500,1,기혼,1,비흡연,없음,없음,가족 생활비,노후 자금,6,예산·보장 재검토
57,여성,7500,1,미혼,0,흡연,없음,없음,암·건강,유병자 보장,6,예산·보장 재검토
57,여성,7500,2,기혼,0,비흡연,고혈압,없음,노후 자금,없음,8,예산·보장 재검토
57,여성,7500,2,기혼,2,흡연,당뇨,심혈관,암·건강,없음,15,수호천사 암/건강보험
57,여성,12000,1,기혼,0,비흡연,고혈압,없음,유병자 보장,없음,10,예산·보장 재검토
57,여성,12000,1,기혼,1,비흡연,고혈압,암,암·건강,가족 생활비,12,수호천사 암/건강보험
57,여성,12000,1,기혼,1,비흡연,고혈압,없음,가족 생활비,암·건강,8,수호천사 암/건강보험
57,여성,12000,1,기혼,2,비흡연,고혈압,없음,유병자 보장,가족 생활비,8,예산·보장 재검토
57,여성,12000,1,기혼,2,흡연,없음,없음,노후 자금,없음,12,수호천사 행복 연금보험
58,남성,3000,1,기혼,0,비흡연,고혈압,없음,유병자 보장,가족 생활비,6,예산·보장 재검토
58,남성,3000,1,기혼,0,흡연,고혈압,암,가족 생활비,유병자 보장,12,수호천사 간편심사(유병자)보험
58,남성,3000,1,기혼,0,흡연,없음,없음,유병자 보장,없음,8,예산·보장 재검토
58,남성,3000,1,기혼,1,비흡연,당뇨,없음,암·건강,노후 자금,12,수호천사 암/건강보험
58,남성,3000,1,기혼,1,비흡연,없음,없음,가족 생활비,유병자 보장,8,예산·보장 재검토
58,남성,3000,1,기혼,2,비흡연,당뇨,심혈관,가족 생활비,노후 자금,15,수호천사 우리가족 종신보험
58,남성,3000,1,기혼,2,비흡연,당뇨,암,유병자 보장,없음,6,예산·보장 재검토
58,남성,3000,1,기혼,2,흡연,고혈압,심혈관,노후 자금,없음,20,수호천사 행복 연금보험
58,남성,3000,1,기혼,2,흡연,당뇨,없음,가족 생활비,유병자 보장,8,예산·보장 재검토
58,남성,3000,1,미혼,0,비흡연,고혈압,없음,노후 자금,가족 생활비,6,예산·보장 재검토
58,남성,3000,2,기혼,1,비흡연,고혈압,없음,유병자 보장,노후 자금,10,예산·보장 재검토
58,남성,3000,3,기혼,0,흡연,고혈압,없음,노후 자금,없음,8,예산·보장 재검토
58,남성,4000,1,기혼,1,비흡연,고혈압,없음,가족 생활비,암·건강,10,수호천사 암/건강보험
58,남성,4000,1,기혼,1,비흡연,당뇨,암,가족 생활비,암·건강,15,수호천사 우리가족 종신보험
58,남성,4000,1,기혼,1,흡연,고혈압,없음,노후 자금,가족 생활비,15,수호천사 행복 연금보험
58,남성,4000,1,기혼,2,비흡연,당뇨,암,가족 생활비,없음,10,예산·보장 재검토
58,남성,4000,1,기혼,2,비흡연,당뇨,없음,노후 자금,없음,20,수호천사 행복 연금보험
58,남성,4000,1,기혼,2,비흡연,없음,없음,노후 자금,없음,10,예산·보장 재검토
58,남성,4000,2,기혼,1,비흡연,고혈압,암,암·건강,없음,6,예산·보장 재검토
58,남성,4000,2,기혼,1,흡연,고혈압,심혈관,가족 생활비,없음,15,수호천사 우리가족 종신보험
58,남성,4000,2,기혼,1,흡연,없음,없음,가족 생활비,유병자 보장,6,예산·보장 재검토
58,남성,4000,3,기혼,1,비흡연,없음,심혈관,노후 자금,없음,6,예산·보장 재검토
58,남성,4000,3,기혼,2,비흡연,고혈압,암,노후 자금,없음,6,예산·보장 재검토
58,남성,5000,1,기혼,0,비흡연,고혈압,없음,암·건강,없음,8,수호천사 암/건강보험
58,남성,5000,1,기혼,0,비흡연,당뇨,없음,유병자 보장,없음,8,예산·보장 재검토
58,남성,5000,1,기혼,0,흡연,당뇨,없음,암·건강,없음,8,예산·보장 재검토
58,남성,5000,1,기혼,1,비흡연,고혈압,심혈관,유병자 보장,노후 자금,10,예산·보장 재검토
58,남성,5000,1,기혼,1,비흡연,당뇨,암,암·건강,없음,12,수호천사 암/건강보험
58,남성,5000,1,기혼,1,비흡연,없음,암,가족 생활비,없음,20,수호천사 우리가족 종신보험
58,남성,5000,1,기혼,1,비흡연,없음,암,가족 생활비,없음,6,예산·보장 재검토
58,남성,5000,1,기혼,1,비흡연,없음,없음,노후 자금,가족 생활비,6,예산·보장 재검토
58,남성,5000,1,기혼,1,비흡연,없음,없음,가족 생활비,없음,10,예산·보장 재검토
58,남성,5000,1,기혼,1,흡연,당뇨,없음,가족 생활비,없음,6,예산·보장 재검토
58,남성,5000,1,기혼,2,비흡연,당뇨,암,암·건강,없음,8,수호천사 암/건강보험
58,남성,5000,1,미혼,0,비흡연,고혈압,심혈관,노후 자금,없음,12,수호천사 행복 연금보험
58,남성,5000,1,미혼,0,비흡연,당뇨,암,암·건강,가족 생활비,12,수호천사 암/건강보험
58,남성,5000,2,기혼,0,흡연,당뇨,없음,암·건강,유병자 보장,8,예산·보장 재검토
58,남성,5000,2,기혼,1,비흡연,당뇨,없음,유병자 보장,없음,12,수호천사 간편심사(유병자)보험
58,남성,5000,2,기혼,2,비흡연,고혈압,암,노후 자금,없음,12,수호천사 행복 연금보험
58,남성,5000,2,기혼,2,비흡연,없음,암,암·건강,노후 자금,15,수호천사 암/건강보험
58,남성,5000,2,미혼,0,비흡연,고혈압,없음,가족 생활비,노후 자금,8,예산·보장 재검토
58,남성,5000,2,미혼,0,비흡연,당뇨,암,노후 자금,없음,12,수호천사 행복 연금보험
58,남성,5000,3,기혼,1,비흡연,고혈압,없음,노후 자금,없음,12,수호천사 행복 연금보험
58,남성,5000,3,기혼,2,비흡연,없음,없음,유병자 보장,없음,8,예산·보장 재검토
58,남성,6000,1,기혼,2,비흡연,없음,없음,암·건강,없음,12,수호천사 암/건강보험
58,남성,6000,1,기혼,2,비흡연,없음,없음,가족 생활비,없음,12,예산·보장 재검토
58,남성,6000,1,미혼,0,비흡연,고혈압,암,암·건강,가족 생활비,8,수호천사 암/건강보험
58,남성,6000,1,미혼,0,비흡연,고혈압,없음,노후 자금,없음,10,예산·보장 재검토
58,남성,6000,2,기혼,2,비흡연,고혈압,암,유병자 보장,없음,10,예산·보장 재검토
58,남성,6000,3,기혼,2,흡연,고혈압,없음,가족 생활비,암·건강,15,수호천사 우리가족 종신보험
58,남성,7500,1,기혼,1,비흡연,고혈압,없음,유병자 보장,노후 자금,6,예산·보장 재검토
58,남성,7500,1,기혼,1,비흡연,당뇨,심혈관,가족 생활비,유병자 보장,12,수호천사 간편심사(유병자)보험
58,남성,7500,1,기혼,2,비흡연,없음,없음,유병자 보장,없음,8,예산·보장 재검토
58,남성,7500,2,기혼,1,비흡연,없음,없음,노후 자금,유병자 보장,12,수호천사 행복 연금보험
58,남성,9000,1,기혼,1,흡연,고혈압,없음,암·건강,없음,15,수호천사 암/건강보험
58,남성,12000,2,기혼,2,비흡연,고혈압,암,노후 자금,가족 생활비,12,수호천사 행복 연금보험
58,여성,3000,1,기혼,1,비흡연,당뇨,없음,가족 생활비,없음,10,예산·보장 재검토
58,여성,3000,2,기혼,1,비흡연,고혈압,암,암·건강,노후 자금,8,수호천사 암/건강보험
58,여성,3000,2,기혼,1,비흡연,고혈압,없음,암·건강,없음,8,수호천사 암/건강보험
58,여성,3000,2,기혼,1,비흡연,없음,없음,가족 생활비,없음,12,예산·보장 재검토
58,여성,3000,3,기혼,0,비흡연,없음,없음,암·건강,없음,6,예산·보장 재검토
58,여성,4000,1,기혼,0,비흡연,고혈압,없음,유병자 보장,가족 생활비,12,수호천사 간편심사(유병자)보험
58,여성,4000,1,기혼,0,비흡연,고혈압,없음,노후 자금,없음,10,예산·보장 재검토
58,여성,4000,1,기혼,0,비흡연,없음,없음,노후 자금,없음,15,수호천사 행복 연금보험
58,여성,4000,1,기혼,1,비흡연,고혈압,없음,유병자 보장,없음,8,예산·보장 재검토
58,여성,4000,1,기혼,1,비흡연,당뇨,없음,가족 생활비,없음,10,예산·보장 재검토
58,여성,4000,1,기혼,2,비흡연,당뇨,암,유병자 보장,없음,6,예산·보장 재검토
58,여성,4000,1,기혼,2,비흡연,없음,없음,노후 자금,암·건강,20,수호천사 행복 연금보험
58,여성,4000,1,기혼,2,비흡연,없음,없음,암·건강,없음,12,수호천사 암/건강보험
58,여성,4000,1,미혼,0,비흡연,고혈압,없음,노후 자금,없음,10,예산·보장 재검토
58,여성,4000,1,미혼,0,흡연,고혈압,없음,노후 자금,암·건강,12,수호천사 행복 연금보험
58,여성,4000,2,기혼,0,비흡연,없음,없음,암·건강,없음,8,수호천사 암/건강보험
58,여성,4000,2,기혼,1,비흡연,당뇨,없음,유병자 보장,없음,10,예산·보장 재검토
58,여성,4000,2,기혼,1,비흡연,없음,없음,가족 생활비,없음,15,수호천사 우리가족 종신보험
58,여성,4000,3,기혼,1,비흡연,고혈압,없음,노후 자금,암·건강,6,예산·보장 재검토
58,여성,4000,3,기혼,1,비흡연,고혈압,없음,가족 생활비,없음,20,수호천사 우리가족 종신보험
58,여성,5000,1,기혼,0,비흡연,없음,암,노후 자금,유병자 보장,15,수호천사 행복 연금보험
58,여성,5000,1,기혼,0,흡연,고혈압,없음,노후 자금,없음,20,수호천사 행복 연금보험
58,여성,5000,1,기혼,1,비흡연,당뇨,암,노후 자금,없음,15,수호천사 행복 연금보험
58,여성,5000,1,기혼,1,비흡연,없음,없음,가족 생활비,없음,8,예산·보장 재검토
58,여성,5000,1,기혼,1,비흡연,없음,없음,가족 생활비,없음,10,예산·보장 재검토
58,여성,5000,1,기혼,1,흡연,고혈압,암,가족 생활비,없음,6,예산·보장 재검토
58,여성,5000,1,기혼,1,흡연,고혈압,없음,유병자 보장,암·건강,12,수호천사 간편심사(유병자)보험
58,여성,5000,1,기혼,1,흡연,없음,없음,노후 자금,암·건강,6,예산·보장 재검토
58,여성,5000,1,기혼,2,비흡연,없음,암,암·건강,없음,15,수호천사 암/건강보험
58,여성,5000,1,기혼,2,비흡연,없음,없음,유병자 보장,노후 자금,8,예산·보장 재검토
58,여성,5000,1,기혼,2,흡연,없음,없음,노후 자금,유병자 보장,6,예산·보장 재검토
58,여성,5000,1,미혼,0,비흡연,없음,없음,가족 생활비,암·건강,6,예산·보장 재검토
58,여성,5000,1,미혼,0,흡연,고혈압,없음,유병자 보장,없음,12,수호천사 간편심사(유병자)보험
58,여성,5000,2,미혼,0,흡연,없음,심혈관,암·건강,유병자 보장,6,예산·보장 재검토
58,여성,5000,3,기혼,2,비흡연,없음,심혈관,가족 생활비,없음,6,예산·보장 재검토
58,여성,6000,1,기혼,0,비흡연,고혈압,없음,노후 자금,없음,6,예산·보장 재검토
58,여성,6000,1,기혼,0,흡연,당뇨,없음,암·건강,없음,8,예산·보장 재검토
58,여성,6000,1,기혼,1,비흡연,고혈압,심혈관,암·건강,가족 생활비,20,수호천사 암/건강보험
58,여성,6000,1,기혼,1,비흡연,고혈압,없음,가족 생활비,유병자 보장,10,예산·보장 재검토
58,여성,6000,2,기혼,2,비흡연,당뇨,없음,노후 자금,암·건강,8,수호천사 암/건강보험
58,여성,6000,3,미혼,0,비흡연,고혈압,심혈관,유병자 보장,가족 생활비,6,예산·보장 재검토
58,여성,7500,1,기혼,1,비흡연,없음,없음,노후 자금,암·건강,6,예산·보장 재검토
58,여성,7500,1,기혼,2,비흡연,고혈압,암,노후 자금,암·건강,10,수호천사 암/건강보험
58,여성,7500,2,기혼,2,흡연,고혈압,없음,유병자 보장,노후 자금,6,예산·보장 재검토
58,여성,9000,1,기혼,1,흡연,고혈압,없음,노후 자금,가족 생활비,6,예산·보장 재검토
58,여성,9000,1,기혼,2,비흡연,당뇨,암,가족 생활비,노후 자금,6,예산·보장 재검토
58,여성,9000,1,기혼,2,비흡연,없음,없음,가족 생활비,없음,8,예산·보장 재검토
58,여성,12000,2,기혼,2,비흡연,없음,심혈관,가족 생활비,없음,15,수호천사 우리가족 종신보험
59,남성,3000,1,기혼,1,비흡연,고혈압,암,노후 자금,없음,6,예산·보장 재검토
59,남성,3000,1,기혼,1,비흡연,고혈압,없음,노후 자금,암·건강,12,수호천사 행복 연금보험
59,남성,3000,1,기혼,1,비흡연,고혈압,없음,노후 자금,없음,10,예산·보장 재검토
59,남성,3000,1,기혼,1,비흡연,없음,암,노후 자금,가족 생활비,15,수호천사 행복 연금보험
59,남성,3000,1,기혼,1,비흡연,없음,없음,가족 생활비,노후 자금,6,예산·보장 재검토
59,남성,3000,1,기혼,1,흡연,고혈압,없음,노후 자금,없음,15,수호천사 행복 연금보험
59,남성,3000,1,기혼,2,비흡연,당뇨,암,노후 자금,암·건강,15,수호천사 행복 연금보험
59,남성,3000,1,기혼,2,비흡연,없음,심혈관,암·건강,노후 자금,20,수호천사 암/건강보험
59,남성,3000,1,기혼,2,비흡연,없음,암,암·건강,없음,15,수호천사 암/건강보험
59,남성,3000,1,기혼,2,흡연,없음,심혈관,가족 생활비,유병자 보장,6,예산·보장 재검토
59,남성,3000,2,기혼,1,비흡연,당뇨,없음,노후 자금,유병자 보장,20,수호천사 행복 연금보험
59,남성,3000,2,기혼,1,비흡연,없음,없음,가족 생활비,없음,15,수호천사 우리가족 종신보험
59,남성,3000,3,기혼,1,흡연,없음,없음,노후 자금,없음,6,예산·보장 재검토
59,남성,4000,1,기혼,0,흡연,없음,암,암·건강,없음,6,예산·보장 재검토
59,남성,4000,1,기혼,0,흡연,없음,없음,가족 생활비,유병자 보장,20,수호천사 우리가족 종신보험
59,남성,4000,1,기혼,1,비흡연,고혈압,없음,가족 생활비,유병자 보장,6,예산·보장 재검토
59,남성,4000,1,기혼,1,비흡연,고혈압,없음,유병자 보장,가족 생활비,12,수호천사 간편심사(유병자)보험
59,남성,4000,1,기혼,1,비흡연,당뇨,없음,노후 자금,없음,8,예산·보장 재검토
59,남성,4000,1,기혼,1,비흡연,당뇨,없음,유병자 보장,없음,12,수호천사 간편심사(유병자)보험
59,남성,4000,1,기혼,1,비흡연,없음,암,노후 자금,가족 생활비,6,예산·보장 재검토
59,남성,4000,1,기혼,1,흡연,고혈압,심혈관,유병자 보장,노후 자금,12,수호천사 간편심사(유병자)보험
59,남성,4000,1,기혼,1,흡연,고혈압,암,노후 자금,없음,10,수호천사 암/건강보험
59,남성,4000,1,기혼,2,비흡연,고혈압,없음,가족 생활비,유병자 보장,20,수호천사 우리가족 종신보험
59,남성,4000,1,기혼,2,비흡연,고혈압,없음,유병자 보장,가족 생활비,6,예산·보장 재검토
59,남성,4000,1,기혼,2,비흡연,없음,심혈관,암·건강,없음,6,예산·보장 재검토
59,남성,4000,1,기혼,2,흡연,고혈압,없음,암·건강,없음,6,예산·보장 재검토
59,남성,4000,1,기혼,2,흡연,당뇨,심혈관,가족 생활비,없음,6,예산·보장 재검토
59,남성,4000,1,미혼,0,비흡연,고혈압,없음,노후 자금,없음,20,수호천사 행복 연금보험
59,남성,4000,2,기혼,1,비흡연,없음,암,가족 생활비,유병자 보장,6,예산·보장 재검토
59,남성,4000,2,기혼,1,비흡연,없음,없음,가족 생활비,유병자 보장,6,예산·보장 재검토
59,남성,4000,2,기혼,2,비흡연,고혈압,암,가족 생활비,없음,15,수호천사 우리가족 종신보험
59,남성,4000,2,기혼,2,비흡연,고혈압,없음,가족 생활비,암·건강,8,수호천사 암/건강보험
59,남성,4000,2,기혼,2,비흡연,당뇨,없음,가족 생활비,없음,8,예산·보장 재검토
59,남성,5000,1,기혼,0,비흡연,없음,암,유병자 보장,암·건강,12,수호천사 간편심사(유병자)보험
59,남성,5000,1,기혼,0,흡연,없음,암,노후 자금,없음,8,예산·보장 재검토
59,남성,5000,1,기혼,1,흡연,없음,없음,노후 자금,유병자 보장,15,수호천사 행복 연금보험
59,남성,5000,1,미혼,0,비흡연,당뇨,없음,유병자 보장,없음,12,수호천사 간편심사(유병자)보험
59,남성,5000,2,기혼,1,비흡연,없음,암,암·건강,없음,8,수호천사 암/건강보험
59,남성,6000,1,기혼,0,비흡연,없음,없음,암·건강,가족 생활비,12,수호천사 암/건강보험
59,남성,6000,1,기혼,1,비흡연,고혈압,없음,가족 생활비,유병자 보장,15,수호천사 우리가족 종신보험
59,남성,6000,1,기혼,1,비흡연,당뇨,심혈관,유병자 보장,암·건강,10,수호천사 암/건강보험
59,남성,6000,1,기혼,2,비흡연,없음,없음,노후 자금,없음,15,수호천사 행복 연금보험
59,남성,6000,1,미혼,0,흡연,당뇨,암,유병자 보장,가족 생활비,10,수호천사 암/건강보험
59,남성,6000,2,기혼,2,비흡연,고혈압,심혈관,가족 생활비,암·건강,10,수호천사 암/건강보험
59,남성,6000,3,기혼,1,흡연,고혈압,없음,노후 자금,없음,15,수호천사 행복 연금보험
59,남성,7500,1,기혼,0,흡연,없음,없음,유병자 보장,가족 생활비,6,예산·보장 재검토
59,남성,7500,1,기혼,1,비흡연,고혈압,암,노후 자금,없음,10,예산·보장 재검토
59,남성,7500,1,기혼,1,비흡연,당뇨,암,암·건강,유병자 보장,6,예산·보장 재검토
59,남성,7500,1,기혼,1,비흡연,당뇨,없음,가족 생활비,없음,15,수호천사 우리가족 종신보험
59,남성,7500,1,기혼,1,흡연,고혈압,암,노후 자금,유병자 보장,12,수호천사 행복 연금보험
59,남성,7500,2,기혼,1,비흡연,고혈압,없음,노후 자금,없음,8,예산·보장 재검토
59,남성,7500,2,기혼,2,비흡연,없음,심혈관,노후 자금,없음,6,예산·보장 재검토
59,남성,9000,1,기혼,0,비흡연,없음,없음,가족 생활비,없음,20,수호천사 우리가족 종신보험
59,남성,9000,1,기혼,1,비흡연,고혈압,없음,노후 자금,없음,8,예산·보장 재검토
59,남성,12000,3,기혼,2,비흡연,고혈압,심혈관,가족 생활비,없음,8,예산·보장 재검토
59,여성,3000,1,기혼,1,비흡연,없음,없음,가족 생활비,없음,6,예산·보장 재검토
59,여성,3000,1,기혼,1,흡연,고혈압,암,암·건강,없음,10,수호천사 암/건강보험
59,여성,3000,1,기혼,2,비흡연,고혈압,없음,유병자 보장,없음,8,예산·보장 재검토
59,여성,3000,1,기혼,2,비흡연,당뇨,심혈관,가족 생활비,없음,15,수호천사 우리가족 종신보험
59,여성,3000,1,기혼,2,비흡연,없음,암,암·건강,노후 자금,12,수호천사 암/건강보험
59,여성,3000,1,미혼,0,비흡연,고혈압,없음,노후 자금,암·건강,6,예산·보장 재검토
59,여성,3000,1,미혼,0,비흡연,고혈압,없음,노후 자금,유병자 보장,10,예산·보장 재검토
59,여성,3000,1,미혼,0,비흡연,당뇨,심혈관,노후 자금,없음,8,예산·보장 재검토
59,여성,3000,1,미혼,0,비흡연,당뇨,없음,암·건강,유병자 보장,6,예산·보장 재검토
59,여성,3000,2,기혼,1,비흡연,고혈압,암,노후 자금,없음,10,예산·보장 재검토
59,여성,3000,2,기혼,1,비흡연,고혈압,없음,암·건강,없음,6,예산·보장 재검토
59,여성,3000,3,기혼,1,비흡연,당뇨,없음,가족 생활비,없음,20,수호천사 우리가족 종신보험
59,여성,3000,3,기혼,1,비흡연,없음,없음,노후 자금,유병자 보장,10,수호천사 간편심사(유병자)보험
59,여성,4000,1,기혼,1,비흡연,고혈압,없음,암·건강,유병자 보장,6,예산·보장 재검토
59,여성,4000,1,기혼,2,비흡연,고혈압,암,암·건강,없음,20,수호천사 암/건강보험
59,여성,4000,1,기혼,2,비흡연,없음,암,암·건강,없음,10,수호천사 암/건강보험
59,여성,4000,1,기혼,2,흡연,없음,암,가족 생활비,없음,6,예산·보장 재검토
59,여성,4000,1,미혼,0,비흡연,없음,없음,노후 자금,없음,10,예산·보장 재검토
59,여성,4000,2,기혼,1,비흡연,고혈압,암,암·건강,없음,20,수호천사 암/건강보험
59,여성,4000,2,기혼,2,비흡연,당뇨,없음,유병자 보장,없음,8,예산·보장 재검토
59,여성,4000,2,미혼,0,비흡연,당뇨,암,유병자 보장,없음,8,예산·보장 재검토
59,여성,5000,1,기혼,0,비흡연,고혈압,없음,유병자 보장,노후 자금,10,예산·보장 재검토
59,여성,5000,1,기혼,0,비흡연,없음,없음,노후 자금,암·건강,8,수호천사 암/건강보험
59,여성,5000,1,기혼,1,비흡연,고혈압,암,노후 자금,없음,6,예산·보장 재검토
59,여성,5000,1,기혼,1,비흡연,당뇨,없음,노후 자금,없음,10,예산·보장 재검토
59,여성,5000,1,기혼,1,비흡연,없음,없음,노후 자금,유병자 보장,15,수호천사 행복 연금보험
59,여성,5000,1,기혼,2,흡연,없음,없음,가족 생활비,노후 자금,12,수호천사 행복 연금보험
59,여성,5000,1,기혼,2,흡연,없음,없음,노후 자금,가족 생활비,6,예산·보장 재검토
59,여성,5000,2,기혼,1,비흡연,고혈압,암,암·건강,없음,10,수호천사 암/건강보험
59,여성,5000,2,기혼,1,비흡연,없음,없음,암·건강,가족 생활비,6,예산·보장 재검토
59,여성,5000,2,기혼,2,비흡연,고혈압,없음,가족 생활비,없음,8,예산·보장 재검토
59,여성,5000,3,기혼,0,비흡연,없음,없음,암·건강,가족 생활비,12,수호천사 암/건강보험
59,여성,5000,3,기혼,1,흡연,고혈압,암,노후 자금,암·건강,8,예산·보장 재검토
59,여성,6000,1,기혼,1,비흡연,고혈압,심혈관,가족 생활비,암·건강,15,수호천사 우리가족 종신보험
59,여성,6000,1,기혼,1,비흡연,당뇨,없음,노후 자금,유병자 보장,10,예산·보장 재검토
59,여성,6000,1,기혼,1,비흡연,없음,암,유병자 보장,노후 자금,12,수호천사 간편심사(유병자)보험
59,여성,6000,1,기혼,1,비흡연,없음,없음,가족 생활비,노후 자금,15,수호천사 우리가족 종신보험
59,여성,6000,1,기혼,1,흡연,당뇨,없음,가족 생활비,없음,12,수호천사 간편심사(유병자)보험
59,여성,6000,1,기혼,2,비흡연,없음,심혈관,암·건강,없음,15,수호천사 암/건강보험
59,여성,6000,1,기혼,2,비흡연,없음,없음,가족 생활비,없음,15,수호천사 우리가족 종신보험
59,여성,6000,1,미혼,0,흡연,고혈압,없음,가족 생활비,없음,12,수호천사 간편심사(유병자)보험
59,여성,6000,3,기혼,1,비흡연,당뇨,심혈관,노후 자금,암·건강,8,수호천사 암/건강보험
59,여성,6000,3,기혼,1,비흡연,없음,없음,노후 자금,없음,8,예산·보장 재검토
59,여성,7500,1,기혼,1,비흡연,고혈압,암,암·건강,유병자 보장,20,수호천사 암/건강보험
59,여성,7500,1,기혼,1,비흡연,고혈압,없음,가족 생활비,없음,6,예산·보장 재검토
59,여성,7500,1,미혼,0,비흡연,고혈압,없음,가족 생활비,노후 자금,20,수호천사 우리가족 종신보험
59,여성,7500,2,기혼,2,비흡연,당뇨,암,암·건강,없음,8,수호천사 암/건강보험
59,여성,7500,3,기혼,0,비흡연,당뇨,암,유병자 보장,없음,15,수호천사 간편심사(유병자)보험
59,여성,7500,3,기혼,1,비흡연,고혈압,없음,유병자 보장,없음,8,예산·보장 재검토
59,여성,9000,1,기혼,2,비흡연,고혈압,없음,유병자 보장,암·건강,20,수호천사 간편심사(유병자)보험
59,여성,9000,2,기혼,0,흡연,없음,암,가족 생활비,암·건강,6,예산·보장 재검토
59,여성,9000,3,기혼,2,비흡연,없음,암,암·건강,없음,10,수호천사 암/건강보험
59,여성,12000,1,미혼,0,비흡연,당뇨,없음,가족 생활비,없음,20,수호천사 우리가족 종신보험
59,여성,12000,2,기혼,0,흡연,없음,없음,유병자 보장,가족 생활비,8,예산·보장 재검토
59,여성,12000,2,기혼,1,비흡연,고혈압,없음,가족 생활비,노후 자금,8,예산·보장 재검토
59,여성,12000,2,기혼,2,흡연,고혈압,없음,유병자 보장,없음,20,수호천사 간편심사(유병자)보험
60,남성,3000,1,기혼,0,비흡연,없음,심혈관,노후 자금,없음,15,수호천사 행복 연금보험
60,남성,3000,1,기혼,1,비흡연,고혈압,암,암·건강,없음,6,예산·보장 재검토
60,남성,3000,1,기혼,1,비흡연,고혈압,암,가족 생활비,유병자 보장,10,예산·보장 재검토
60,남성,3000,1,기혼,1,비흡연,당뇨,암,유병자 보장,암·건강,8,수호천사 암/건강보험
60,남성,3000,1,기혼,1,비흡연,당뇨,암,유병자 보장,없음,6,예산·보장 재검토
60,남성,3000,1,기혼,1,비흡연,없음,암,가족 생활비,없음,10,예산·보장 재검토
60,남성,3000,1,기혼,1,흡연,당뇨,없음,노후 자금,가족 생활비,6,예산·보장 재검토
60,남성,3000,1,기혼,2,비흡연,없음,없음,노후 자금,없음,10,예산·보장 재검토
60,남성,3000,1,미혼,0,비흡연,당뇨,없음,유병자 보장,없음,8,예산·보장 재검토
60,남성,3000,2,기혼,1,비흡연,고혈압,없음,유병자 보장,없음,15,수호천사 간편심사(유병자)보험
60,남성,3000,2,기혼,2,비흡연,고혈압,심혈관,가족 생활비,없음,10,예산·보장 재검토
60,남성,3000,2,기혼,2,흡연,고혈압,없음,가족 생활비,노후 자금,6,예산·보장 재검토
60,남성,3000,2,미혼,0,비흡연,고혈압,없음,유병자 보장,암·건강,20,수호천사 간편심사(유병자)보험
60,남성,3000,2,미혼,0,비흡연,없음,암,노후 자금,없음,15,수호천사 행복 연금보험
60,남성,3000,3,기혼,0,비흡연,당뇨,없음,유병자 보장,없음,8,예산·보장 재검토
60,남성,4000,1,기혼,0,비흡연,고혈압,없음,가족 생활비,노후 자금,20,수호천사 우리가족 종신보험
60,남성,4000,1,기혼,0,비흡연,없음,암,암·건강,유병자 보장,8,수호천사 암/건강보험
60,남성,4000,1,기혼,0,흡연,당뇨,암,유병자 보장,없음,8,예산·보장 재검토
60,남성,4000,1,기혼,1,비흡연,당뇨,심혈관,암·건강,노후 자금,8,수호천사 암/건강보험
60,남성,4000,1,기혼,1,비흡연,당뇨,없음,노후 자금,유병자 보장,6,예산·보장 재검토
60,남성,4000,1,기혼,1,비흡연,없음,암,암·건강,없음,12,수호천사 암/건강보험
60,남성,4000,1,기혼,1,비흡연,없음,없음,노후 자금,없음,10,예산·보장 재검토
60,남성,4000,1,기혼,2,비흡연,고혈압,없음,노후 자금,없음,20,수호천사 행복 연금보험
60,남성,4000,1,기혼,2,비흡연,고혈압,없음,가족 생활비,없음,8,예산·보장 재검토
60,남성,4000,1,기혼,2,비흡연,당뇨,암,암·건강,가족 생활비,6,예산·보장 재검토
60,남성,4000,1,기혼,2,비흡연,없음,없음,가족 생활비,없음,8,예산·보장 재검토
60,남성,4000,1,미혼,0,비흡연,없음,암,유병자 보장,없음,6,예산·보장 재검토
60,남성,4000,1,미혼,0,흡연,고혈압,없음,가족 생활비,없음,20,수호천사 우리가족 종신보험
60,남성,4000,2,기혼,0,흡연,당뇨,암,노후 자금,없음,12,수호천사 행복 연금보험
60,남성,4000,2,기혼,1,비흡연,고혈압,없음,유병자 보장,없음,15,수호천사 간편심사(유병자)보험
60,남성,4000,2,기혼,2,흡연,없음,없음,노후 자금,없음,12,수호천사 행복 연금보험
60,남성,4000,3,기혼,1,비흡연,없음,암,암·건강,유병자 보장,8,수호천사 암/건강보험
60,남성,5000,1,기혼,0,비흡연,고혈압,암,유병자 보장,노후 자금,6,예산·보장 재검토
60,남성,5000,1,기혼,0,비흡연,고혈압,없음,암·건강,가족 생활비,10,수호천사 암/건강보험
60,남성,5000,1,기혼,0,비흡연,고혈압,없음,노후 자금,없음,15,수호천사 행복 연금보험
60,남성,5000,1,기혼,0,비흡연,없음,심혈관,암·건강,없음,8,수호천사 암/건강보험
60,남성,5000,1,기혼,1,비흡연,고혈압,심혈관,유병자 보장,없음,6,예산·보장 재검토
60,남성,5000,1,기혼,1,비흡연,고혈압,암,가족 생활비,없음,12,수호천사 간편심사(유병자)보험
60,남성,5000,1,기혼,1,비흡연,고혈압,없음,가족 생활비,유병자 보장,8,예산·보장 재검토
60,남성,5000,1,기혼,2,흡연,당뇨,없음,암·건강,없음,10,수호천사 암/건강보험
60,남성,5000,1,미혼,0,흡연,없음,없음,암·건강,없음,6,예산·보장 재검토
60,남성,5000,2,기혼,1,비흡연,당뇨,암,가족 생활비,없음,10,예산·보장 재검토
60,남성,5000,2,기혼,1,비흡연,없음,없음,가족 생활비,없음,8,예산·보장 재검토
60,남성,5000,3,기혼,1,비흡연,없음,심혈관,암·건강,없음,15,수호천사 암/건강보험
60,남성,6000,1,기혼,0,비흡연,없음,없음,노후 자금,가족 생활비,12,수호천사 행복 연금보험
60,남성,6000,1,기혼,1,비흡연,없음,없음,가족 생활비,유병자 보장,6,예산·보장 재검토
60,남성,6000,1,기혼,2,비흡연,당뇨,없음,가족 생활비,노후 자금,15,수호천사 우리가족 종신보험
60,남성,6000,1,기혼,2,비흡연,없음,없음,가족 생활비,암·건강,15,수호천사 우리가족 종신보험
60,남성,6000,1,미혼,0,비흡연,없음,암,암·건강,유병자 보장,12,수호천사 암/건강보험
60,남성,6000,2,기혼,0,비흡연,당뇨,없음,유병자 보장,노후 자금,20,수호천사 간편심사(유병자)보험
60,남성,6000,2,기혼,0,흡연,당뇨,암,암·건강,없음,15,수호천사 암/건강보험
60,남성,6000,2,기혼,2,비흡연,없음,없음,암·건강,없음,8,수호천사 암/건강보험
60,남성,7500,1,기혼,0,비흡연,없음,암,암·건강,가족 생활비,10,수호천사 암/건강보험
60,남성,7500,1,기혼,0,흡연,없음,암,노후 자금,없음,10,수호천사 암/건강보험
60,남성,7500,1,기혼,1,비흡연,없음,없음,노후 자금,없음,12,수호천사 행복 연금보험
60,남성,7500,1,미혼,0,비흡연,당뇨,암,유병자 보장,없음,20,수호천사 간편심사(유병자)보험
60,남성,9000,1,기혼,1,흡연,고혈압,없음,가족 생활비,암·건강,12,수호천사 암/건강보험
60,남성,9000,1,기혼,2,비흡연,없음,암,가족 생활비,없음,8,예산·보장 재검토
60,남성,9000,2,기혼,0,비흡연,없음,없음,노후 자금,없음,20,수호천사 행복 연금보험
60,남성,9000,3,기혼,2,흡연,고혈압,없음,유병자 보장,없음,15,수호천사 간편심사(유병자)보험
60,남성,12000,1,기혼,2,비흡연,없음,없음,가족 생활비,노후 자금,8,예산·보장 재검토
60,여성,3000,1,기혼,0,흡연,고혈압,없음,유병자 보장,노후 자금,20,수호천사 간편심사(유병자)보험
60,여성,3000,1,기혼,1,비흡연,당뇨,심혈관,암·건강,없음,8,수호천사 암/건강보험
60,여성,3000,1,기혼,1,비흡연,없음,암,유병자 보장,없음,10,수호천사 간편심사(유병자)보험
60,여성,3000,1,기혼,1,비흡연,없음,암,노후 자금,없음,10,예산·보장 재검토
60,여성,3000,1,기혼,1,비흡연,없음,없음,노후 자금,암·건강,20,수호천사 행복 연금보험
60,여성,3000,1,기혼,2,비흡연,당뇨,없음,유병자 보장,노후 자금,8,예산·보장 재검토
60,여성,3000,1,기혼,2,비흡연,없음,암,가족 생활비,없음,8,예산·보장 재검토
60,여성,3000,1,미혼,0,흡연,없음,없음,가족 생활비,없음,10,예산·보장 재검토
60,여성,3000,2,미혼,0,비흡연,없음,없음,가족 생활비,없음,15,수호천사 우리가족 종신보험
60,여성,4000,1,기혼,1,비흡연,고혈압,암,가족 생활비,없음,6,예산·보장 재검토
60,여성,4000,1,기혼,1,비흡연,없음,없음,암·건강,없음,6,예산·보장 재검토
60,여성,4000,1,기혼,1,흡연,고혈압,암,노후 자금,없음,20,수호천사 행복 연금보험
60,여성,4000,1,기혼,1,흡연,고혈압,없음,노후 자금,없음,12,수호천사 행복 연금보험
60,여성,4000,1,기혼,2,비흡연,고혈압,없음,가족 생활비,없음,8,예산·보장 재검토
60,여성,4000,1,기혼,2,흡연,고혈압,암,가족 생활비,없음,8,예산·보장 재검토
60,여성,4000,1,미혼,0,흡연,없음,암,가족 생활비,없음,10,수호천사 암/건강보험
60,여성,4000,2,기혼,2,흡연,고혈압,없음,유병자 보장,없음,12,수호천사 간편심사(유병자)보험
60,여성,4000,2,기혼,2,흡연,없음,암,암·건강,노후 자금,10,수호천사 암/건강보험
60,여성,4000,3,기혼,2,비흡연,당뇨,심혈관,가족 생활비,노후 자금,12,수호천사 행복 연금보험
60,여성,4000,3,기혼,2,흡연,당뇨,암,암·건강,노후 자금,6,예산·보장 재검토
60,여성,5000,1,기혼,0,비흡연,없음,심혈관,노후 자금,없음,15,수호천사 행복 연금보험
60,여성,5000,1,기혼,1,비흡연,없음,없음,가족 생활비,없음,6,예산·보장 재검토
60,여성,5000,1,기혼,1,흡연,당뇨,없음,유병자 보장,없음,15,수호천사 간편심사(유병자)보험
60,여성,5000,1,기혼,2,비흡연,당뇨,없음,유병자 보장,노후 자금,6,예산·보장 재검토
60,여성,5000,1,기혼,2,비흡연,없음,암,노후 자금,유병자 보장,6,예산·보장 재검토
60,여성,5000,2,기혼,1,비흡연,고혈압,없음,유병자 보장,암·건강,6,예산·보장 재검토
60,여성,5000,2,기혼,1,비흡연,고혈압,없음,유병자 보장,없음,8,예산·보장 재검토
60,여성,5000,2,기혼,1,비흡연,없음,심혈관,암·건강,없음,10,수호천사 암/건강보험
60,여성,6000,1,기혼,0,비흡연,당뇨,심혈관,가족 생활비,없음,12,수호천사 간편심사(유병자)보험
60,여성,6000,1,기혼,1,비흡연,고혈압,암,노후 자금,가족 생활비,15,수호천사 행복 연금보험
60,여성,6000,1,기혼,1,비흡연,고혈압,없음,유병자 보장,가족 생활비,10,예산·보장 재검토
60,여성,6000,1,기혼,1,흡연,고혈압,심혈관,노후 자금,없음,10,수호천사 암/건강보험
60,여성,6000,1,기혼,1,흡연,당뇨,없음,유병자 보장,없음,8,예산·보장 재검토
60,여성,6000,1,기혼,2,비흡연,고혈압,심혈관,가족 생활비,노후 자금,15,수호천사 우리가족 종신보험
60,여성,6000,1,기혼,2,비흡연,고혈압,없음,암·건강,없음,6,예산·보장 재검토
60,여성,6000,1,기혼,2,비흡연,없음,심혈관,가족 생활비,노후 자금,8,예산·보장 재검토
60,여성,6000,1,기혼,2,흡연,당뇨,심혈관,가족 생활비,없음,6,예산·보장 재검토
60,여성,6000,1,기혼,2,흡연,당뇨,암,가족 생활비,없음,8,예산·보장 재검토
60,여성,6000,2,기혼,2,비흡연,없음,암,암·건강,노후 자금,12,수호천사 암/건강보험
60,여성,7500,1,기혼,1,비흡연,고혈압,없음,노후 자금,없음,6,예산·보장 재검토
60,여성,7500,1,기혼,1,흡연,없음,암,노후 자금,없음,6,예산·보장 재검토
60,여성,7500,1,미혼,0,흡연,고혈압,없음,유병자 보장,없음,15,수호천사 간편심사(유병자)보험
60,여성,7500,2,미혼,0,비흡연,없음,심혈관,노후 자금,없음,6,예산·보장 재검토
60,여성,9000,2,기혼,1,비흡연,없음,없음,노후 자금,없음,12,수호천사 행복 연금보험
60,여성,9000,2,기혼,2,비흡연,없음,없음,가족 생활비,없음,10,예산·보장 재검토
60,여성,9000,3,기혼,1,비흡연,없음,암,노후 자금,암·건강,20,수호천사 행복 연금보험
60,여성,12000,1,기혼,1,비흡연,고혈압,없음,유병자 보장,가족 생활비,15,수호천사 간편심사(유병자)보험
60,여성,12000,1,기혼,1,흡연,고혈압,없음,노후 자금,없음,6,예산·보장 재검토
61,남성,3000,1,기혼,0,비흡연,없음,심혈관,암·건강,없음,20,수호천사 암/건강보험
61,남성,3000,1,기혼,1,비흡연,고혈압,없음,유병자 보장,노후 자금,8,예산·보장 재검토
61,남성,3000,1,기혼,1,비흡연,없음,없음,가족 생활비,없음,8,예산·보장 재검토
61,남성,3000,1,기혼,1,비흡연,없음,없음,가족 생활비,없음,12,예산·보장 재검토
61,남성,3000,1,기혼,1,흡연,없음,암,노후 자금,암·건강,12,수호천사 행복 연금보험
61,남성,3000,1,기혼,1,흡연,없음,없음,노후 자금,없음,8,예산·보장 재검토
61,남성,3000,1,미혼,0,비흡연,고혈압,없음,암·건강,없음,8,수호천사 암/건강보험
61,남성,3000,2,기혼,1,비흡연,고혈압,없음,유병자 보장,없음,6,예산·보장 재검토
61,남성,3000,2,기혼,1,비흡연,당뇨,없음,유병자 보장,암·건강,10,수호천사 암/건강보험
61,남성,3000,2,기혼,2,비흡연,고혈압,없음,가족 생활비,없음,20,수호천사 우리가족 종신보험
61,남성,3000,2,기혼,2,비흡연,당뇨,없음,가족 생활비,암·건강,8,수호천사 암/건강보험
61,남성,4000,1,기혼,0,비흡연,고혈압,심혈관,노후 자금,없음,20,수호천사 행복 연금보험
61,남성,4000,1,기혼,0,비흡연,없음,없음,노후 자금,암·건강,6,예산·보장 재검토
61,남성,4000,1,기혼,1,비흡연,고혈압,암,암·건강,없음,15,수호천사 암/건강보험
61,남성,4000,1,기혼,1,비흡연,고혈압,없음,가족 생활비,없음,20,수호천사 우리가족 종신보험
61,남성,4000,1,기혼,1,비흡연,당뇨,없음,가족 생활비,노후 자금,12,수호천사 행복 연금보험
61,남성,4000,1,기혼,1,비흡연,없음,없음,가족 생활비,없음,6,예산·보장 재검토
61,남성,4000,1,기혼,1,흡연,고혈압,없음,유병자 보장,암·건강,8,예산·보장 재검토
61,남성,4000,1,기혼,2,비흡연,없음,없음,가족 생활비,암·건강,6,예산·보장 재검토
61,남성,4000,2,기혼,0,비흡연,고혈압,없음,유병자 보장,가족 생활비,10,예산·보장 재검토
61,남성,4000,2,기혼,0,비흡연,고혈압,없음,유병자 보장,없음,20,수호천사 간편심사(유병자)보험
61,남성,4000,2,기혼,0,비흡연,없음,없음,노후 자금,없음,8,예산·보장 재검토
61,남성,4000,2,기혼,2,비흡연,고혈압,심혈관,유병자 보장,가족 생활비,6,예산·보장 재검토
61,남성,4000,2,기혼,2,비흡연,없음,없음,가족 생활비,없음,8,예산·보장 재검토
61,남성,4000,3,기혼,2,흡연,당뇨,없음,가족 생활비,없음,10,예산·보장 재검토
61,남성,5000,1,기혼,1,비흡연,고혈압,암,노후 자금,가족 생활비,10,예산·보장 재검토
61,남성,5000,1,기혼,1,비흡연,없음,없음,유병자 보장,없음,8,예산·보장 재검토
61,남성,5000,1,기혼,2,비흡연,당뇨,없음,유병자 보장,암·건강,12,수호천사 간편심사(유병자)보험
61,남성,5000,1,기혼,2,비흡연,없음,암,유병자 보장,가족 생활비,6,예산·보장 재검토
61,남성,5000,1,기혼,2,비흡연,없음,없음,가족 생활비,없음,12,예산·보장 재검토
61,남성,5000,1,기혼,2,흡연,당뇨,없음,유병자 보장,암·건강,10,수호천사 암/건강보험
61,남성,5000,1,기혼,2,흡연,없음,없음,노후 자금,없음,6,예산·보장 재검토
61,남성,5000,1,미혼,0,비흡연,고혈압,없음,유병자 보장,없음,12,수호천사 간편심사(유병자)보험
61,남성,5000,2,기혼,1,비흡연,고혈압,암,암·건강,노후 자금,12,수호천사 암/건강보험
61,남성,5000,2,기혼,2,비흡연,없음,없음,가족 생활비,암·건강,10,수호천사 암/건강보험
61,남성,5000,3,기혼,1,흡연,고혈압,없음,노후 자금,없음,12,수호천사 행복 연금보험
61,남성,5000,3,기혼,1,흡연,고혈압,없음,노후 자금,없음,10,예산·보장 재검토
61,남성,6000,1,기혼,0,비흡연,고혈압,암,노후 자금,가족 생활비,8,예산·보장 재검토
61,남성,6000,1,기혼,1,비흡연,고혈압,없음,가족 생활비,없음,20,수호천사 우리가족 종신보험
61,남성,6000,1,기혼,2,비흡연,없음,암,가족 생활비,암·건강,20,수호천사 우리가족 종신보험
61,남성,7500,1,기혼,0,비흡연,고혈압,없음,노후 자금,암·건강,6,예산·보장 재검토
61,남성,7500,1,기혼,1,비흡연,없음,암,암·건강,없음,20,수호천사 암/건강보험
61,남성,7500,1,기혼,2,비흡연,고혈압,심혈관,가족 생활비,없음,15,수호천사 우리가족 종신보험
61,남성,7500,2,기혼,0,비흡연,고혈압,없음,노후 자금,없음,6,예산·보장 재검토
61,남성,7500,2,기혼,1,비흡연,고혈압,없음,유병자 보장,암·건강,12,수호천사 간편심사(유병자)보험
61,남성,7500,3,기혼,1,비흡연,당뇨,없음,가족 생활비,없음,6,예산·보장 재검토
61,남성,9000,1,기혼,0,흡연,고혈압,없음,유병자 보장,없음,12,수호천사 간편심사(유병자)보험
61,남성,9000,2,기혼,1,비흡연,당뇨,암,가족 생활비,유병자 보장,20,수호천사 우리가족 종신보험
61,남성,9000,2,기혼,1,비흡연,없음,암,암·건강,노후 자금,10,수호천사 암/건강보험
61,여성,3000,1,기혼,0,흡연,당뇨,암,가족 생활비,없음,10,수호천사 암/건강보험
61,여성,3000,1,기혼,1,비흡연,고혈압,없음,노후 자금,없음,8,예산·보장 재검토
61,여성,3000,1,기혼,1,흡연,고혈압,없음,유병자 보장,가족 생활비,10,예산·보장 재검토
61,여성,3000,1,기혼,2,비흡연,없음,없음,가족 생활비,없음,15,수호천사 우리가족 종신보험
61,여성,3000,1,미혼,0,비흡연,고혈압,암,암·건강,가족 생활비,6,예산·보장 재검토
61,여성,3000,2,기혼,0,비흡연,없음,암,암·건강,노후 자금,10,수호천사 암/건강보험
61,여성,3000,3,기혼,1,비흡연,고혈압,없음,노후 자금,암·건강,8,수호천사 암/건강보험
61,여성,4000,1,기혼,0,비흡연,고혈압,암,유병자 보장,가족 생활비,12,수호천사 간편심사(유병자)보험
61,여성,4000,1,기혼,0,비흡연,없음,암,암·건강,가족 생활비,12,수호천사 암/건강보험
61,여성,4000,1,기혼,0,흡연,고혈압,암,유병자 보장,없음,12,수호천사 간편심사(유병자)보험
61,여성,4000,1,기혼,1,비흡연,고혈압,암,노후 자금,없음,8,예산·보장 재검토
61,여성,4000,1,기혼,1,비흡연,고혈압,암,유병자 보장,가족 생활비,10,예산·보장 재검토
61,여성,4000,1,기혼,1,비흡연,없음,없음,노후 자금,유병자 보장,10,수호천사 간편심사(유병자)보험
61,여성,4000,1,기혼,1,흡연,당뇨,없음,유병자 보장,없음,12,수호천사 간편심사(유병자)보험
61,여성,4000,1,기혼,2,비흡연,없음,심혈관,암·건강,가족 생활비,10,수호천사 암/건강보험
61,여성,4000,1,기혼,2,흡연,고혈압,없음,가족 생활비,없음,15,수호천사 우리가족 종신보험
61,여성,4000,1,기혼,2,흡연,없음,심혈관,암·건강,없음,8,예산·보장 재검토
61,여성,4000,2,기혼,0,비흡연,고혈압,없음,노후 자금,유병자 보장,6,예산·보장 재검토
61,여성,4000,2,기혼,2,비흡연,없음,없음,가족 생활비,없음,20,수호천사 우리가족 종신보험
61,여성,4000,3,기혼,0,비흡연,고혈압,암,노후 자금,가족 생활비,6,예산·보장 재검토
61,여성,4000,3,기혼,0,비흡연,없음,없음,노후 자금,없음,20,수호천사 행복 연금보험
61,여성,5000,1,기혼,0,비흡연,고혈압,없음,노후 자금,암·건강,12,수호천사 행복 연금보험
61,여성,5000,1,기혼,1,비흡연,고혈압,암,암·건강,없음,20,수호천사 암/건강보험
61,여성,5000,1,기혼,1,흡연,없음,심혈관,가족 생활비,없음,10,수호천사 암/건강보험
61,여성,5000,1,기혼,2,비흡연,당뇨,없음,노후 자금,암·건강,15,수호천사 행복 연금보험
61,여성,5000,1,기혼,2,흡연,고혈압,없음,유병자 보장,없음,12,수호천사 간편심사(유병자)보험
61,여성,5000,1,미혼,0,비흡연,없음,심혈관,암·건강,없음,10,수호천사 암/건강보험
61,여성,5000,2,기혼,0,비흡연,당뇨,없음,노후 자금,없음,8,예산·보장 재검토
61,여성,5000,2,기혼,1,비흡연,없음,암,암·건강,없음,6,예산·보장 재검토
61,여성,5000,3,기혼,0,흡연,없음,없음,노후 자금,없음,8,예산·보장 재검토
61,여성,5000,3,기혼,2,비흡연,당뇨,암,가족 생활비,암·건강,20,수호천사 우리가족 종신보험
61,여성,6000,1,기혼,1,비흡연,당뇨,심혈관,암·건강,없음,8,수호천사 암/건강보험
61,여성,6000,1,기혼,1,비흡연,없음,없음,가족 생활비,없음,15,수호천사 우리가족 종신보험
61,여성,6000,1,기혼,1,흡연,없음,없음,가족 생활비,노후 자금,10,예산·보장 재검토
61,여성,6000,1,기혼,2,비흡연,고혈압,암,유병자 보장,노후 자금,8,예산·보장 재검토
61,여성,6000,2,기혼,2,비흡연,고혈압,없음,노후 자금,없음,20,수호천사 행복 연금보험
61,여성,7500,1,기혼,1,비흡연,고혈압,없음,유병자 보장,없음,6,예산·보장 재검토
61,여성,7500,1,기혼,1,비흡연,당뇨,없음,유병자 보장,없음,12,수호천사 간편심사(유병자)보험
61,여성,7500,1,기혼,1,비흡연,없음,없음,노후 자금,없음,10,예산·보장 재검토
61,여성,7500,1,기혼,2,비흡연,고혈압,없음,유병자 보장,암·건강,6,예산·보장 재검토
61,여성,7500,1,기혼,2,비흡연,없음,없음,노후 자금,유병자 보장,8,예산·보장 재검토
61,여성,7500,1,미혼,0,비흡연,당뇨,없음,암·건강,없음,15,수호천사 암/건강보험
61,여성,9000,1,기혼,1,비흡연,고혈압,없음,가족 생활비,없음,6,예산·보장 재검토
61,여성,9000,1,기혼,1,비흡연,고혈압,없음,암·건강,노후 자금,15,수호천사 암/건강보험
61,여성,9000,3,기혼,0,비흡연,당뇨,없음,노후 자금,없음,12,수호천사 행복 연금보험
61,여성,12000,2,기혼,2,비흡연,고혈압,없음,노후 자금,없음,6,예산·보장 재검토
62,남성,3000,1,기혼,0,비흡연,고혈압,없음,노후 자금,가족 생활비,8,예산·보장 재검토
62,남성,3000,1,기혼,1,비흡연,고혈압,없음,노후 자금,없음,6,예산·보장 재검토
62,남성,3000,1,기혼,1,비흡연,당뇨,심혈관,가족 생활비,없음,15,수호천사 우리가족 종신보험
62,남성,3000,1,기혼,1,비흡연,당뇨,없음,노후 자금,없음,10,예산·보장 재검토
62,남성,3000,1,기혼,1,비흡연,당뇨,없음,가족 생활비,없음,6,예산·보장 재검토
62,남성,3000,1,기혼,1,흡연,고혈압,암,노후 자금,없음,10,수호천사 암/건강보험
62,남성,3000,1,기혼,1,흡연,없음,없음,가족 생활비,암·건강,10,수호천사 암/건강보험
62,남성,3000,1,기혼,2,비흡연,없음,암,노후 자금,없음,10,예산·보장 재검토
62,남성,3000,1,기혼,2,비흡연,없음,없음,가족 생활비,없음,6,예산·보장 재검토
62,남성,3000,1,기혼,2,흡연,당뇨,암,유병자 보장,없음,6,예산·보장 재검토
62,남성,4000,1,기혼,0,비흡연,고혈압,없음,노후 자금,없음,8,예산·보장 재검토
62,남성,4000,1,기혼,0,비흡연,없음,없음,유병자 보장,없음,12,수호천사 간편심사(유병자)보험
62,남성,4000,1,기혼,1,비흡연,고혈압,없음,유병자 보장,노후 자금,10,예산·보장 재검토
62,남성,4000,1,기혼,1,비흡연,당뇨,심혈관,노후 자금,없음,8,예산·보장 재검토
62,남성,4000,1,기혼,1,비흡연,없음,심혈관,가족 생활비,유병자 보장,6,예산·보장 재검토
62,남성,4000,1,기혼,2,비흡연,고혈압,암,암·건강,가족 생활비,12,수호천사 암/건강보험
62,남성,4000,1,기혼,2,비흡연,당뇨,없음,유병자 보장,노후 자금,6,예산·보장 재검토
62,남성,4000,1,기혼,2,비흡연,없음,심혈관,가족 생활비,암·건강,10,수호천사 암/건강보험
62,남성,4000,1,미혼,0,비흡연,없음,심혈관,가족 생활비,없음,8,예산·보장 재검토
62,남성,4000,2,기혼,0,비흡연,없음,암,노후 자금,없음,8,예산·보장 재검토
62,남성,4000,2,기혼,0,비흡연,없음,없음,노후 자금,없음,10,예산·보장 재검토
62,남성,4000,2,기혼,1,흡연,고혈압,암,가족 생활비,없음,6,예산·보장 재검토
62,남성,4000,2,기혼,1,흡연,없음,없음,노후 자금,없음,10,예산·보장 재검토
62,남성,4000,3,기혼,1,비흡연,고혈압,심혈관,유병자 보장,노후 자금,6,예산·보장 재검토
62,남성,5000,1,기혼,0,비흡연,당뇨,없음,노후 자금,없음,10,예산·보장 재검토
62,남성,5000,1,기혼,2,비흡연,고혈압,없음,유병자 보장,노후 자금,10,예산·보장 재검토
62,남성,5000,1,기혼,2,비흡연,없음,없음,암·건강,없음,6,예산·보장 재검토
62,남성,5000,1,기혼,2,비흡연,없음,없음,노후 자금,가족 생활비,12,수호천사 행복 연금보험
62,남성,5000,1,미혼,0,비흡연,없음,없음,노후 자금,없음,12,수호천사 행복 연금보험
62,남성,5000,3,기혼,1,흡연,없음,암,유병자 보장,없음,20,수호천사 간편심사(유병자)보험
62,남성,5000,3,미혼,0,비흡연,없음,없음,노후 자금,없음,8,예산·보장 재검토
62,남성,6000,1,기혼,1,비흡연,고혈압,암,유병자 보장,암·건강,8,수호천사 암/건강보험
62,남성,6000,1,기혼,1,비흡연,없음,없음,가족 생활비,노후 자금,8,예산·보장 재검토
62,남성,6000,1,기혼,1,흡연,없음,없음,가족 생활비,없음,15,수호천사 우리가족 종신보험
62,남성,6000,1,기혼,2,비흡연,고혈압,심혈관,암·건강,없음,10,수호천사 암/건강보험
62,남성,6000,1,기혼,2,비흡연,고혈압,없음,가족 생활비,유병자 보장,8,예산·보장 재검토
62,남성,6000,2,기혼,0,흡연,고혈압,없음,유병자 보장,없음,15,수호천사 간편심사(유병자)보험
62,남성,6000,2,기혼,1,비흡연,없음,없음,가족 생활비,없음,6,예산·보장 재검토
62,남성,6000,2,기혼,1,흡연,없음,없음,유병자 보장,암·건강,12,수호천사 간편심사(유병자)보험
62,남성,6000,3,기혼,1,비흡연,고혈압,암,노후 자금,없음,10,예산·보장 재검토
62,남성,6000,3,기혼,2,흡연,고혈압,암,가족 생활비,없음,12,수호천사 암/건강보험
62,남성,7500,1,기혼,1,비흡연,고혈압,없음,노후 자금,가족 생활비,15,수호천사 행복 연금보험
62,남성,7500,1,기혼,1,비흡연,고혈압,없음,유병자 보장,없음,8,예산·보장 재검토
62,남성,7500,1,기혼,1,비흡연,당뇨,없음,가족 생활비,유병자 보장,12,수호천사 간편심사(유병자)보험
62,남성,7500,1,기혼,1,흡연,고혈압,심혈관,노후 자금,없음,12,수호천사 행복 연금보험
62,남성,7500,1,기혼,2,흡연,고혈압,심혈관,유병자 보장,암·건강,6,예산·보장 재검토
62,남성,7500,1,미혼,0,비흡연,없음,없음,유병자 보장,없음,20,수호천사 간편심사(유병자)보험
62,남성,7500,1,미혼,0,비흡연,없음,없음,유병자 보장,없음,15,수호천사 간편심사(유병자)보험
62,남성,7500,2,기혼,1,비흡연,고혈압,없음,유병자 보장,없음,20,수호천사 간편심사(유병자)보험
62,남성,7500,2,기혼,1,비흡연,없음,암,가족 생활비,없음,15,수호천사 우리가족 종신보험
62,남성,9000,1,기혼,0,비흡연,고혈압,없음,유병자 보장,없음,8,예산·보장 재검토
62,남성,9000,1,기혼,1,비흡연,당뇨,심혈관,유병자 보장,없음,10,예산·보장 재검토
62,남성,9000,1,기혼,2,흡연,고혈압,없음,가족 생활비,없음,10,예산·보장 재검토
62,여성,3000,1,기혼,0,비흡연,당뇨,심혈관,암·건강,없음,6,예산·보장 재검토
62,여성,3000,1,기혼,1,비흡연,고혈압,암,유병자 보장,노후 자금,8,예산·보장 재검토
62,여성,3000,1,기혼,1,비흡연,고혈압,없음,가족 생활비,암·건강,8,수호천사 암/건강보험
62,여성,3000,1,기혼,1,비흡연,고혈압,없음,유병자 보장,없음,6,예산·보장 재검토
62,여성,3000,1,기혼,1,흡연,없음,암,암·건강,없음,15,수호천사 암/건강보험
62,여성,3000,1,기혼,2,비흡연,당뇨,없음,유병자 보장,없음,6,예산·보장 재검토
62,여성,3000,1,미혼,0,비흡연,고혈압,없음,암·건강,없음,10,수호천사 암/건강보험
62,여성,3000,2,기혼,1,흡연,고혈압,없음,가족 생활비,없음,15,수호천사 우리가족 종신보험
62,여성,3000,2,기혼,2,비흡연,고혈압,없음,암·건강,없음,10,수호천사 암/건강보험
62,여성,3000,3,기혼,2,비흡연,고혈압,없음,유병자 보장,없음,6,예산·보장 재검토
62,여성,3000,3,기혼,2,비흡연,당뇨,없음,노후 자금,가족 생활비,10,예산·보장 재검토
62,여성,3000,3,기혼,2,비흡연,없음,없음,노후 자금,없음,12,수호천사 행복 연금보험
62,여성,4000,1,기혼,1,비흡연,없음,암,암·건강,유병자 보장,15,수호천사 암/건강보험
62,여성,4000,1,기혼,1,흡연,당뇨,심혈관,유병자 보장,없음,8,예산·보장 재검토
62,여성,4000,1,기혼,2,비흡연,없음,심혈관,가족 생활비,없음,6,예산·보장 재검토
62,여성,4000,1,기혼,2,흡연,없음,없음,노후 자금,없음,10,예산·보장 재검토
62,여성,4000,2,기혼,0,비흡연,없음,없음,노후 자금,없음,8,예산·보장 재검토
62,여성,4000,2,기혼,1,비흡연,없음,암,암·건강,노후 자금,15,수호천사 암/건강보험
62,여성,4000,2,기혼,1,비흡연,없음,없음,유병자 보장,없음,12,수호천사 간편심사(유병자)보험
62,여성,4000,3,기혼,2,비흡연,고혈압,없음,가족 생활비,암·건강,12,수호천사 암/건강보험
62,여성,4000,3,기혼,2,비흡연,고혈압,없음,노후 자금,없음,20,수호천사 행복 연금보험
62,여성,4000,3,미혼,0,비흡연,없음,없음,노후 자금,없음,10,예산·보장 재검토
62,여성,5000,1,기혼,0,비흡연,없음,없음,암·건강,없음,20,수호천사 암/건강보험
62,여성,5000,1,기혼,1,비흡연,없음,심혈관,가족 생활비,없음,12,예산·보장 재검토
62,여성,5000,1,미혼,0,비흡연,없음,암,암·건강,없음,6,예산·보장 재검토
62,여성,5000,1,미혼,0,비흡연,없음,없음,노후 자금,가족 생활비,12,수호천사 행복 연금보험
62,여성,5000,2,기혼,2,흡연,없음,없음,노후 자금,가족 생활비,12,수호천사 행복 연금보험
62,여성,6000,1,기혼,0,비흡연,없음,없음,가족 생활비,없음,20,수호천사 우리가족 종신보험
62,여성,6000,1,기혼,0,비흡연,없음,없음,암·건강,없음,8,수호천사 암/건강보험
62,여성,6000,1,기혼,0,비흡연,없음,없음,노후 자금,가족 생활비,8,예산·보장 재검토
62,여성,6000,1,기혼,0,흡연,고혈압,암,유병자 보장,암·건강,15,수호천사 간편심사(유병자)보험
62,여성,6000,1,미혼,0,흡연,고혈압,없음,노후 자금,가족 생활비,6,예산·보장 재검토
62,여성,7500,1,기혼,1,비흡연,고혈압,암,유병자 보장,없음,12,수호천사 간편심사(유병자)보험
62,여성,7500,1,미혼,0,비흡연,없음,심혈관,노후 자금,암·건강,12,수호천사 행복 연금보험
62,여성,7500,1,미혼,0,비흡연,없음,없음,유병자 보장,없음,8,예산·보장 재검토
62,여성,9000,1,기혼,1,비흡연,고혈압,심혈관,암·건강,없음,6,예산·보장 재검토
62,여성,9000,1,미혼,0,비흡연,없음,없음,유병자 보장,없음,15,수호천사 간편심사(유병자)보험
62,여성,9000,2,기혼,2,비흡연,고혈압,없음,암·건강,없음,6,예산·보장 재검토
63,남성,3000,1,기혼,0,비흡연,고혈압,암,유병자 보장,없음,12,수호천사 간편심사(유병자)보험
63,남성,3000,1,기혼,0,비흡연,고혈압,없음,가족 생활비,없음,12,수호천사 간편심사(유병자)보험
63,남성,3000,1,기혼,1,비흡연,고혈압,암,암·건강,없음,10,수호천사 암/건강보험
63,남성,3000,1,기혼,1,비흡연,당뇨,없음,유병자 보장,없음,8,예산·보장 재검토
63,남성,3000,1,기혼,1,비흡연,없음,심혈관,암·건강,없음,6,예산·보장 재검토
63,남성,3000,1,기혼,2,비흡연,당뇨,없음,암·건강,유병자 보장,15,수호천사 암/건강보험
63,남성,3000,1,기혼,2,흡연,당뇨,심혈관,노후 자금,암·건강,6,예산·보장 재검토
63,남성,3000,1,미혼,0,비흡연,없음,없음,노후 자금,없음,8,예산·보장 재검토
63,남성,3000,2,기혼,0,비흡연,없음,없음,암·건강,노후 자금,20,수호천사 암/건강보험
63,남성,3000,2,기혼,1,비흡연,없음,없음,노후 자금,가족 생활비,8,예산·보장 재검토
63,남성,3000,2,기혼,2,흡연,고혈압,없음,가족 생활비,없음,8,예산·보장 재검토
63,남성,4000,1,기혼,0,비흡연,당뇨,암,노후 자금,없음,20,수호천사 행복 연금보험
63,남성,4000,1,기혼,0,비흡연,없음,심혈관,암·건강,노후 자금,6,예산·보장 재검토
63,남성,4000,1,기혼,0,비흡연,없음,없음,유병자 보장,없음,6,예산·보장 재검토
63,남성,4000,1,기혼,1,비흡연,고혈압,없음,가족 생활비,없음,8,예산·보장 재검토
63,남성,4000,1,기혼,1,비흡연,고혈압,없음,노후 자금,없음,15,수호천사 행복 연금보험
63,남성,4000,1,기혼,1,비흡연,당뇨,없음,가족 생활비,노후 자금,15,수호천사 우리가족 종신보험
63,남성,4000,1,기혼,2,흡연,고혈압,없음,가족 생활비,없음,12,수호천사 간편심사(유병자)보험
63,남성,4000,2,기혼,0,비흡연,없음,없음,유병자 보장,없음,20,수호천사 간편심사(유병자)보험
63,남성,4000,3,미혼,0,비흡연,없음,없음,노후 자금,없음,6,예산·보장 재검토
63,남성,5000,1,기혼,0,비흡연,없음,없음,노후 자금,없음,12,수호천사 행복 연금보험
63,남성,5000,1,기혼,1,비흡연,고혈압,암,유병자 보장,노후 자금,6,예산·보장 재검토
63,남성,5000,1,기혼,1,비흡연,고혈압,암,가족 생활비,없음,20,수호천사 우리가족 종신보험
63,남성,5000,1,기혼,1,비흡연,당뇨,암,유병자 보장,없음,20,수호천사 간편심사(유병자)보험
63,남성,5000,1,기혼,1,비흡연,없음,심혈관,가족 생활비,암·건강,8,수호천사 암/건강보험
63,남성,5000,1,기혼,1,흡연,당뇨,없음,가족 생활비,없음,15,수호천사 우리가족 종신보험
63,남성,5000,1,기혼,1,흡연,없음,없음,노후 자금,없음,12,수호천사 행복 연금보험
63,남성,5000,1,기혼,2,비흡연,고혈압,없음,노후 자금,없음,6,예산·보장 재검토
63,남성,5000,1,기혼,2,흡연,고혈압,없음,가족 생활비,암·건강,12,수호천사 암/건강보험
63,남성,5000,2,기혼,2,비흡연,없음,없음,가족 생활비,노후 자금,20,수호천사 우리가족 종신보험
63,남성,6000,1,기혼,0,비흡연,없음,암,암·건강,없음,8,수호천사 암/건강보험
63,남성,6000,1,기혼,1,비흡연,고혈압,심혈관,암·건강,없음,6,예산·보장 재검토
63,남성,6000,1,기혼,1,비흡연,고혈압,없음,유병자 보장,없음,20,수호천사 간편심사(유병자)보험
63,남성,6000,1,기혼,1,비흡연,없음,없음,암·건강,없음,10,수호천사 암/건강보험
63,남성,6000,1,기혼,2,비흡연,고혈압,암,유병자 보장,암·건강,10,수호천사 암/건강보험
63,남성,6000,1,기혼,2,비흡연,없음,없음,유병자 보장,없음,12,수호천사 간편심사(유병자)보험
63,남성,6000,2,기혼,0,비흡연,당뇨,없음,유병자 보장,없음,12,수호천사 간편심사(유병자)보험
63,남성,6000,2,기혼,2,비흡연,없음,없음,노후 자금,없음,8,예산·보장 재검토
63,남성,7500,1,기혼,0,비흡연,없음,없음,유병자 보장,노후 자금,6,예산·보장 재검토
63,남성,7500,1,기혼,0,흡연,고혈압,없음,가족 생활비,유병자 보장,15,수호천사 간편심사(유병자)보험
63,남성,7500,1,기혼,0,흡연,없음,없음,노후 자금,암·건강,10,수호천사 암/건강보험
63,남성,7500,1,기혼,2,비흡연,없음,없음,가족 생활비,암·건강,15,수호천사 우리가족 종신보험
63,남성,7500,1,미혼,0,비흡연,고혈압,없음,유병자 보장,노후 자금,20,수호천사 간편심사(유병자)보험
63,남성,7500,2,기혼,1,비흡연,고혈압,없음,유병자 보장,노후 자금,6,예산·보장 재검토
63,남성,7500,2,기혼,2,비흡연,고혈압,심혈관,가족 생활비,없음,20,수호천사 우리가족 종신보험
63,남성,7500,3,기혼,0,비흡연,고혈압,없음,유병자 보장,없음,15,수호천사 간편심사(유병자)보험
63,남성,9000,1,기혼,2,비흡연,고혈압,없음,유병자 보장,없음,20,수호천사 간편심사(유병자)보험
63,남성,9000,1,기혼,2,비흡연,없음,암,가족 생활비,없음,8,예산·보장 재검토
63,남성,9000,1,기혼,2,비흡연,없음,없음,가족 생활비,없음,8,예산·보장 재검토
63,남성,9000,1,미혼,0,비흡연,고혈압,암,암·건강,가족 생활비,12,수호천사 암/건강보험
63,남성,9000,1,미혼,0,비흡연,고혈압,없음,가족 생활비,없음,20,수호천사 우리가족 종신보험
63,남성,9000,2,기혼,1,흡연,당뇨,암,암·건강,없음,20,수호천사 암/건강보험
63,남성,9000,2,기혼,2,비흡연,없음,없음,가족 생활비,없음,10,예산·보장 재검토
63,남성,9000,3,기혼,0,비흡연,없음,암,노후 자금,없음,12,수호천사 행복 연금보험
63,남성,12000,1,기혼,0,비흡연,없음,없음,유병자 보장,없음,8,예산·보장 재검토
63,남성,12000,1,기혼,2,비흡연,없음,암,가족 생활비,없음,15,수호천사 우리가족 종신보험
63,남성,12000,1,기혼,2,비흡연,없음,없음,가족 생활비,없음,20,수호천사 우리가족 종신보험
63,여성,3000,1,기혼,0,비흡연,고혈압,심혈관,유병자 보장,없음,15,수호천사 간편심사(유병자)보험
63,여성,3000,1,기혼,0,비흡연,없음,암,노후 자금,없음,8,예산·보장 재검토
63,여성,3000,1,기혼,1,흡연,없음,없음,가족 생활비,없음,20,수호천사 우리가족 종신보험
63,여성,3000,1,기혼,2,비흡연,없음,없음,가족 생활비,없음,6,예산·보장 재검토
63,여성,3000,1,기혼,2,흡연,없음,없음,노후 자금,없음,10,예산·보장 재검토
63,여성,3000,1,미혼,0,비흡연,고혈압,없음,노후 자금,유병자 보장,10,예산·보장 재검토
63,여성,3000,2,기혼,2,비흡연,없음,없음,노후 자금,암·건강,10,수호천사 암/건강보험
63,여성,4000,1,기혼,0,비흡연,고혈압,심혈관,암·건강,노후 자금,12,수호천사 암/건강보험
63,여성,4000,1,기혼,1,비흡연,고혈압,암,암·건강,없음,10,수호천사 암/건강보험
63,여성,4000,1,기혼,1,비흡연,고혈압,없음,가족 생활비,없음,6,예산·보장 재검토
63,여성,4000,1,기혼,1,비흡연,고혈압,없음,유병자 보장,없음,6,예산·보장 재검토
63,여성,4000,1,기혼,1,비흡연,없음,암,암·건강,없음,10,수호천사 암/건강보험
63,여성,4000,1,기혼,1,비흡연,없음,없음,노후 자금,없음,12,수호천사 행복 연금보험
63,여성,4000,1,기혼,1,비흡연,없음,없음,가족 생활비,없음,10,예산·보장 재검토
63,여성,4000,1,기혼,1,흡연,없음,암,암·건강,가족 생활비,8,예산·보장 재검토
63,여성,4000,1,기혼,2,비흡연,없음,없음,암·건강,노후 자금,6,예산·보장 재검토
63,여성,4000,1,미혼,0,비흡연,고혈압,심혈관,유병자 보장,없음,15,수호천사 간편심사(유병자)보험
63,여성,4000,2,기혼,1,비흡연,없음,암,가족 생활비,없음,10,예산·보장 재검토
63,여성,4000,3,미혼,0,비흡연,없음,없음,노후 자금,없음,10,예산·보장 재검토
63,여성,5000,1,기혼,0,비흡연,당뇨,없음,암·건강,없음,10,수호천사 암/건강보험
63,여성,5000,1,기혼,0,비흡연,없음,심혈관,암·건강,없음,8,수호천사 암/건강보험
63,여성,5000,1,기혼,0,흡연,당뇨,심혈관,유병자 보장,없음,8,예산·보장 재검토
63,여성,5000,1,기혼,0,흡연,없음,심혈관,암·건강,없음,6,예산·보장 재검토
63,여성,5000,1,기혼,1,비흡연,당뇨,심혈관,유병자 보장,없음,12,수호천사 간편심사(유병자)보험
63,여성,5000,1,기혼,1,비흡연,당뇨,암,노후 자금,유병자 보장,8,예산·보장 재검토
63,여성,5000,1,기혼,1,흡연,고혈압,심혈관,가족 생활비,유병자 보장,8,예산·보장 재검토
63,여성,5000,1,기혼,2,비흡연,고혈압,암,유병자 보장,없음,20,수호천사 간편심사(유병자)보험
63,여성,5000,1,기혼,2,비흡연,없음,없음,노후 자금,없음,8,예산·보장 재검토
63,여성,5000,2,기혼,0,비흡연,고혈압,암,암·건강,가족 생활비,10,수호천사 암/건강보험
63,여성,5000,2,기혼,1,비흡연,없음,암,노후 자금,유병자 보장,8,예산·보장 재검토
63,여성,5000,2,기혼,1,비흡연,없음,없음,가족 생활비,노후 자금,8,예산·보장 재검토
63,여성,5000,3,기혼,1,비흡연,당뇨,심혈관,가족 생활비,암·건강,6,예산·보장 재검토
63,여성,6000,1,기혼,0,비흡연,없음,없음,노후 자금,없음,15,수호천사 행복 연금보험
63,여성,6000,1,기혼,1,비흡연,당뇨,없음,가족 생활비,없음,10,예산·보장 재검토
63,여성,6000,1,기혼,1,비흡연,없음,심혈관,가족 생활비,없음,12,예산·보장 재검토
63,여성,6000,1,기혼,2,비흡연,없음,암,암·건강,없음,20,수호천사 암/건강보험
63,여성,6000,1,미혼,0,흡연,고혈압,없음,가족 생활비,없음,6,예산·보장 재검토
63,여성,6000,2,기혼,1,비흡연,없음,심혈관,가족 생활비,없음,12,예산·보장 재검토
63,여성,6000,3,기혼,1,비흡연,당뇨,없음,유병자 보장,없음,6,예산·보장 재검토
63,여성,7500,1,기혼,1,비흡연,고혈압,암,가족 생활비,암·건강,10,수호천사 암/건강보험
63,여성,7500,1,기혼,1,비흡연,고혈압,없음,가족 생활비,없음,20,수호천사 우리가족 종신보험
63,여성,7500,1,기혼,1,비흡연,당뇨,없음,유병자 보장,노후 자금,6,예산·보장 재검토
63,여성,7500,1,기혼,2,비흡연,고혈압,심혈관,암·건강,없음,20,수호천사 암/건강보험
63,여성,7500,1,기혼,2,비흡연,당뇨,없음,가족 생활비,노후 자금,12,수호천사 행복 연금보험
63,여성,9000,1,기혼,0,흡연,없음,심혈관,암·건강,없음,10,수호천사 암/건강보험
63,여성,9000,1,기혼,1,비흡연,고혈압,없음,암·건강,가족 생활비,6,예산·보장 재검토
63,여성,9000,2,기혼,0,비흡연,당뇨,없음,유병자 보장,없음,12,수호천사 간편심사(유병자)보험
63,여성,9000,2,기혼,2,흡연,없음,없음,암·건강,없음,10,수호천사 암/건강보험
63,여성,12000,1,기혼,2,흡연,고혈압,없음,유병자 보장,가족 생활비,8,예산·보장 재검토
64,남성,3000,1,기혼,0,비흡연,고혈압,심혈관,가족 생활비,없음,10,예산·보장 재검토
64,남성,3000,1,기혼,0,비흡연,고혈압,없음,유병자 보장,없음,6,예산·보장 재검토
64,남성,3000,1,기혼,0,비흡연,없음,없음,노후 자금,없음,20,수호천사 행복 연금보험
64,남성,3000,1,기혼,0,비흡연,없음,없음,노후 자금,없음,8,예산·보장 재검토
64,남성,3000,1,기혼,1,비흡연,고혈압,심혈관,가족 생활비,없음,10,예산·보장 재검토
64,남성,3000,1,기혼,1,비흡연,고혈압,없음,노후 자금,가족 생활비,15,수호천사 행복 연금보험
64,남성,3000,1,기혼,1,비흡연,고혈압,없음,노후 자금,암·건강,12,수호천사 행복 연금보험
64,남성,3000,1,기혼,1,비흡연,당뇨,없음,유병자 보장,없음,15,수호천사 간편심사(유병자)보험
64,남성,3000,1,기혼,1,비흡연,없음,암,노후 자금,암·건강,20,수호천사 행복 연금보험
64,남성,3000,1,기혼,1,비흡연,없음,없음,유병자 보장,없음,6,예산·보장 재검토
64,남성,3000,1,기혼,1,흡연,고혈압,없음,가족 생활비,없음,8,예산·보장 재검토
64,남성,3000,1,기혼,2,비흡연,당뇨,없음,가족 생활비,없음,12,수호천사 간편심사(유병자)보험
64,남성,3000,1,기혼,2,비흡연,없음,암,암·건강,없음,6,예산·보장 재검토
64,남성,3000,1,기혼,2,비흡연,없음,없음,가족 생활비,없음,12,예산·보장 재검토
64,남성,3000,1,미혼,0,비흡연,없음,없음,노후 자금,없음,6,예산·보장 재검토
64,남성,3000,2,기혼,2,비흡연,당뇨,없음,유병자 보장,노후 자금,20,수호천사 간편심사(유병자)보험
64,남성,3000,2,기혼,2,비흡연,없음,없음,유병자 보장,노후 자금,12,수호천사 간편심사(유병자)보험
64,남성,3000,2,미혼,0,비흡연,없음,암,암·건강,없음,10,수호천사 암/건강보험
64,남성,3000,3,기혼,1,비흡연,당뇨,없음,가족 생활비,없음,8,예산·보장 재검토
64,남성,3000,3,기혼,1,비흡연,없음,암,노후 자금,유병자 보장,20,수호천사 행복 연금보험
64,남성,4000,1,기혼,0,흡연,고혈압,암,노후 자금,없음,12,수호천사 행복 연금보험
64,남성,4000,1,기혼,0,흡연,없음,없음,가족 생활비,없음,15,수호천사 우리가족 종신보험
64,남성,4000,1,기혼,1,비흡연,고혈압,없음,유병자 보장,없음,15,수호천사 간편심사(유병자)보험
64,남성,4000,1,기혼,1,비흡연,없음,암,암·건강,유병자 보장,6,예산·보장 재검토
64,남성,4000,1,기혼,1,비흡연,없음,없음,가족 생활비,암·건강,6,예산·보장 재검토
64,남성,4000,1,기혼,1,비흡연,없음,없음,노후 자금,없음,6,예산·보장 재검토
64,남성,4000,1,기혼,1,흡연,당뇨,없음,가족 생활비,유병자 보장,10,예산·보장 재검토
64,남성,4000,1,기혼,1,흡연,없음,심혈관,가족 생활비,노후 자금,10,수호천사 암/건강보험
64,남성,4000,1,기혼,2,비흡연,없음,암,가족 생활비,없음,8,예산·보장 재검토
64,남성,4000,1,기혼,2,흡연,고혈압,심혈관,유병자 보장,없음,20,수호천사 간편심사(유병자)보험
64,남성,4000,1,미혼,0,비흡연,없음,없음,노후 자금,없음,6,예산·보장 재검토
64,남성,4000,2,기혼,2,비흡연,당뇨,없음,가족 생활비,없음,12,수호천사 간편심사(유병자)보험
64,남성,5000,1,기혼,0,비흡연,고혈압,암,가족 생활비,없음,10,예산·보장 재검토
64,남성,5000,1,기혼,0,비흡연,고혈압,없음,유병자 보장,노후 자금,10,예산·보장 재검토
64,남성,5000,1,기혼,1,비흡연,고혈압,없음,노후 자금,가족 생활비,6,예산·보장 재검토
64,남성,5000,1,기혼,2,비흡연,당뇨,암,유병자 보장,없음,12,수호천사 간편심사(유병자)보험
64,남성,5000,1,기혼,2,비흡연,없음,없음,암·건강,없음,12,수호천사 암/건강보험
64,남성,5000,1,기혼,2,비흡연,없음,없음,가족 생활비,노후 자금,8,예산·보장 재검토
64,남성,5000,1,기혼,2,흡연,당뇨,없음,가족 생활비,노후 자금,10,예산·보장 재검토
64,남성,5000,1,기혼,2,흡연,당뇨,없음,가족 생활비,없음,12,수호천사 간편심사(유병자)보험
64,남성,5000,1,미혼,0,비흡연,없음,없음,노후 자금,없음,8,예산·보장 재검토
64,남성,5000,2,기혼,0,흡연,없음,심혈관,노후 자금,없음,12,수호천사 행복 연금보험
64,남성,5000,2,기혼,1,비흡연,없음,없음,가족 생활비,없음,10,예산·보장 재검토
64,남성,5000,2,기혼,2,비흡연,없음,없음,가족 생활비,암·건강,15,수호천사 우리가족 종신보험
64,남성,5000,2,미혼,0,비흡연,없음,암,노후 자금,없음,12,수호천사 행복 연금보험
64,남성,6000,1,기혼,0,비흡연,고혈압,암,유병자 보장,암·건강,6,예산·보장 재검토
64,남성,6000,1,기혼,1,비흡연,당뇨,없음,유병자 보장,없음,15,수호천사 간편심사(유병자)보험
64,남성,6000,1,기혼,1,비흡연,없음,없음,유병자 보장,없음,8,예산·보장 재검토
64,남성,6000,1,기혼,1,흡연,없음,없음,가족 생활비,암·건강,20,수호천사 우리가족 종신보험
64,남성,6000,1,기혼,2,비흡연,고혈압,없음,노후 자금,암·건강,12,수호천사 행복 연금보험
64,남성,6000,1,기혼,2,비흡연,없음,없음,노후 자금,유병자 보장,6,예산·보장 재검토
64,남성,6000,1,미혼,0,흡연,당뇨,없음,가족 생활비,없음,15,수호천사 우리가족 종신보험
64,남성,6000,2,기혼,1,비흡연,없음,암,유병자 보장,없음,6,예산·보장 재검토
64,남성,6000,2,기혼,2,비흡연,없음,없음,노후 자금,유병자 보장,15,수호천사 행복 연금보험
64,남성,6000,3,기혼,0,비흡연,고혈압,암,노후 자금,암·건강,20,수호천사 행복 연금보험
64,남성,7500,1,기혼,0,비흡연,고혈압,없음,유병자 보장,없음,15,수호천사 간편심사(유병자)보험
64,남성,7500,1,기혼,0,흡연,고혈압,심혈관,노후 자금,유병자 보장,12,수호천사 행복 연금보험
64,남성,7500,1,기혼,1,비흡연,고혈압,없음,암·건강,가족 생활비,12,수호천사 암/건강보험
64,남성,7500,1,기혼,1,비흡연,당뇨,암,암·건강,없음,10,수호천사 암/건강보험
64,남성,7500,1,기혼,1,비흡연,당뇨,없음,유병자 보장,가족 생활비,6,예산·보장 재검토
64,남성,7500,1,기혼,2,흡연,없음,없음,유병자 보장,없음,20,수호천사 간편심사(유병자)보험
64,남성,7500,1,미혼,0,비흡연,당뇨,없음,노후 자금,없음,8,예산·보장 재검토
64,남성,7500,1,미혼,0,흡연,고혈압,암,유병자 보장,암·건강,8,예산·보장 재검토
64,남성,7500,2,기혼,0,비흡연,고혈압,심혈관,유병자 보장,노후 자금,8,예산·보장 재검토
64,남성,9000,1,기혼,1,비흡연,고혈압,암,유병자 보장,노후 자금,20,수호천사 간편심사(유병자)보험
64,남성,9000,1,기혼,1,비흡연,당뇨,없음,유병자 보장,가족 생활비,20,수호천사 간편심사(유병자)보험
64,남성,9000,1,기혼,2,비흡연,고혈압,없음,유병자 보장,가족 생활비,10,예산·보장 재검토
64,남성,9000,2,기혼,0,흡연,당뇨,없음,유병자 보장,없음,8,예산·보장 재검토
64,남성,9000,2,기혼,1,비흡연,당뇨,없음,가족 생활비,없음,15,수호천사 우리가족 종신보험
64,남성,9000,2,기혼,1,비흡연,없음,심혈관,암·건강,없음,10,수호천사 암/건강보험
64,남성,9000,3,기혼,0,흡연,고혈압,암,노후 자금,없음,20,수호천사 행복 연금보험
64,남성,12000,1,기혼,1,비흡연,고혈압,없음,유병자 보장,없음,20,수호천사 간편심사(유병자)보험
64,남성,12000,1,기혼,2,비흡연,고혈압,심혈관,가족 생활비,없음,15,수호천사 우리가족 종신보험
64,남성,12000,1,기혼,2,비흡연,없음,심혈관,노후 자금,암·건강,6,예산·보장 재검토
64,남성,12000,3,기혼,1,비흡연,없음,암,암·건강,없음,15,수호천사 암/건강보험
64,여성,3000,1,기혼,0,흡연,고혈압,심혈관,암·건강,유병자 보장,20,수호천사 암/건강보험
64,여성,3000,1,기혼,0,흡연,없음,없음,노후 자금,가족 생활비,8,예산·보장 재검토
64,여성,3000,1,기혼,1,비흡연,당뇨,없음,가족 생활비,없음,15,수호천사 우리가족 종신보험
64,여성,3000,1,기혼,1,흡연,고혈압,없음,가족 생활비,유병자 보장,8,예산·보장 재검토
64,여성,3000,1,기혼,1,흡연,없음,없음,암·건강,없음,20,수호천사 암/건강보험
64,여성,3000,1,기혼,2,비흡연,없음,암,유병자 보장,없음,10,수호천사 간편심사(유병자)보험
64,여성,3000,1,기혼,2,흡연,당뇨,암,가족 생활비,없음,6,예산·보장 재검토
64,여성,3000,2,기혼,1,비흡연,고혈압,없음,노후 자금,가족 생활비,10,예산·보장 재검토
64,여성,4000,1,기혼,0,비흡연,고혈압,없음,유병자 보장,노후 자금,6,예산·보장 재검토
64,여성,4000,1,기혼,0,비흡연,당뇨,없음,노후 자금,없음,8,예산·보장 재검토
64,여성,4000,1,기혼,0,흡연,당뇨,없음,가족 생활비,없음,20,수호천사 우리가족 종신보험
64,여성,4000,1,기혼,1,비흡연,고혈압,암,암·건강,노후 자금,8,수호천사 암/건강보험
64,여성,4000,1,기혼,1,비흡연,없음,암,유병자 보장,없음,20,수호천사 간편심사(유병자)보험
64,여성,4000,1,기혼,1,비흡연,없음,암,암·건강,없음,6,예산·보장 재검토
64,여성,4000,1,기혼,1,흡연,없음,암,가족 생활비,없음,10,수호천사 암/건강보험
64,여성,4000,1,기혼,1,흡연,없음,없음,가족 생활비,없음,20,수호천사 우리가족 종신보험
64,여성,4000,1,기혼,2,흡연,당뇨,없음,가족 생활비,없음,10,예산·보장 재검토
64,여성,4000,2,기혼,1,비흡연,없음,없음,가족 생활비,없음,20,수호천사 우리가족 종신보험
64,여성,4000,2,기혼,2,비흡연,고혈압,없음,가족 생활비,노후 자금,20,수호천사 우리가족 종신보험
64,여성,4000,2,기혼,2,비흡연,당뇨,없음,가족 생활비,없음,10,예산·보장 재검토
64,여성,4000,3,기혼,0,비흡연,없음,없음,노후 자금,없음,15,수호천사 행복 연금보험
64,여성,5000,1,기혼,1,비흡연,없음,없음,가족 생활비,없음,6,예산·보장 재검토
64,여성,5000,1,기혼,1,비흡연,없음,없음,유병자 보장,없음,10,수호천사 간편심사(유병자)보험
64,여성,5000,1,기혼,1,흡연,고혈압,암,가족 생활비,유병자 보장,8,예산·보장 재검토
64,여성,5000,1,기혼,1,흡연,당뇨,없음,유병자 보장,노후 자금,15,수호천사 간편심사(유병자)보험
64,여성,5000,1,기혼,2,흡연,고혈압,없음,유병자 보장,가족 생활비,12,수호천사 간편심사(유병자)보험
64,여성,5000,1,기혼,2,흡연,당뇨,심혈관,암·건강,가족 생활비,12,수호천사 암/건강보험
64,여성,5000,1,기혼,2,흡연,없음,없음,가족 생활비,암·건강,20,수호천사 우리가족 종신보험
64,여성,5000,2,기혼,0,흡연,고혈압,없음,가족 생활비,없음,6,예산·보장 재검토
64,여성,5000,2,기혼,2,비흡연,당뇨,없음,유병자 보장,없음,20,수호천사 간편심사(유병자)보험
64,여성,6000,1,기혼,0,비흡연,고혈압,없음,노후 자금,없음,6,예산·보장 재검토
64,여성,6000,1,기혼,1,비흡연,고혈압,암,노후 자금,암·건강,8,수호천사 암/건강보험
64,여성,6000,1,기혼,1,비흡연,당뇨,암,암·건강,없음,12,수호천사 암/건강보험
64,여성,6000,1,기혼,1,비흡연,당뇨,암,가족 생활비,유병자 보장,8,예산·보장 재검토
64,여성,6000,1,기혼,2,비흡연,고혈압,없음,유병자 보장,없음,12,수호천사 간편심사(유병자)보험
64,여성,6000,2,기혼,0,흡연,고혈압,없음,노후 자금,가족 생활비,15,수호천사 행복 연금보험
64,여성,6000,2,미혼,0,비흡연,없음,암,암·건강,없음,15,수호천사 암/건강보험
64,여성,6000,3,기혼,2,흡연,당뇨,암,유병자 보장,암·건강,6,예산·보장 재검토
64,여성,7500,1,기혼,0,비흡연,없음,없음,가족 생활비,노후 자금,8,예산·보장 재검토
64,여성,7500,1,기혼,2,비흡연,당뇨,없음,유병자 보장,없음,6,예산·보장 재검토
64,여성,7500,1,기혼,2,흡연,당뇨,없음,가족 생활비,없음,10,예산·보장 재검토
64,여성,7500,2,기혼,0,흡연,고혈압,심혈관,유병자 보장,없음,6,예산·보장 재검토
64,여성,7500,2,기혼,1,비흡연,고혈압,없음,유병자 보장,없음,8,예산·보장 재검토
64,여성,7500,2,기혼,1,흡연,없음,없음,가족 생활비,암·건강,20,수호천사 우리가족 종신보험
64,여성,7500,3,미혼,0,비흡연,없음,없음,노후 자금,없음,20,수호천사 행복 연금보험
64,여성,9000,1,기혼,2,흡연,없음,없음,노후 자금,유병자 보장,15,수호천사 행복 연금보험
64,여성,9000,2,기혼,0,비흡연,없음,암,유병자 보장,노후 자금,6,예산·보장 재검토
64,여성,12000,2,기혼,2,비흡연,고혈압,없음,유병자 보장,암·건강,12,수호천사 간편심사(유병자)보험
65,남성,3000,1,기혼,0,흡연,당뇨,없음,유병자 보장,없음,6,예산·보장 재검토
65,남성,3000,1,기혼,1,비흡연,고혈압,암,노후 자금,없음,8,예산·보장 재검토
65,남성,3000,1,기혼,1,비흡연,당뇨,없음,가족 생활비,없음,8,예산·보장 재검토
65,남성,3000,1,기혼,1,비흡연,없음,암,가족 생활비,없음,20,수호천사 우리가족 종신보험
65,남성,3000,1,기혼,2,비흡연,없음,없음,노후 자금,암·건강,10,수호천사 암/건강보험
65,남성,3000,1,기혼,2,비흡연,없음,없음,유병자 보장,노후 자금,8,예산·보장 재검토
65,남성,3000,1,미혼,0,비흡연,없음,심혈관,노후 자금,가족 생활비,10,예산·보장 재검토
65,남성,3000,2,기혼,2,비흡연,고혈압,암,유병자 보장,암·건강,20,수호천사 간편심사(유병자)보험
65,남성,3000,2,미혼,0,비흡연,없음,암,암·건강,없음,6,예산·보장 재검토
65,남성,3000,3,기혼,0,비흡연,당뇨,없음,유병자 보장,없음,15,수호천사 간편심사(유병자)보험
65,남성,3000,3,미혼,0,비흡연,고혈압,암,유병자 보장,암·건강,6,예산·보장 재검토
65,남성,4000,1,기혼,0,흡연,고혈압,심혈관,노후 자금,없음,6,예산·보장 재검토
65,남성,4000,1,기혼,1,비흡연,고혈압,심혈관,유병자 보장,암·건강,20,수호천사 간편심사(유병자)보험
65,남성,4000,1,기혼,1,비흡연,고혈압,암,노후 자금,없음,6,예산·보장 재검토
65,남성,4000,1,기혼,1,비흡연,고혈압,없음,가족 생활비,없음,12,수호천사 간편심사(유병자)보험
65,남성,4000,1,기혼,1,비흡연,없음,없음,노후 자금,없음,6,예산·보장 재검토
65,남성,4000,1,기혼,1,비흡연,없음,없음,노후 자금,없음,10,예산·보장 재검토
65,남성,4000,1,기혼,1,흡연,당뇨,없음,유병자 보장,없음,10,예산·보장 재검토
65,남성,4000,1,기혼,2,비흡연,당뇨,암,유병자 보장,없음,15,수호천사 간편심사(유병자)보험
65,남성,4000,1,기혼,2,비흡연,없음,없음,유병자 보장,없음,15,수호천사 간편심사(유병자)보험
65,남성,4000,2,기혼,0,비흡연,없음,없음,유병자 보장,없음,12,수호천사 간편심사(유병자)보험
65,남성,4000,2,기혼,0,흡연,없음,없음,노후 자금,없음,8,예산·보장 재검토
65,남성,4000,2,기혼,1,비흡연,없음,없음,가족 생활비,없음,6,예산·보장 재검토
65,남성,4000,3,기혼,0,비흡연,없음,없음,가족 생활비,없음,10,예산·보장 재검토
65,남성,5000,1,기혼,0,비흡연,없음,암,암·건강,유병자 보장,10,수호천사 암/건강보험
65,남성,5000,1,기혼,1,비흡연,당뇨,암,유병자 보장,없음,6,예산·보장 재검토
65,남성,5000,1,기혼,1,비흡연,없음,심혈관,가족 생활비,없음,20,수호천사 우리가족 종신보험
65,남성,5000,1,기혼,1,흡연,없음,암,유병자 보장,가족 생활비,8,예산·보장 재검토
65,남성,5000,1,기혼,2,비흡연,고혈압,없음,노후 자금,유병자 보장,6,예산·보장 재검토
65,남성,5000,1,기혼,2,비흡연,당뇨,암,가족 생활비,없음,20,수호천사 우리가족 종신보험
65,남성,5000,1,기혼,2,비흡연,없음,없음,노후 자금,없음,10,예산·보장 재검토
65,남성,5000,1,미혼,0,흡연,당뇨,암,암·건강,없음,12,수호천사 암/건강보험
65,남성,5000,2,기혼,1,비흡연,고혈압,암,가족 생활비,암·건강,6,예산·보장 재검토
65,남성,5000,2,기혼,1,비흡연,당뇨,없음,유병자 보장,가족 생활비,10,예산·보장 재검토
65,남성,5000,2,기혼,2,비흡연,없음,없음,가족 생활비,없음,12,예산·보장 재검토
65,남성,6000,1,기혼,2,비흡연,고혈압,없음,가족 생활비,없음,8,예산·보장 재검토
65,남성,6000,1,미혼,0,흡연,없음,심혈관,노후 자금,가족 생활비,12,수호천사 행복 연금보험
65,남성,6000,2,기혼,0,비흡연,없음,없음,유병자 보장,노후 자금,8,예산·보장 재검토
65,남성,6000,3,기혼,1,비흡연,고혈압,없음,노후 자금,없음,8,예산·보장 재검토
65,남성,7500,1,기혼,1,비흡연,없음,없음,암·건강,노후 자금,6,예산·보장 재검토
65,남성,7500,1,기혼,2,흡연,당뇨,없음,가족 생활비,없음,8,예산·보장 재검토
65,남성,7500,1,미혼,0,비흡연,고혈압,심혈관,노후 자금,없음,8,예산·보장 재검토
65,남성,7500,1,미혼,0,흡연,고혈압,암,유병자 보장,없음,15,수호천사 간편심사(유병자)보험
65,남성,7500,2,기혼,1,비흡연,없음,없음,노후 자금,없음,12,수호천사 행복 연금보험
65,남성,9000,1,기혼,2,비흡연,없음,심혈관,가족 생활비,없음,8,예산·보장 재검토
65,남성,9000,1,기혼,2,흡연,없음,심혈관,노후 자금,없음,12,수호천사 행복 연금보험
65,남성,9000,1,미혼,0,흡연,당뇨,없음,가족 생활비,없음,8,예산·보장 재검토
65,남성,12000,1,기혼,1,비흡연,없음,심혈관,가족 생활비,없음,10,예산·보장 재검토
65,남성,12000,1,기혼,1,흡연,없음,없음,가족 생활비,없음,20,수호천사 우리가족 종신보험
65,여성,3000,1,기혼,0,비흡연,없음,심혈관,노후 자금,없음,12,수호천사 행복 연금보험
65,여성,3000,1,기혼,1,비흡연,당뇨,암,유병자 보장,암·건강,10,수호천사 암/건강보험
65,여성,3000,1,기혼,1,비흡연,당뇨,없음,노후 자금,없음,8,예산·보장 재검토
65,여성,3000,1,기혼,1,비흡연,없음,암,암·건강,가족 생활비,6,예산·보장 재검토
65,여성,3000,1,기혼,1,비흡연,없음,없음,가족 생활비,없음,12,예산·보장 재검토
65,여성,3000,1,기혼,1,비흡연,없음,없음,노후 자금,없음,10,예산·보장 재검토
65,여성,3000,2,미혼,0,흡연,고혈압,심혈관,암·건강,없음,10,수호천사 암/건강보험
65,여성,4000,1,기혼,1,비흡연,당뇨,없음,유병자 보장,없음,20,수호천사 간편심사(유병자)보험
65,여성,4000,1,기혼,1,비흡연,없음,심혈관,가족 생활비,없음,8,예산·보장 재검토
65,여성,4000,1,기혼,1,비흡연,없음,암,암·건강,없음,15,수호천사 암/건강보험
65,여성,4000,1,기혼,1,비흡연,없음,없음,유병자 보장,없음,10,수호천사 간편심사(유병자)보험
65,여성,4000,1,기혼,1,흡연,고혈압,암,유병자 보장,노후 자금,8,예산·보장 재검토
65,여성,4000,1,기혼,2,비흡연,고혈압,없음,유병자 보장,없음,6,예산·보장 재검토
65,여성,4000,1,기혼,2,비흡연,고혈압,없음,유병자 보장,없음,10,예산·보장 재검토
65,여성,4000,1,미혼,0,비흡연,당뇨,없음,암·건강,없음,8,수호천사 암/건강보험
65,여성,4000,1,미혼,0,흡연,고혈압,암,유병자 보장,암·건강,12,수호천사 간편심사(유병자)보험
65,여성,4000,2,기혼,0,비흡연,당뇨,없음,유병자 보장,없음,12,수호천사 간편심사(유병자)보험
65,여성,4000,2,기혼,1,비흡연,고혈압,없음,암·건강,없음,10,수호천사 암/건강보험
65,여성,5000,1,기혼,0,비흡연,없음,암,가족 생활비,없음,10,예산·보장 재검토
65,여성,5000,1,기혼,0,흡연,당뇨,없음,가족 생활비,없음,12,수호천사 간편심사(유병자)보험
65,여성,5000,1,기혼,1,비흡연,없음,심혈관,암·건강,없음,10,수호천사 암/건강보험
65,여성,5000,1,기혼,1,비흡연,없음,암,유병자 보장,없음,15,수호천사 간편심사(유병자)보험
65,여성,5000,1,기혼,1,흡연,없음,없음,노후 자금,없음,6,예산·보장 재검토
65,여성,5000,1,기혼,2,비흡연,고혈압,암,가족 생활비,없음,20,수호천사 우리가족 종신보험
65,여성,5000,1,기혼,2,비흡연,없음,암,가족 생활비,없음,6,예산·보장 재검토
65,여성,5000,1,기혼,2,비흡연,없음,없음,가족 생활비,노후 자금,8,예산·보장 재검토
65,여성,5000,1,기혼,2,비흡연,없음,없음,유병자 보장,가족 생활비,12,수호천사 간편심사(유병자)보험
65,여성,5000,2,기혼,0,비흡연,고혈압,암,노후 자금,없음,6,예산·보장 재검토
65,여성,5000,2,기혼,1,비흡연,고혈압,심혈관,노후 자금,없음,8,예산·보장 재검토
65,여성,5000,2,기혼,2,흡연,없음,심혈관,노후 자금,가족 생활비,6,예산·보장 재검토
65,여성,5000,3,기혼,1,비흡연,없음,암,암·건강,유병자 보장,12,수호천사 암/건강보험
65,여성,6000,1,기혼,2,비흡연,고혈압,없음,유병자 보장,가족 생활비,12,수호천사 간편심사(유병자)보험
65,여성,6000,1,미혼,0,비흡연,없음,없음,암·건강,노후 자금,6,예산·보장 재검토
65,여성,6000,2,기혼,0,비흡연,고혈압,없음,유병자 보장,가족 생활비,10,예산·보장 재검토
65,여성,6000,3,미혼,0,비흡연,없음,없음,유병자 보장,노후 자금,8,예산·보장 재검토
65,여성,7500,1,기혼,0,비흡연,고혈압,없음,가족 생활비,없음,20,수호천사 우리가족 종신보험
65,여성,7500,1,기혼,0,비흡연,당뇨,암,암·건강,없음,6,예산·보장 재검토
65,여성,7500,1,기혼,0,비흡연,당뇨,없음,노후 자금,없음,12,수호천사 행복 연금보험
65,여성,7500,1,기혼,0,비흡연,없음,암,암·건강,없음,10,수호천사 암/건강보험
65,여성,7500,1,기혼,1,비흡연,당뇨,암,암·건강,가족 생활비,12,수호천사 암/건강보험
65,여성,7500,1,기혼,2,비흡연,고혈압,없음,노후 자금,없음,20,수호천사 행복 연금보험
65,여성,7500,1,기혼,2,비흡연,당뇨,없음,가족 생활비,노후 자금,10,예산·보장 재검토
65,여성,7500,2,기혼,0,흡연,고혈압,암,유병자 보장,없음,15,수호천사 간편심사(유병자)보험
65,여성,7500,3,기혼,1,비흡연,당뇨,없음,가족 생활비,없음,10,예산·보장 재검토
65,여성,9000,1,기혼,1,비흡연,없음,없음,가족 생활비,없음,12,예산·보장 재검토
65,여성,9000,2,기혼,0,비흡연,고혈압,없음,유병자 보장,없음,10,예산·보장 재검토
65,여성,9000,3,기혼,2,비흡연,없음,없음,가족 생활비,노후 자금,8,예산·보장 재검토
65,여성,12000,1,기혼,1,비흡연,없음,없음,가족 생활비,없음,6,예산·보장 재검토
65,여성,12000,1,기혼,1,비흡연,없음,없음,가족 생활비,없음,6,예산·보장 재검토
